Workbook

Sheet tropic_demos
A1: DEMO_LABEL | B1: DEMO_NAME | C1: NUMBER | D1: EXIT | E1: Objective | F1: Iterations | G1: ObjFuncEvals | H1: ObjGradEvals | I1: EqEvals | J1: IneqEvals | K1: EqJacEvals | L1: IneqJacEvals | M1: HessEvals | N1: ConstraintViolation | O1: CPU_IPOPT | P1: CPU_NLP | Q1: TROPIC_Elapsed | R1: Elapsed | S1: NumVariables | T1: NumEqConstraints | U1: NumIneqConstraints
A2: planar 7-DOF biped | B2: Amplify_main | C2: 1 | D2: Optimal Solution Found. | E2: 4.1215594 | F2: 101 | G2: 108 | H2: 102 | I2: 108 | J2: 108 | K2: 102 | L2: 102 | M2: 0 | N2: 3.7664957e-09 | O2: 1.378 | P2: 1.059 | Q2: 2.447787 | R2: 2.473283 | S2: 1404 | T2: 6 | U2: 1642
A3: planar 7-DOF biped | B3: Amplify_main | C3: 2 | D3: Optimal Solution Found. | E3: 4.1215594 | F3: 101 | G3: 108 | H3: 102 | I3: 108 | J3: 108 | K3: 102 | L3: 102 | M3: 0 | N3: 3.7664957e-09 | O3: 1.465 | P3: 1.04 | Q3: 2.509403 | R3: 2.52763 | S3: 1404 | T3: 6 | U3: 1642
A4: planar 7-DOF biped | B4: Amplify_main | C4: 3 | D4: Optimal Solution Found. | E4: 4.1215594 | F4: 101 | G4: 108 | H4: 102 | I4: 108 | J4: 108 | K4: 102 | L4: 102 | M4: 0 | N4: 3.7664957e-09 | O4: 1.313 | P4: 1.145 | Q4: 2.465624 | R4: 2.486273 | S4: 1404 | T4: 6 | U4: 1642
A5: planar 7-DOF biped | B5: Amplify_main | C5: 4 | D5: Optimal Solution Found. | E5: 4.1215594 | F5: 101 | G5: 108 | H5: 102 | I5: 108 | J5: 108 | K5: 102 | L5: 102 | M5: 0 | N5: 3.7664957e-09 | O5: 1.499 | P5: 1.196 | Q5: 2.703637 | R5: 2.724589 | S5: 1404 | T5: 6 | U5: 1642
A6: planar 7-DOF biped | B6: Amplify_main | C6: 5 | D6: Optimal Solution Found. | E6: 4.1215594 | F6: 101 | G6: 108 | H6: 102 | I6: 108 | J6: 108 | K6: 102 | L6: 102 | M6: 0 | N6: 3.7664957e-09 | O6: 1.419 | P6: 1.077 | Q6: 2.504114 | R6: 2.525758 | S6: 1404 | T6: 6 | U6: 1642
A7: planar 7-DOF biped | B7: Amplify_main | C7: 6 | D7: Optimal Solution Found. | E7: 4.1215594 | F7: 101 | G7: 108 | H7: 102 | I7: 108 | J7: 108 | K7: 102 | L7: 102 | M7: 0 | N7: 3.7664957e-09 | O7: 1.382 | P7: 1.137 | Q7: 2.527022 | R7: 2.548778 | S7: 1404 | T7: 6 | U7: 1642
A8: planar 7-DOF biped | B8: Amplify_main | C8: 7 | D8: Optimal Solution Found. | E8: 4.1215594 | F8: 101 | G8: 108 | H8: 102 | I8: 108 | J8: 108 | K8: 102 | L8: 102 | M8: 0 | N8: 3.7664957e-09 | O8: 1.516 | P8: 0.993 | Q8: 2.517734 | R8: 2.53983 | S8: 1404 | T8: 6 | U8: 1642
A9: planar 7-DOF biped | B9: Amplify_main | C9: 8 | D9: Optimal Solution Found. | E9: 4.1215594 | F9: 101 | G9: 108 | H9: 102 | I9: 108 | J9: 108 | K9: 102 | L9: 102 | M9: 0 | N9: 3.7664957e-09 | O9: 1.457 | P9: 1.184 | Q9: 2.650883 | R9: 2.673014 | S9: 1404 | T9: 6 | U9: 1642
A10: planar 7-DOF biped | B10: Amplify_main | C10: 9 | D10: Optimal Solution Found. | E10: 4.1215594 | F10: 101 | G10: 108 | H10: 102 | I10: 108 | J10: 108 | K10: 102 | L10: 102 | M10: 0 | N10: 3.7664957e-09 | O10: 2.175 | P10: 1.589 | Q10: 3.779875 | R10: 3.839468 | S10: 1404 | T10: 6 | U10: 1642
A11: planar 7-DOF biped | B11: Amplify_main | C11: 10 | D11: Optimal Solution Found. | E11: 4.1215594 | F11: 101 | G11: 108 | H11: 102 | I11: 108 | J11: 108 | K11: 102 | L11: 102 | M11: 0 | N11: 3.7664957e-09 | O11: 1.482 | P11: 1.078 | Q11: 2.567569 | R11: 2.588902 | S11: 1404 | T11: 6 | U11: 1642
A12: planar 7-DOF biped (zero tol) | B12: Amplify_main_zero_tol | C12: 1 | D12: Optimal Solution Found. | E12: 6.0928934 | F12: 793 | G12: 2026 | H12: 760 | I12: 2026 | J12: 2026 | K12: 811 | L12: 811 | M12: 0 | N12: 4.5536747e-06 | O12: 10.47 | P12: 9.514 | Q12: 19.995411 | R12: 20.016275 | S12: 1404 | T12: 1390 | U12: 258
A13: planar 7-DOF biped (zero tol) | B13: Amplify_main_zero_tol | C13: 2 | D13: Optimal Solution Found. | E13: 6.0928934 | F13: 793 | G13: 2026 | H13: 760 | I13: 2026 | J13: 2026 | K13: 811 | L13: 811 | M13: 0 | N13: 4.5536747e-06 | O13: 9.584 | P13: 9.096 | Q13: 18.689388 | R13: 18.70826 | S13: 1404 | T13: 1390 | U13: 258
... A31: planar 7-DOF biped (zero tol, no opts) | B31: Amplify_main_zero_tol_no_opts | C31: 10 | D31: Restoration Failed! | E31: 5.9227518 | F31: 1141 | G31: 3056 | H31: 1107 | I31: 3056 | J31: 3056 | K31: 1193 | L31: 1193 | M31: 1142 | N31: 1.4210855e-13 | O31: 138.835 | P31: 69.634 | Q31: 208.49036 | R31: 208.57887 | S31: 1404 | T31: 1390 | U31: 258

Sheet averages
A1: =tropic_demos!A1 -> DEMO_LABEL | B1: =tropic_demos!B1 -> DEMO_NAME | C1: =tropic_demos!C1 -> NUMBER | D1: =tropic_demos!D1 -> EXIT | E1: =tropic_demos!E1 -> Objective | F1: =tropic_demos!F1 -> Iterations | G1: =tropic_demos!G1 -> ObjFuncEvals | H1: =tropic_demos!H1 -> ObjGradEvals | ... U1: =tropic_demos!U1 -> NumIneqConstraints | W1: avg. elapsed time | X1: min elapsed time | Y1: max elapsed time | Z1: eval. Time | AA1: eval. Time min | AB1: eval. Time max
A2: {=INDEX(tropic_demos!A:A, (ROW()-2)*$C2+2)} -> planar 7-DOF biped | B2: {=INDEX(tropic_demos!B:B, (ROW()-2)*$C2+2)} -> Amplify_main | C2: =COUNTIF(tropic_demos!A:A, tropic_demos!A2) -> 10 | D2: {=INDEX(tropic_demos!D:D, (ROW()-2)*$C2+2)} -> Optimal Solution Found. | E2: =IFERROR(AVERAGE(INDEX(tropic_demos!E:E, (ROW()-2)*$C2+2):INDEX(tropic_demos!E:E, (ROW()-2)*$C2 + $C2+1)), "") -> 4.1215594 | F2: =IFERROR(AVERAGE(INDEX(tropic_demos!F:F, (ROW()-2)*$C2+2):INDEX(tropic_demos!F:F, (ROW()-2)*$C2 + $C2+1)), "") -> 101 | G2: =IFERROR(AVERAGE(INDEX(tropic_demos!G:G, (ROW()-2)*$C2+2):INDEX(tropic_demos!G:G, (ROW()-2)*$C2 + $C2+1)), "") -> 108 | H2: =IFERROR(AVERAGE(INDEX(tropic_demos!H:H, (ROW()-2)*$C2+2):INDEX(tropic_demos!H:H, (ROW()-2)*$C2 + $C2+1)), "") -> 102 | I2: =IFERROR(AVERAGE(INDEX(tropic_demos!I:I, (ROW()-2)*$C2+2):INDEX(tropic_demos!I:I, (ROW()-2)*$C2 + $C2+1)), "") -> 108 | J2: =IFERROR(AVERAGE(INDEX(tropic_demos!J:J, (ROW()-2)*$C2+2):INDEX(tropic_demos!J:J, (ROW()-2)*$C2 + $C2+1)), "") -> 108 | K2: =IFERROR(AVERAGE(INDEX(tropic_demos!K:K, (ROW()-2)*$C2+2):INDEX(tropic_demos!K:K, (ROW()-2)*$C2 + $C2+1)), "") -> 102 | L2: =IFERROR(AVERAGE(INDEX(tropic_demos!L:L, (ROW()-2)*$C2+2):INDEX(tropic_demos!L:L, (ROW()-2)*$C2 + $C2+1)), "") -> 102 | M2: =IFERROR(AVERAGE(INDEX(tropic_demos!M:M, (ROW()-2)*$C2+2):INDEX(tropic_demos!M:M, (ROW()-2)*$C2 + $C2+1)), "") -> 0 | N2: =IFERROR(AVERAGE(INDEX(tropic_demos!N:N, (ROW()-2)*$C2+2):INDEX(tropic_demos!N:N, (ROW()-2)*$C2 + $C2+1)), "") -> 3.7664957e-09 | O2: =IFERROR(AVERAGE(INDEX(tropic_demos!O:O, (ROW()-2)*$C2+2):INDEX(tropic_demos!O:O, (ROW()-2)*$C2 + $C2+1)), "") -> 1.5086 | P2: =IFERROR(AVERAGE(INDEX(tropic_demos!P:P, (ROW()-2)*$C2+2):INDEX(tropic_demos!P:P, (ROW()-2)*$C2 + $C2+1)), "") -> 1.1498 | Q2: =IFERROR(AVERAGE(INDEX(tropic_demos!Q:Q, (ROW()-2)*$C2+2):INDEX(tropic_demos!Q:Q, (ROW()-2)*$C2 + $C2+1)), "") -> 2.6673648 | R2: =IFERROR(AVERAGE(INDEX(tropic_demos!R:R, (ROW()-2)*$C2+2):INDEX(tropic_demos!R:R, (ROW()-2)*$C2 + $C2+1)), "") -> 2.6927525 | S2: =IFERROR(AVERAGE(INDEX(tropic_demos!S:S, (ROW()-2)*$C2+2):INDEX(tropic_demos!S:S, (ROW()-2)*$C2 + $C2+1)), "") -> 1404 | T2: =IFERROR(AVERAGE(INDEX(tropic_demos!T:T, (ROW()-2)*$C2+2):INDEX(tropic_demos!T:T, (ROW()-2)*$C2 + $C2+1)), "") -> 6 | U2: =IFERROR(AVERAGE(INDEX(tropic_demos!U:U, (ROW()-2)*$C2+2):INDEX(tropic_demos!U:U, (ROW()-2)*$C2 + $C2+1)), "") -> 1642 | W2: =IFERROR(R2, "") -> 2.6927525 | X2: =IFERROR(MIN(INDEX(tropic_demos!R:R, (ROW()-2)*$C2+2):INDEX(tropic_demos!R:R, (ROW()-2)*$C2 + $C2+1)), "") -> 2.473283 | Y2: =IFERROR(MAX(INDEX(tropic_demos!R:R, (ROW()-2)*$C2+2):INDEX(tropic_demos!R:R, (ROW()-2)*$C2 + $C2+1)), "") -> 3.839468 | Z2: =IFERROR(AVERAGE(INDEX(tropic_demos!P:P, (ROW()-2)*$C2+2):INDEX(tropic_demos!P:P, (ROW()-2)*$C2 + $C2+1)), "") -> 1.1498 | AA2: =IFERROR(MIN(INDEX(tropic_demos!P:P, (ROW()-2)*$C2+2):INDEX(tropic_demos!P:P, (ROW()-2)*$C2 + $C2+1)), "") -> 0.993 | AB2: =IFERROR(MAX(INDEX(tropic_demos!P:P, (ROW()-2)*$C2+2):INDEX(tropic_demos!P:P, (ROW()-2)*$C2 + $C2+1)), "") -> 1.589
A3: {=INDEX(tropic_demos!A:A, (ROW()-2)*$C3+2)} -> planar 7-DOF biped (zero tol) | B3: {=INDEX(tropic_demos!B:B, (ROW()-2)*$C3+2)} -> Amplify_main_zero_tol | C3: =COUNTIF(tropic_demos!A:A, tropic_demos!A3) -> 10 | D3: {=INDEX(tropic_demos!D:D, (ROW()-2)*$C3+2)} -> Optimal Solution Found. | E3: =IFERROR(AVERAGE(INDEX(tropic_demos!E:E, (ROW()-2)*$C3+2):INDEX(tropic_demos!E:E, (ROW()-2)*$C3 + $C3+1)), "") -> 6.0928934 | F3: =IFERROR(AVERAGE(INDEX(tropic_demos!F:F, (ROW()-2)*$C3+2):INDEX(tropic_demos!F:F, (ROW()-2)*$C3 + $C3+1)), "") -> 793 | G3: =IFERROR(AVERAGE(INDEX(tropic_demos!G:G, (ROW()-2)*$C3+2):INDEX(tropic_demos!G:G, (ROW()-2)*$C3 + $C3+1)), "") -> 2026 | H3: =IFERROR(AVERAGE(INDEX(tropic_demos!H:H, (ROW()-2)*$C3+2):INDEX(tropic_demos!H:H, (ROW()-2)*$C3 + $C3+1)), "") -> 760 | I3: =IFERROR(AVERAGE(INDEX(tropic_demos!I:I, (ROW()-2)*$C3+2):INDEX(tropic_demos!I:I, (ROW()-2)*$C3 + $C3+1)), "") -> 2026 | J3: =IFERROR(AVERAGE(INDEX(tropic_demos!J:J, (ROW()-2)*$C3+2):INDEX(tropic_demos!J:J, (ROW()-2)*$C3 + $C3+1)), "") -> 2026 | K3: =IFERROR(AVERAGE(INDEX(tropic_demos!K:K, (ROW()-2)*$C3+2):INDEX(tropic_demos!K:K, (ROW()-2)*$C3 + $C3+1)), "") -> 811 | L3: =IFERROR(AVERAGE(INDEX(tropic_demos!L:L, (ROW()-2)*$C3+2):INDEX(tropic_demos!L:L, (ROW()-2)*$C3 + $C3+1)), "") -> 811 | M3: =IFERROR(AVERAGE(INDEX(tropic_demos!M:M, (ROW()-2)*$C3+2):INDEX(tropic_demos!M:M, (ROW()-2)*$C3 + $C3+1)), "") -> 0 | N3: =IFERROR(AVERAGE(INDEX(tropic_demos!N:N, (ROW()-2)*$C3+2):INDEX(tropic_demos!N:N, (ROW()-2)*$C3 + $C3+1)), "") -> 4.5536747e-06 | O3: =IFERROR(AVERAGE(INDEX(tropic_demos!O:O, (ROW()-2)*$C3+2):INDEX(tropic_demos!O:O, (ROW()-2)*$C3 + $C3+1)), "") -> 9.7368 | P3: =IFERROR(AVERAGE(INDEX(tropic_demos!P:P, (ROW()-2)*$C3+2):INDEX(tropic_demos!P:P, (ROW()-2)*$C3 + $C3+1)), "") -> 9.2027 | Q3: =IFERROR(AVERAGE(INDEX(tropic_demos!Q:Q, (ROW()-2)*$C3+2):INDEX(tropic_demos!Q:Q, (ROW()-2)*$C3 + $C3+1)), "") -> 18.945684 | R3: =IFERROR(AVERAGE(INDEX(tropic_demos!R:R, (ROW()-2)*$C3+2):INDEX(tropic_demos!R:R, (ROW()-2)*$C3 + $C3+1)), "") -> 18.966076 | S3: =IFERROR(AVERAGE(INDEX(tropic_demos!S:S, (ROW()-2)*$C3+2):INDEX(tropic_demos!S:S, (ROW()-2)*$C3 + $C3+1)), "") -> 1404 | T3: =IFERROR(AVERAGE(INDEX(tropic_demos!T:T, (ROW()-2)*$C3+2):INDEX(tropic_demos!T:T, (ROW()-2)*$C3 + $C3+1)), "") -> 1390 | U3: =IFERROR(AVERAGE(INDEX(tropic_demos!U:U, (ROW()-2)*$C3+2):INDEX(tropic_demos!U:U, (ROW()-2)*$C3 + $C3+1)), "") -> 258 | W3: =IFERROR(R3, "") -> 18.966076 | X3: =IFERROR(MIN(INDEX(tropic_demos!R:R, (ROW()-2)*$C3+2):INDEX(tropic_demos!R:R, (ROW()-2)*$C3 + $C3+1)), "") -> 18.638433 | Y3: =IFERROR(MAX(INDEX(tropic_demos!R:R, (ROW()-2)*$C3+2):INDEX(tropic_demos!R:R, (ROW()-2)*$C3 + $C3+1)), "") -> 20.016275 | Z3: =IFERROR(AVERAGE(INDEX(tropic_demos!P:P, (ROW()-2)*$C3+2):INDEX(tropic_demos!P:P, (ROW()-2)*$C3 + $C3+1)), "") -> 9.2027 | AA3: =IFERROR(MIN(INDEX(tropic_demos!P:P, (ROW()-2)*$C3+2):INDEX(tropic_demos!P:P, (ROW()-2)*$C3 + $C3+1)), "") -> 8.873 | AB3: =IFERROR(MAX(INDEX(tropic_demos!P:P, (ROW()-2)*$C3+2):INDEX(tropic_demos!P:P, (ROW()-2)*$C3 + $C3+1)), "") -> 9.514
A4: {=INDEX(tropic_demos!A:A, (ROW()-2)*$C4+2)} -> planar 7-DOF biped (zero tol, no opts) | B4: {=INDEX(tropic_demos!B:B, (ROW()-2)*$C4+2)} -> Amplify_main_zero_tol_no_opts | C4: =COUNTIF(tropic_demos!A:A, tropic_demos!A4) -> 10 | D4: {=INDEX(tropic_demos!D:D, (ROW()-2)*$C4+2)} -> Restoration Failed! | E4: =IFERROR(AVERAGE(INDEX(tropic_demos!E:E, (ROW()-2)*$C4+2):INDEX(tropic_demos!E:E, (ROW()-2)*$C4 + $C4+1)), "") -> 5.9227518 | F4: =IFERROR(AVERAGE(INDEX(tropic_demos!F:F, (ROW()-2)*$C4+2):INDEX(tropic_demos!F:F, (ROW()-2)*$C4 + $C4+1)), "") -> 1141 | G4: =IFERROR(AVERAGE(INDEX(tropic_demos!G:G, (ROW()-2)*$C4+2):INDEX(tropic_demos!G:G, (ROW()-2)*$C4 + $C4+1)), "") -> 3056 | H4: =IFERROR(AVERAGE(INDEX(tropic_demos!H:H, (ROW()-2)*$C4+2):INDEX(tropic_demos!H:H, (ROW()-2)*$C4 + $C4+1)), "") -> 1107 | I4: =IFERROR(AVERAGE(INDEX(tropic_demos!I:I, (ROW()-2)*$C4+2):INDEX(tropic_demos!I:I, (ROW()-2)*$C4 + $C4+1)), "") -> 3056 | J4: =IFERROR(AVERAGE(INDEX(tropic_demos!J:J, (ROW()-2)*$C4+2):INDEX(tropic_demos!J:J, (ROW()-2)*$C4 + $C4+1)), "") -> 3056 | K4: =IFERROR(AVERAGE(INDEX(tropic_demos!K:K, (ROW()-2)*$C4+2):INDEX(tropic_demos!K:K, (ROW()-2)*$C4 + $C4+1)), "") -> 1193 | L4: =IFERROR(AVERAGE(INDEX(tropic_demos!L:L, (ROW()-2)*$C4+2):INDEX(tropic_demos!L:L, (ROW()-2)*$C4 + $C4+1)), "") -> 1193 | M4: =IFERROR(AVERAGE(INDEX(tropic_demos!M:M, (ROW()-2)*$C4+2):INDEX(tropic_demos!M:M, (ROW()-2)*$C4 + $C4+1)), "") -> 1142 | N4: =IFERROR(AVERAGE(INDEX(tropic_demos!N:N, (ROW()-2)*$C4+2):INDEX(tropic_demos!N:N, (ROW()-2)*$C4 + $C4+1)), "") -> 1.4210855e-13 | O4: =IFERROR(AVERAGE(INDEX(tropic_demos!O:O, (ROW()-2)*$C4+2):INDEX(tropic_demos!O:O, (ROW()-2)*$C4 + $C4+1)), "") -> 137.6191 | P4: =IFERROR(AVERAGE(INDEX(tropic_demos!P:P, (ROW()-2)*$C4+2):INDEX(tropic_demos!P:P, (ROW()-2)*$C4 + $C4+1)), "") -> 69.762 | Q4: =IFERROR(AVERAGE(INDEX(tropic_demos!Q:Q, (ROW()-2)*$C4+2):INDEX(tropic_demos!Q:Q, (ROW()-2)*$C4 + $C4+1)), "") -> 207.3925 | R4: =IFERROR(AVERAGE(INDEX(tropic_demos!R:R, (ROW()-2)*$C4+2):INDEX(tropic_demos!R:R, (ROW()-2)*$C4 + $C4+1)), "") -> 207.48003 | S4: =IFERROR(AVERAGE(INDEX(tropic_demos!S:S, (ROW()-2)*$C4+2):INDEX(tropic_demos!S:S, (ROW()-2)*$C4 + $C4+1)), "") -> 1404 | T4: =IFERROR(AVERAGE(INDEX(tropic_demos!T:T, (ROW()-2)*$C4+2):INDEX(tropic_demos!T:T, (ROW()-2)*$C4 + $C4+1)), "") -> 1390 | U4: =IFERROR(AVERAGE(INDEX(tropic_demos!U:U, (ROW()-2)*$C4+2):INDEX(tropic_demos!U:U, (ROW()-2)*$C4 + $C4+1)), "") -> 258 | W4: =IFERROR(R4, "") -> 207.48003 | X4: =IFERROR(MIN(INDEX(tropic_demos!R:R, (ROW()-2)*$C4+2):INDEX(tropic_demos!R:R, (ROW()-2)*$C4 + $C4+1)), "") -> 204.79609 | Y4: =IFERROR(MAX(INDEX(tropic_demos!R:R, (ROW()-2)*$C4+2):INDEX(tropic_demos!R:R, (ROW()-2)*$C4 + $C4+1)), "") -> 212.44539 | Z4: =IFERROR(AVERAGE(INDEX(tropic_demos!P:P, (ROW()-2)*$C4+2):INDEX(tropic_demos!P:P, (ROW()-2)*$C4 + $C4+1)), "") -> 69.762 | AA4: =IFERROR(MIN(INDEX(tropic_demos!P:P, (ROW()-2)*$C4+2):INDEX(tropic_demos!P:P, (ROW()-2)*$C4 + $C4+1)), "") -> 68.318 | AB4: =IFERROR(MAX(INDEX(tropic_demos!P:P, (ROW()-2)*$C4+2):INDEX(tropic_demos!P:P, (ROW()-2)*$C4 + $C4+1)), "") -> 70.931

Sheet std. dev
A1: =tropic_demos!A1 -> DEMO_LABEL | B1: =tropic_demos!B1 -> DEMO_NAME | C1: =tropic_demos!C1 -> NUMBER | D1: =tropic_demos!D1 -> EXIT | E1: =tropic_demos!E1 -> Objective | F1: =tropic_demos!F1 -> Iterations | G1: =tropic_demos!G1 -> ObjFuncEvals | H1: =tropic_demos!H1 -> ObjGradEvals | ... U1: =tropic_demos!U1 -> NumIneqConstraints | W1: avg. elapsed time | X1: eval. Time
A2: {=INDEX(tropic_demos!A:A, (ROW()-2)*$C2+2)} -> planar 7-DOF biped | B2: {=INDEX(tropic_demos!B:B, (ROW()-2)*$C2+2)} -> Amplify_main | C2: =COUNTIF(tropic_demos!A:A, tropic_demos!A2) -> 10 | D2: {=INDEX(tropic_demos!D:D, (ROW()-2)*$C2+2)} -> Optimal Solution Found. | E2: =IFERROR(_xlfn.STDEV.S(INDEX(tropic_demos!E:E, (ROW()-2)*averages!$C2+2):INDEX(tropic_demos!E:E, (ROW()-2)*averages!$C2+averages!$C2+1)), "") -> 9.3622226e-16 | F2: =IFERROR(_xlfn.STDEV.S(INDEX(tropic_demos!F:F, (ROW()-2)*averages!$C2+2):INDEX(tropic_demos!F:F, (ROW()-2)*averages!$C2+averages!$C2+1)), "") -> 0 | G2: =IFERROR(_xlfn.STDEV.S(INDEX(tropic_demos!G:G, (ROW()-2)*averages!$C2+2):INDEX(tropic_demos!G:G, (ROW()-2)*averages!$C2+averages!$C2+1)), "") -> 0 | H2: =IFERROR(_xlfn.STDEV.S(INDEX(tropic_demos!H:H, (ROW()-2)*averages!$C2+2):INDEX(tropic_demos!H:H, (ROW()-2)*averages!$C2+averages!$C2+1)), "") -> 0 | I2: =IFERROR(_xlfn.STDEV.S(INDEX(tropic_demos!I:I, (ROW()-2)*averages!$C2+2):INDEX(tropic_demos!I:I, (ROW()-2)*averages!$C2+averages!$C2+1)), "") -> 0 | J2: =IFERROR(_xlfn.STDEV.S(INDEX(tropic_demos!J:J, (ROW()-2)*averages!$C2+2):INDEX(tropic_demos!J:J, (ROW()-2)*averages!$C2+averages!$C2+1)), "") -> 0 | K2: =IFERROR(_xlfn.STDEV.S(INDEX(tropic_demos!K:K, (ROW()-2)*averages!$C2+2):INDEX(tropic_demos!K:K, (ROW()-2)*averages!$C2+averages!$C2+1)), "") -> 0 | L2: =IFERROR(_xlfn.STDEV.S(INDEX(tropic_demos!L:L, (ROW()-2)*averages!$C2+2):INDEX(tropic_demos!L:L, (ROW()-2)*averages!$C2+averages!$C2+1)), "") -> 0 | M2: =IFERROR(_xlfn.STDEV.S(INDEX(tropic_demos!M:M, (ROW()-2)*averages!$C2+2):INDEX(tropic_demos!M:M, (ROW()-2)*averages!$C2+averages!$C2+1)), "") -> 0 | N2: =IFERROR(_xlfn.STDEV.S(INDEX(tropic_demos!N:N, (ROW()-2)*averages!$C2+2):INDEX(tropic_demos!N:N, (ROW()-2)*averages!$C2+averages!$C2+1)), "") -> 0 | O2: =IFERROR(_xlfn.STDEV.S(INDEX(tropic_demos!O:O, (ROW()-2)*averages!$C2+2):INDEX(tropic_demos!O:O, (ROW()-2)*averages!$C2+averages!$C2+1)), "") -> 0.24241342 | P2: =IFERROR(_xlfn.STDEV.S(INDEX(tropic_demos!P:P, (ROW()-2)*averages!$C2+2):INDEX(tropic_demos!P:P, (ROW()-2)*averages!$C2+averages!$C2+1)), "") -> 0.16724221 | Q2: =IFERROR(_xlfn.STDEV.S(INDEX(tropic_demos!Q:Q, (ROW()-2)*averages!$C2+2):INDEX(tropic_demos!Q:Q, (ROW()-2)*averages!$C2+averages!$C2+1)), "") -> 0.39886331 | R2: =IFERROR(_xlfn.STDEV.S(INDEX(tropic_demos!R:R, (ROW()-2)*averages!$C2+2):INDEX(tropic_demos!R:R, (ROW()-2)*averages!$C2+averages!$C2+1)), "") -> 0.41058383 | S2: =IFERROR(_xlfn.STDEV.S(INDEX(tropic_demos!S:S, (ROW()-2)*averages!$C2+2):INDEX(tropic_demos!S:S, (ROW()-2)*averages!$C2+averages!$C2+1)), "") -> 0 | T2: =IFERROR(_xlfn.STDEV.S(INDEX(tropic_demos!T:T, (ROW()-2)*averages!$C2+2):INDEX(tropic_demos!T:T, (ROW()-2)*averages!$C2+averages!$C2+1)), "") -> 0 | U2: =IFERROR(_xlfn.STDEV.S(INDEX(tropic_demos!U:U, (ROW()-2)*averages!$C2+2):INDEX(tropic_demos!U:U, (ROW()-2)*averages!$C2+averages!$C2+1)), "") -> 0 | W2: =R2 -> 0.41058383 | X2: =P2 -> 0.16724221
A3: {=INDEX(tropic_demos!A:A, (ROW()-2)*$C3+2)} -> planar 7-DOF biped (zero tol) | B3: {=INDEX(tropic_demos!B:B, (ROW()-2)*$C3+2)} -> Amplify_main_zero_tol | C3: =COUNTIF(tropic_demos!A:A, tropic_demos!A3) -> 10 | D3: {=INDEX(tropic_demos!D:D, (ROW()-2)*$C3+2)} -> Optimal Solution Found. | E3: =IFERROR(_xlfn.STDEV.S(INDEX(tropic_demos!E:E, (ROW()-2)*averages!$C3+2):INDEX(tropic_demos!E:E, (ROW()-2)*averages!$C3+averages!$C3+1)), "") -> 9.3622226e-16 | F3: =IFERROR(_xlfn.STDEV.S(INDEX(tropic_demos!F:F, (ROW()-2)*averages!$C3+2):INDEX(tropic_demos!F:F, (ROW()-2)*averages!$C3+averages!$C3+1)), "") -> 0 | G3: =IFERROR(_xlfn.STDEV.S(INDEX(tropic_demos!G:G, (ROW()-2)*averages!$C3+2):INDEX(tropic_demos!G:G, (ROW()-2)*averages!$C3+averages!$C3+1)), "") -> 0 | H3: =IFERROR(_xlfn.STDEV.S(INDEX(tropic_demos!H:H, (ROW()-2)*averages!$C3+2):INDEX(tropic_demos!H:H, (ROW()-2)*averages!$C3+averages!$C3+1)), "") -> 0 | I3: =IFERROR(_xlfn.STDEV.S(INDEX(tropic_demos!I:I, (ROW()-2)*averages!$C3+2):INDEX(tropic_demos!I:I, (ROW()-2)*averages!$C3+averages!$C3+1)), "") -> 0 | J3: =IFERROR(_xlfn.STDEV.S(INDEX(tropic_demos!J:J, (ROW()-2)*averages!$C3+2):INDEX(tropic_demos!J:J, (ROW()-2)*averages!$C3+averages!$C3+1)), "") -> 0 | K3: =IFERROR(_xlfn.STDEV.S(INDEX(tropic_demos!K:K, (ROW()-2)*averages!$C3+2):INDEX(tropic_demos!K:K, (ROW()-2)*averages!$C3+averages!$C3+1)), "") -> 0 | L3: =IFERROR(_xlfn.STDEV.S(INDEX(tropic_demos!L:L, (ROW()-2)*averages!$C3+2):INDEX(tropic_demos!L:L, (ROW()-2)*averages!$C3+averages!$C3+1)), "") -> 0 | M3: =IFERROR(_xlfn.STDEV.S(INDEX(tropic_demos!M:M, (ROW()-2)*averages!$C3+2):INDEX(tropic_demos!M:M, (ROW()-2)*averages!$C3+averages!$C3+1)), "") -> 0 | N3: =IFERROR(_xlfn.STDEV.S(INDEX(tropic_demos!N:N, (ROW()-2)*averages!$C3+2):INDEX(tropic_demos!N:N, (ROW()-2)*averages!$C3+averages!$C3+1)), "") -> 0 | O3: =IFERROR(_xlfn.STDEV.S(INDEX(tropic_demos!O:O, (ROW()-2)*averages!$C3+2):INDEX(tropic_demos!O:O, (ROW()-2)*averages!$C3+averages!$C3+1)), "") -> 0.32600845 | P3: =IFERROR(_xlfn.STDEV.S(INDEX(tropic_demos!P:P, (ROW()-2)*averages!$C3+2):INDEX(tropic_demos!P:P, (ROW()-2)*averages!$C3+averages!$C3+1)), "") -> 0.20846052 | Q3: =IFERROR(_xlfn.STDEV.S(INDEX(tropic_demos!Q:Q, (ROW()-2)*averages!$C3+2):INDEX(tropic_demos!Q:Q, (ROW()-2)*averages!$C3+averages!$C3+1)), "") -> 0.44318294 | R3: =IFERROR(_xlfn.STDEV.S(INDEX(tropic_demos!R:R, (ROW()-2)*averages!$C3+2):INDEX(tropic_demos!R:R, (ROW()-2)*averages!$C3+averages!$C3+1)), "") -> 0.44364197 | S3: =IFERROR(_xlfn.STDEV.S(INDEX(tropic_demos!S:S, (ROW()-2)*averages!$C3+2):INDEX(tropic_demos!S:S, (ROW()-2)*averages!$C3+averages!$C3+1)), "") -> 0 | T3: =IFERROR(_xlfn.STDEV.S(INDEX(tropic_demos!T:T, (ROW()-2)*averages!$C3+2):INDEX(tropic_demos!T:T, (ROW()-2)*averages!$C3+averages!$C3+1)), "") -> 0 | U3: =IFERROR(_xlfn.STDEV.S(INDEX(tropic_demos!U:U, (ROW()-2)*averages!$C3+2):INDEX(tropic_demos!U:U, (ROW()-2)*averages!$C3+averages!$C3+1)), "") -> 0 | W3: =R3 -> 0.44364197 | X3: =P3 -> 0.20846052
A4: {=INDEX(tropic_demos!A:A, (ROW()-2)*$C4+2)} -> planar 7-DOF biped (zero tol, no opts) | B4: {=INDEX(tropic_demos!B:B, (ROW()-2)*$C4+2)} -> Amplify_main_zero_tol_no_opts | C4: =COUNTIF(tropic_demos!A:A, tropic_demos!A4) -> 10 | D4: {=INDEX(tropic_demos!D:D, (ROW()-2)*$C4+2)} -> Restoration Failed! | E4: =IFERROR(_xlfn.STDEV.S(INDEX(tropic_demos!E:E, (ROW()-2)*averages!$C4+2):INDEX(tropic_demos!E:E, (ROW()-2)*averages!$C4+averages!$C4+1)), "") -> 9.3622226e-16 | F4: =IFERROR(_xlfn.STDEV.S(INDEX(tropic_demos!F:F, (ROW()-2)*averages!$C4+2):INDEX(tropic_demos!F:F, (ROW()-2)*averages!$C4+averages!$C4+1)), "") -> 0 | G4: =IFERROR(_xlfn.STDEV.S(INDEX(tropic_demos!G:G, (ROW()-2)*averages!$C4+2):INDEX(tropic_demos!G:G, (ROW()-2)*averages!$C4+averages!$C4+1)), "") -> 0 | H4: =IFERROR(_xlfn.STDEV.S(INDEX(tropic_demos!H:H, (ROW()-2)*averages!$C4+2):INDEX(tropic_demos!H:H, (ROW()-2)*averages!$C4+averages!$C4+1)), "") -> 0 | I4: =IFERROR(_xlfn.STDEV.S(INDEX(tropic_demos!I:I, (ROW()-2)*averages!$C4+2):INDEX(tropic_demos!I:I, (ROW()-2)*averages!$C4+averages!$C4+1)), "") -> 0 | J4: =IFERROR(_xlfn.STDEV.S(INDEX(tropic_demos!J:J, (ROW()-2)*averages!$C4+2):INDEX(tropic_demos!J:J, (ROW()-2)*averages!$C4+averages!$C4+1)), "") -> 0 | K4: =IFERROR(_xlfn.STDEV.S(INDEX(tropic_demos!K:K, (ROW()-2)*averages!$C4+2):INDEX(tropic_demos!K:K, (ROW()-2)*averages!$C4+averages!$C4+1)), "") -> 0 | L4: =IFERROR(_xlfn.STDEV.S(INDEX(tropic_demos!L:L, (ROW()-2)*averages!$C4+2):INDEX(tropic_demos!L:L, (ROW()-2)*averages!$C4+averages!$C4+1)), "") -> 0 | M4: =IFERROR(_xlfn.STDEV.S(INDEX(tropic_demos!M:M, (ROW()-2)*averages!$C4+2):INDEX(tropic_demos!M:M, (ROW()-2)*averages!$C4+averages!$C4+1)), "") -> 0 | N4: =IFERROR(_xlfn.STDEV.S(INDEX(tropic_demos!N:N, (ROW()-2)*averages!$C4+2):INDEX(tropic_demos!N:N, (ROW()-2)*averages!$C4+averages!$C4+1)), "") -> 0 | O4: =IFERROR(_xlfn.STDEV.S(INDEX(tropic_demos!O:O, (ROW()-2)*averages!$C4+2):INDEX(tropic_demos!O:O, (ROW()-2)*averages!$C4+averages!$C4+1)), "") -> 2.1540792 | P4: =IFERROR(_xlfn.STDEV.S(INDEX(tropic_demos!P:P, (ROW()-2)*averages!$C4+2):INDEX(tropic_demos!P:P, (ROW()-2)*averages!$C4+averages!$C4+1)), "") -> 0.796659 | Q4: =IFERROR(_xlfn.STDEV.S(INDEX(tropic_demos!Q:Q, (ROW()-2)*averages!$C4+2):INDEX(tropic_demos!Q:Q, (ROW()-2)*averages!$C4+averages!$C4+1)), "") -> 2.4584023 | R4: =IFERROR(_xlfn.STDEV.S(INDEX(tropic_demos!R:R, (ROW()-2)*averages!$C4+2):INDEX(tropic_demos!R:R, (ROW()-2)*averages!$C4+averages!$C4+1)), "") -> 2.4590701 | S4: =IFERROR(_xlfn.STDEV.S(INDEX(tropic_demos!S:S, (ROW()-2)*averages!$C4+2):INDEX(tropic_demos!S:S, (ROW()-2)*averages!$C4+averages!$C4+1)), "") -> 0 | T4: =IFERROR(_xlfn.STDEV.S(INDEX(tropic_demos!T:T, (ROW()-2)*averages!$C4+2):INDEX(tropic_demos!T:T, (ROW()-2)*averages!$C4+averages!$C4+1)), "") -> 0 | U4: =IFERROR(_xlfn.STDEV.S(INDEX(tropic_demos!U:U, (ROW()-2)*averages!$C4+2):INDEX(tropic_demos!U:U, (ROW()-2)*averages!$C4+averages!$C4+1)), "") -> 0 | W4: =R4 -> 2.4590701 | X4: =P4 -> 0.796659

Sheet table_tc
A1: Demo | B1: Library | C1: Solver | D1: ODE | E1: Objective | F1: Wall Time | G1: Wall Time Min | H1: Wall Time Max | I1: Wall Time Std. Dev | J1: Eval. Time | K1: Eval. Time Min | L1: Eval. Time Max | M1: Eval. Time Std. Dev. | N1: Iterations | O1: Variables | P1: Eq. Constr. | Q1: Ineq. Constr. | R1: Note | S1: Order
A2: Five-Link Biped (7 DOF) | B2: TROPIC | C2: Ipopt 3.12.3 | D2: HS | E2: =averages!E2 -> 4.1215594 | F2: =averages!W2 -> 2.6927525 | G2: =averages!X2 -> 2.473283 | H2: =averages!Y2 -> 3.839468 | I2: ='std. dev'!W2 -> 0.41058383 | J2: =averages!Z2 -> 1.1498 | K2: =averages!AA2 -> 0.993 | L2: =averages!AB2 -> 1.589 | M2: ='std. dev'!X2 -> 0.16724221 | N2: =averages!F2 -> 101 | O2: =averages!S2 -> 1404 | P2: =averages!T2 -> 6 | Q2: =averages!U2 -> 1642 | R2: TROPIC defaults with $\epsilon$ constraints | S2: 1.1
A3: Five-Link Biped (7 DOF) | B3: TROPIC | C3: Ipopt 3.12.3 | D3: HS | E3: =averages!E3 -> 6.0928934 | F3: =averages!W3 -> 18.966076 | G3: =averages!X3 -> 18.638433 | H3: =averages!Y3 -> 20.016275 | I3: ='std. dev'!W3 -> 0.44364197 | J3: =averages!Z3 -> 9.2027 | K3: =averages!AA3 -> 8.873 | L3: =averages!AB3 -> 9.514 | M3: ='std. dev'!X3 -> 0.20846052 | N3: =averages!F3 -> 793 | O3: =averages!S3 -> 1404 | P3: =averages!T3 -> 1390 | Q3: =averages!U3 -> 258 | R3: TROPIC defaults with equality constraints | S3: 2.1
A4: Five-Link Biped (7 DOF) | B4: TROPIC | C4: Ipopt 3.12.3 | D4: HS | E4: =averages!E4 -> 5.9227518 | F4: =averages!W4 -> 207.48003 | G4: =averages!X4 -> 204.79609 | H4: =averages!Y4 -> 212.44539 | I4: ='std. dev'!W4 -> 2.4590701 | J4: =averages!Z4 -> 69.762 | K4: =averages!AA4 -> 68.318 | L4: =averages!AB4 -> 70.931 | M4: ='std. dev'!X4 -> 0.796659 | N4: =averages!F4 -> 1141 | O4: =averages!S4 -> 1404 | P4: =averages!T4 -> 1390 | Q4: =averages!U4 -> 258 | R4: Ipopt defaults with equality constraints | S4: 3.1
