Workbook

Sheet optimtraj_demos
A1: DEMO_LABEL | B1: DEMO_NAME | C1: NUMBER | D1: exitFlag | E1: objVal | F1: iterations | G1: funcCount | H1: constrviolation | I1: nlpTime | J1: Elapsed_time | K1: nvars | L1: nceq | M1: ncineq | N1: nzbnd
A2: acrobot | B2: Amplify_MAIN | C2: 1 | D2: 1 | E2: 38.9608 | F2: 55 | G2: 5808 | H2: 5.0449e-13 | I2: 1.9058 | J2: 2.067139 | K2: 102 | L2: 76 | M2: 0 | N2: 102
A3: acrobot | B3: Amplify_MAIN | C3: 2 | D3: 1 | E3: 38.9608 | F3: 55 | G3: 5808 | H3: 5.0449e-13 | I3: 0.5135 | J3: 0.565118 | K3: 102 | L3: 76 | M3: 0 | N3: 102
A4: acrobot | B4: Amplify_MAIN | C4: 3 | D4: 1 | E4: 38.9608 | F4: 55 | G4: 5808 | H4: 5.0449e-13 | I4: 0.4213 | J4: 0.476913 | K4: 102 | L4: 76 | M4: 0 | N4: 102
A5: acrobot | B5: Amplify_MAIN | C5: 4 | D5: 1 | E5: 38.9608 | F5: 55 | G5: 5808 | H5: 5.0449e-13 | I5: 0.4326 | J5: 0.49314 | K5: 102 | L5: 76 | M5: 0 | N5: 102
A6: acrobot | B6: Amplify_MAIN | C6: 5 | D6: 1 | E6: 38.9608 | F6: 55 | G6: 5808 | H6: 5.0449e-13 | I6: 0.5419 | J6: 0.601859 | K6: 102 | L6: 76 | M6: 0 | N6: 102
A7: acrobot | B7: Amplify_MAIN | C7: 6 | D7: 1 | E7: 38.9608 | F7: 55 | G7: 5808 | H7: 5.0449e-13 | I7: 0.4413 | J7: 0.492259 | K7: 102 | L7: 76 | M7: 0 | N7: 102
A8: acrobot | B8: Amplify_MAIN | C8: 7 | D8: 1 | E8: 38.9608 | F8: 55 | G8: 5808 | H8: 5.0449e-13 | I8: 0.4368 | J8: 0.492385 | K8: 102 | L8: 76 | M8: 0 | N8: 102
A9: acrobot | B9: Amplify_MAIN | C9: 8 | D9: 1 | E9: 38.9608 | F9: 55 | G9: 5808 | H9: 5.0449e-13 | I9: 0.4174 | J9: 0.467477 | K9: 102 | L9: 76 | M9: 0 | N9: 102
A10: acrobot | B10: Amplify_MAIN | C10: 9 | D10: 1 | E10: 38.9608 | F10: 55 | G10: 5808 | H10: 5.0449e-13 | I10: 0.3889 | J10: 0.437848 | K10: 102 | L10: 76 | M10: 0 | N10: 102
A11: acrobot | B11: Amplify_MAIN | C11: 10 | D11: 1 | E11: 38.9608 | F11: 55 | G11: 5808 | H11: 5.0449e-13 | I11: 0.3829 | J11: 0.432554 | K11: 102 | L11: 76 | M11: 0 | N11: 102
A12: cart-pole (min force) | B12: Amplify_MAIN_minForce | C12: 1 | D12: 1 | E12: 229.2913 | F12: 38 | G12: 5976 | H12: 3.4239e-13 | I12: 0.4166 | J12: 0.455251 | K12: 152 | L12: 116 | M12: 0 | N12: 152
A13: cart-pole (min force) | B13: Amplify_MAIN_minForce | C13: 2 | D13: 1 | E13: 229.2913 | F13: 38 | G13: 5976 | H13: 3.4239e-13 | I13: 0.405 | J13: 0.441281 | K13: 152 | L13: 116 | M13: 0 | N13: 152
... A51: moving block | B51: Amplify_MAIN_forceSquared | C51: 10 | D51: 1 | E51: 12.0559 | F51: 19 | G51: 20 | H51: 1.5959e-16 | I51: 0.042 | J51: 0.050126 | K51: 92 | L51: 58 | M51: 0 | N51: 92

Sheet averages
A1: =optimtraj_demos!A1 -> DEMO_LABEL | B1: =optimtraj_demos!B1 -> DEMO_NAME | C1: =optimtraj_demos!C1 -> NUMBER | D1: =optimtraj_demos!D1 -> exitFlag | E1: =optimtraj_demos!E1 -> objVal | F1: =optimtraj_demos!F1 -> iterations | G1: =optimtraj_demos!G1 -> funcCount | H1: =optimtraj_demos!H1 -> constrviolation | ... N1: =optimtraj_demos!N1 -> nzbnd | P1: avg. elapsed time | Q1: min elapsed time | R1: max elapsed time
A2: {=INDEX(optimtraj_demos!A:A, (ROW()-2)*$C2+2)} -> acrobot | B2: {=INDEX(optimtraj_demos!B:B, (ROW()-2)*$C2+2)} -> Amplify_MAIN | C2: =COUNTIF(optimtraj_demos!A:A, optimtraj_demos!A2) -> 10 | D2: =IFERROR(AVERAGE(INDEX(optimtraj_demos!D:D, (ROW()-2)*$C2+2):INDEX(optimtraj_demos!D:D, (ROW()-2)*$C2 + $C2+1)), "") -> 1 | E2: =IFERROR(AVERAGE(INDEX(optimtraj_demos!E:E, (ROW()-2)*$C2+2):INDEX(optimtraj_demos!E:E, (ROW()-2)*$C2 + $C2+1)), "") -> 38.9608 | F2: =IFERROR(AVERAGE(INDEX(optimtraj_demos!F:F, (ROW()-2)*$C2+2):INDEX(optimtraj_demos!F:F, (ROW()-2)*$C2 + $C2+1)), "") -> 55 | G2: =IFERROR(AVERAGE(INDEX(optimtraj_demos!G:G, (ROW()-2)*$C2+2):INDEX(optimtraj_demos!G:G, (ROW()-2)*$C2 + $C2+1)), "") -> 5808 | H2: =IFERROR(AVERAGE(INDEX(optimtraj_demos!H:H, (ROW()-2)*$C2+2):INDEX(optimtraj_demos!H:H, (ROW()-2)*$C2 + $C2+1)), "") -> 5.0449e-13 | I2: =IFERROR(AVERAGE(INDEX(optimtraj_demos!I:I, (ROW()-2)*$C2+2):INDEX(optimtraj_demos!I:I, (ROW()-2)*$C2 + $C2+1)), "") -> 0.58824 | J2: =IFERROR(AVERAGE(INDEX(optimtraj_demos!J:J, (ROW()-2)*$C2+2):INDEX(optimtraj_demos!J:J, (ROW()-2)*$C2 + $C2+1)), "") -> 0.6526692 | K2: =IFERROR(AVERAGE(INDEX(optimtraj_demos!K:K, (ROW()-2)*$C2+2):INDEX(optimtraj_demos!K:K, (ROW()-2)*$C2 + $C2+1)), "") -> 102 | L2: =IFERROR(AVERAGE(INDEX(optimtraj_demos!L:L, (ROW()-2)*$C2+2):INDEX(optimtraj_demos!L:L, (ROW()-2)*$C2 + $C2+1)), "") -> 76 | M2: =IFERROR(AVERAGE(INDEX(optimtraj_demos!M:M, (ROW()-2)*$C2+2):INDEX(optimtraj_demos!M:M, (ROW()-2)*$C2 + $C2+1)), "") -> 0 | N2: =IFERROR(AVERAGE(INDEX(optimtraj_demos!N:N, (ROW()-2)*$C2+2):INDEX(optimtraj_demos!N:N, (ROW()-2)*$C2 + $C2+1)), "") -> 102 | P2: =IFERROR(J2, "") -> 0.6526692 | Q2: =IFERROR(MIN(INDEX(optimtraj_demos!J:J, (ROW()-2)*$C2+2):INDEX(optimtraj_demos!J:J, (ROW()-2)*$C2 + $C2+1)), "") -> 0.432554 | R2: =IFERROR(MAX(INDEX(optimtraj_demos!J:J, (ROW()-2)*$C2+2):INDEX(optimtraj_demos!J:J, (ROW()-2)*$C2 + $C2+1)), "") -> 2.067139
A3: {=INDEX(optimtraj_demos!A:A, (ROW()-2)*$C3+2)} -> cart-pole (min force) | B3: {=INDEX(optimtraj_demos!B:B, (ROW()-2)*$C3+2)} -> Amplify_MAIN_minForce | C3: =COUNTIF(optimtraj_demos!A:A, optimtraj_demos!A3) -> 10 | D3: =IFERROR(AVERAGE(INDEX(optimtraj_demos!D:D, (ROW()-2)*$C3+2):INDEX(optimtraj_demos!D:D, (ROW()-2)*$C3 + $C3+1)), "") -> 1 | E3: =IFERROR(AVERAGE(INDEX(optimtraj_demos!E:E, (ROW()-2)*$C3+2):INDEX(optimtraj_demos!E:E, (ROW()-2)*$C3 + $C3+1)), "") -> 229.2913 | F3: =IFERROR(AVERAGE(INDEX(optimtraj_demos!F:F, (ROW()-2)*$C3+2):INDEX(optimtraj_demos!F:F, (ROW()-2)*$C3 + $C3+1)), "") -> 38 | G3: =IFERROR(AVERAGE(INDEX(optimtraj_demos!G:G, (ROW()-2)*$C3+2):INDEX(optimtraj_demos!G:G, (ROW()-2)*$C3 + $C3+1)), "") -> 5976 | H3: =IFERROR(AVERAGE(INDEX(optimtraj_demos!H:H, (ROW()-2)*$C3+2):INDEX(optimtraj_demos!H:H, (ROW()-2)*$C3 + $C3+1)), "") -> 3.4239e-13 | I3: =IFERROR(AVERAGE(INDEX(optimtraj_demos!I:I, (ROW()-2)*$C3+2):INDEX(optimtraj_demos!I:I, (ROW()-2)*$C3 + $C3+1)), "") -> 0.39046 | J3: =IFERROR(AVERAGE(INDEX(optimtraj_demos!J:J, (ROW()-2)*$C3+2):INDEX(optimtraj_demos!J:J, (ROW()-2)*$C3 + $C3+1)), "") -> 0.4294713 | K3: =IFERROR(AVERAGE(INDEX(optimtraj_demos!K:K, (ROW()-2)*$C3+2):INDEX(optimtraj_demos!K:K, (ROW()-2)*$C3 + $C3+1)), "") -> 152 | L3: =IFERROR(AVERAGE(INDEX(optimtraj_demos!L:L, (ROW()-2)*$C3+2):INDEX(optimtraj_demos!L:L, (ROW()-2)*$C3 + $C3+1)), "") -> 116 | M3: =IFERROR(AVERAGE(INDEX(optimtraj_demos!M:M, (ROW()-2)*$C3+2):INDEX(optimtraj_demos!M:M, (ROW()-2)*$C3 + $C3+1)), "") -> 0 | N3: =IFERROR(AVERAGE(INDEX(optimtraj_demos!N:N, (ROW()-2)*$C3+2):INDEX(optimtraj_demos!N:N, (ROW()-2)*$C3 + $C3+1)), "") -> 152 | P3: =IFERROR(J3, "") -> 0.4294713 | Q3: =IFERROR(MIN(INDEX(optimtraj_demos!J:J, (ROW()-2)*$C3+2):INDEX(optimtraj_demos!J:J, (ROW()-2)*$C3 + $C3+1)), "") -> 0.407637 | R3: =IFERROR(MAX(INDEX(optimtraj_demos!J:J, (ROW()-2)*$C3+2):INDEX(optimtraj_demos!J:J, (ROW()-2)*$C3 + $C3+1)), "") -> 0.459334
A4: {=INDEX(optimtraj_demos!A:A, (ROW()-2)*$C4+2)} -> cart-pole (min time) | B4: {=INDEX(optimtraj_demos!B:B, (ROW()-2)*$C4+2)} -> Amplify_MAIN_minTime | C4: =COUNTIF(optimtraj_demos!A:A, optimtraj_demos!A4) -> 10 | D4: =IFERROR(AVERAGE(INDEX(optimtraj_demos!D:D, (ROW()-2)*$C4+2):INDEX(optimtraj_demos!D:D, (ROW()-2)*$C4 + $C4+1)), "") -> 1 | E4: =IFERROR(AVERAGE(INDEX(optimtraj_demos!E:E, (ROW()-2)*$C4+2):INDEX(optimtraj_demos!E:E, (ROW()-2)*$C4 + $C4+1)), "") -> 1.1469 | F4: =IFERROR(AVERAGE(INDEX(optimtraj_demos!F:F, (ROW()-2)*$C4+2):INDEX(optimtraj_demos!F:F, (ROW()-2)*$C4 + $C4+1)), "") -> 158 | G4: =IFERROR(AVERAGE(INDEX(optimtraj_demos!G:G, (ROW()-2)*$C4+2):INDEX(optimtraj_demos!G:G, (ROW()-2)*$C4 + $C4+1)), "") -> 8541 | H4: =IFERROR(AVERAGE(INDEX(optimtraj_demos!H:H, (ROW()-2)*$C4+2):INDEX(optimtraj_demos!H:H, (ROW()-2)*$C4 + $C4+1)), "") -> 2.8612e-07 | I4: =IFERROR(AVERAGE(INDEX(optimtraj_demos!I:I, (ROW()-2)*$C4+2):INDEX(optimtraj_demos!I:I, (ROW()-2)*$C4 + $C4+1)), "") -> 0.42293 | J4: =IFERROR(AVERAGE(INDEX(optimtraj_demos!J:J, (ROW()-2)*$C4+2):INDEX(optimtraj_demos!J:J, (ROW()-2)*$C4 + $C4+1)), "") -> 0.4638332 | K4: =IFERROR(AVERAGE(INDEX(optimtraj_demos!K:K, (ROW()-2)*$C4+2):INDEX(optimtraj_demos!K:K, (ROW()-2)*$C4 + $C4+1)), "") -> 52 | L4: =IFERROR(AVERAGE(INDEX(optimtraj_demos!L:L, (ROW()-2)*$C4+2):INDEX(optimtraj_demos!L:L, (ROW()-2)*$C4 + $C4+1)), "") -> 36 | M4: =IFERROR(AVERAGE(INDEX(optimtraj_demos!M:M, (ROW()-2)*$C4+2):INDEX(optimtraj_demos!M:M, (ROW()-2)*$C4 + $C4+1)), "") -> 0 | N4: =IFERROR(AVERAGE(INDEX(optimtraj_demos!N:N, (ROW()-2)*$C4+2):INDEX(optimtraj_demos!N:N, (ROW()-2)*$C4 + $C4+1)), "") -> 52 | P4: =IFERROR(J4, "") -> 0.4638332 | Q4: =IFERROR(MIN(INDEX(optimtraj_demos!J:J, (ROW()-2)*$C4+2):INDEX(optimtraj_demos!J:J, (ROW()-2)*$C4 + $C4+1)), "") -> 0.40731 | R4: =IFERROR(MAX(INDEX(optimtraj_demos!J:J, (ROW()-2)*$C4+2):INDEX(optimtraj_demos!J:J, (ROW()-2)*$C4 + $C4+1)), "") -> 0.585209
A5: {=INDEX(optimtraj_demos!A:A, (ROW()-2)*$C5+2)} -> five-link biped | B5: {=INDEX(optimtraj_demos!B:B, (ROW()-2)*$C5+2)} -> Amplify_MAIN | C5: =COUNTIF(optimtraj_demos!A:A, optimtraj_demos!A5) -> 10 | D5: =IFERROR(AVERAGE(INDEX(optimtraj_demos!D:D, (ROW()-2)*$C5+2):INDEX(optimtraj_demos!D:D, (ROW()-2)*$C5 + $C5+1)), "") -> 1 | E5: =IFERROR(AVERAGE(INDEX(optimtraj_demos!E:E, (ROW()-2)*$C5+2):INDEX(optimtraj_demos!E:E, (ROW()-2)*$C5 + $C5+1)), "") -> 469.5507 | F5: =IFERROR(AVERAGE(INDEX(optimtraj_demos!F:F, (ROW()-2)*$C5+2):INDEX(optimtraj_demos!F:F, (ROW()-2)*$C5 + $C5+1)), "") -> 27 | G5: =IFERROR(AVERAGE(INDEX(optimtraj_demos!G:G, (ROW()-2)*$C5+2):INDEX(optimtraj_demos!G:G, (ROW()-2)*$C5 + $C5+1)), "") -> 28 | H5: =IFERROR(AVERAGE(INDEX(optimtraj_demos!H:H, (ROW()-2)*$C5+2):INDEX(optimtraj_demos!H:H, (ROW()-2)*$C5 + $C5+1)), "") -> 3.9623e-07 | I5: =IFERROR(AVERAGE(INDEX(optimtraj_demos!I:I, (ROW()-2)*$C5+2):INDEX(optimtraj_demos!I:I, (ROW()-2)*$C5 + $C5+1)), "") -> 0.36799 | J5: =IFERROR(AVERAGE(INDEX(optimtraj_demos!J:J, (ROW()-2)*$C5+2):INDEX(optimtraj_demos!J:J, (ROW()-2)*$C5 + $C5+1)), "") -> 0.5896636 | K5: =IFERROR(AVERAGE(INDEX(optimtraj_demos!K:K, (ROW()-2)*$C5+2):INDEX(optimtraj_demos!K:K, (ROW()-2)*$C5 + $C5+1)), "") -> 197 | L5: =IFERROR(AVERAGE(INDEX(optimtraj_demos!L:L, (ROW()-2)*$C5+2):INDEX(optimtraj_demos!L:L, (ROW()-2)*$C5 + $C5+1)), "") -> 132 | M5: =IFERROR(AVERAGE(INDEX(optimtraj_demos!M:M, (ROW()-2)*$C5+2):INDEX(optimtraj_demos!M:M, (ROW()-2)*$C5 + $C5+1)), "") -> 28 | N5: =IFERROR(AVERAGE(INDEX(optimtraj_demos!N:N, (ROW()-2)*$C5+2):INDEX(optimtraj_demos!N:N, (ROW()-2)*$C5 + $C5+1)), "") -> 197 | P5: =IFERROR(J5, "") -> 0.5896636 | Q5: =IFERROR(MIN(INDEX(optimtraj_demos!J:J, (ROW()-2)*$C5+2):INDEX(optimtraj_demos!J:J, (ROW()-2)*$C5 + $C5+1)), "") -> 0.535905 | R5: =IFERROR(MAX(INDEX(optimtraj_demos!J:J, (ROW()-2)*$C5+2):INDEX(optimtraj_demos!J:J, (ROW()-2)*$C5 + $C5+1)), "") -> 0.853414
A6: {=INDEX(optimtraj_demos!A:A, (ROW()-2)*$C6+2)} -> moving block | B6: {=INDEX(optimtraj_demos!B:B, (ROW()-2)*$C6+2)} -> Amplify_MAIN_forceSquared | C6: =COUNTIF(optimtraj_demos!A:A, optimtraj_demos!A6) -> 10 | D6: =IFERROR(AVERAGE(INDEX(optimtraj_demos!D:D, (ROW()-2)*$C6+2):INDEX(optimtraj_demos!D:D, (ROW()-2)*$C6 + $C6+1)), "") -> 1 | E6: =IFERROR(AVERAGE(INDEX(optimtraj_demos!E:E, (ROW()-2)*$C6+2):INDEX(optimtraj_demos!E:E, (ROW()-2)*$C6 + $C6+1)), "") -> 12.0559 | F6: =IFERROR(AVERAGE(INDEX(optimtraj_demos!F:F, (ROW()-2)*$C6+2):INDEX(optimtraj_demos!F:F, (ROW()-2)*$C6 + $C6+1)), "") -> 19 | G6: =IFERROR(AVERAGE(INDEX(optimtraj_demos!G:G, (ROW()-2)*$C6+2):INDEX(optimtraj_demos!G:G, (ROW()-2)*$C6 + $C6+1)), "") -> 20 | H6: =IFERROR(AVERAGE(INDEX(optimtraj_demos!H:H, (ROW()-2)*$C6+2):INDEX(optimtraj_demos!H:H, (ROW()-2)*$C6 + $C6+1)), "") -> 1.5959e-16 | I6: =IFERROR(AVERAGE(INDEX(optimtraj_demos!I:I, (ROW()-2)*$C6+2):INDEX(optimtraj_demos!I:I, (ROW()-2)*$C6 + $C6+1)), "") -> 0.0486 | J6: =IFERROR(AVERAGE(INDEX(optimtraj_demos!J:J, (ROW()-2)*$C6+2):INDEX(optimtraj_demos!J:J, (ROW()-2)*$C6 + $C6+1)), "") -> 0.0573386 | K6: =IFERROR(AVERAGE(INDEX(optimtraj_demos!K:K, (ROW()-2)*$C6+2):INDEX(optimtraj_demos!K:K, (ROW()-2)*$C6 + $C6+1)), "") -> 92 | L6: =IFERROR(AVERAGE(INDEX(optimtraj_demos!L:L, (ROW()-2)*$C6+2):INDEX(optimtraj_demos!L:L, (ROW()-2)*$C6 + $C6+1)), "") -> 58 | M6: =IFERROR(AVERAGE(INDEX(optimtraj_demos!M:M, (ROW()-2)*$C6+2):INDEX(optimtraj_demos!M:M, (ROW()-2)*$C6 + $C6+1)), "") -> 0 | N6: =IFERROR(AVERAGE(INDEX(optimtraj_demos!N:N, (ROW()-2)*$C6+2):INDEX(optimtraj_demos!N:N, (ROW()-2)*$C6 + $C6+1)), "") -> 92 | P6: =IFERROR(J6, "") -> 0.0573386 | Q6: =IFERROR(MIN(INDEX(optimtraj_demos!J:J, (ROW()-2)*$C6+2):INDEX(optimtraj_demos!J:J, (ROW()-2)*$C6 + $C6+1)), "") -> 0.047461 | R6: =IFERROR(MAX(INDEX(optimtraj_demos!J:J, (ROW()-2)*$C6+2):INDEX(optimtraj_demos!J:J, (ROW()-2)*$C6 + $C6+1)), "") -> 0.124048

Sheet std. dev
A1: =optimtraj_demos!A1 -> DEMO_LABEL | B1: =optimtraj_demos!B1 -> DEMO_NAME | C1: =optimtraj_demos!C1 -> NUMBER | D1: =optimtraj_demos!D1 -> exitFlag | E1: =optimtraj_demos!E1 -> objVal | F1: =optimtraj_demos!F1 -> iterations | G1: =optimtraj_demos!G1 -> funcCount | H1: =optimtraj_demos!H1 -> constrviolation | ... N1: =optimtraj_demos!N1 -> nzbnd | P1: avg. elapsed time
A2: {=INDEX(optimtraj_demos!A:A, (ROW()-2)*$C2+2)} -> acrobot | B2: {=INDEX(optimtraj_demos!B:B, (ROW()-2)*$C2+2)} -> Amplify_MAIN | C2: =COUNTIF(optimtraj_demos!A:A, optimtraj_demos!A2) -> 10 | D2: =IFERROR(_xlfn.STDEV.S(INDEX(optimtraj_demos!D:D, (ROW()-2)*averages!$C2+2):INDEX(optimtraj_demos!D:D, (ROW()-2)*averages!$C2+averages!$C2+1)), "") -> 0 | E2: =IFERROR(_xlfn.STDEV.S(INDEX(optimtraj_demos!E:E, (ROW()-2)*averages!$C2+2):INDEX(optimtraj_demos!E:E, (ROW()-2)*averages!$C2+averages!$C2+1)), "") -> 0 | F2: =IFERROR(_xlfn.STDEV.S(INDEX(optimtraj_demos!F:F, (ROW()-2)*averages!$C2+2):INDEX(optimtraj_demos!F:F, (ROW()-2)*averages!$C2+averages!$C2+1)), "") -> 0 | G2: =IFERROR(_xlfn.STDEV.S(INDEX(optimtraj_demos!G:G, (ROW()-2)*averages!$C2+2):INDEX(optimtraj_demos!G:G, (ROW()-2)*averages!$C2+averages!$C2+1)), "") -> 0 | H2: =IFERROR(_xlfn.STDEV.S(INDEX(optimtraj_demos!H:H, (ROW()-2)*averages!$C2+2):INDEX(optimtraj_demos!H:H, (ROW()-2)*averages!$C2+averages!$C2+1)), "") -> 1.0643615e-28 | I2: =IFERROR(_xlfn.STDEV.S(INDEX(optimtraj_demos!I:I, (ROW()-2)*averages!$C2+2):INDEX(optimtraj_demos!I:I, (ROW()-2)*averages!$C2+averages!$C2+1)), "") -> 0.46564212 | J2: =IFERROR(_xlfn.STDEV.S(INDEX(optimtraj_demos!J:J, (ROW()-2)*averages!$C2+2):INDEX(optimtraj_demos!J:J, (ROW()-2)*averages!$C2+averages!$C2+1)), "") -> 0.49973648 | K2: =IFERROR(_xlfn.STDEV.S(INDEX(optimtraj_demos!K:K, (ROW()-2)*averages!$C2+2):INDEX(optimtraj_demos!K:K, (ROW()-2)*averages!$C2+averages!$C2+1)), "") -> 0 | L2: =IFERROR(_xlfn.STDEV.S(INDEX(optimtraj_demos!L:L, (ROW()-2)*averages!$C2+2):INDEX(optimtraj_demos!L:L, (ROW()-2)*averages!$C2+averages!$C2+1)), "") -> 0 | M2: =IFERROR(_xlfn.STDEV.S(INDEX(optimtraj_demos!M:M, (ROW()-2)*averages!$C2+2):INDEX(optimtraj_demos!M:M, (ROW()-2)*averages!$C2+averages!$C2+1)), "") -> 0 | N2: =IFERROR(_xlfn.STDEV.S(INDEX(optimtraj_demos!N:N, (ROW()-2)*averages!$C2+2):INDEX(optimtraj_demos!N:N, (ROW()-2)*averages!$C2+averages!$C2+1)), "") -> 0 | P2: =J2 -> 0.49973648
A3: {=INDEX(optimtraj_demos!A:A, (ROW()-2)*$C3+2)} -> cart-pole (min force) | B3: {=INDEX(optimtraj_demos!B:B, (ROW()-2)*$C3+2)} -> Amplify_MAIN_minForce | C3: =COUNTIF(optimtraj_demos!A:A, optimtraj_demos!A3) -> 10 | D3: =IFERROR(_xlfn.STDEV.S(INDEX(optimtraj_demos!D:D, (ROW()-2)*averages!$C3+2):INDEX(optimtraj_demos!D:D, (ROW()-2)*averages!$C3+averages!$C3+1)), "") -> 0 | E3: =IFERROR(_xlfn.STDEV.S(INDEX(optimtraj_demos!E:E, (ROW()-2)*averages!$C3+2):INDEX(optimtraj_demos!E:E, (ROW()-2)*averages!$C3+averages!$C3+1)), "") -> 0 | F3: =IFERROR(_xlfn.STDEV.S(INDEX(optimtraj_demos!F:F, (ROW()-2)*averages!$C3+2):INDEX(optimtraj_demos!F:F, (ROW()-2)*averages!$C3+averages!$C3+1)), "") -> 0 | G3: =IFERROR(_xlfn.STDEV.S(INDEX(optimtraj_demos!G:G, (ROW()-2)*averages!$C3+2):INDEX(optimtraj_demos!G:G, (ROW()-2)*averages!$C3+averages!$C3+1)), "") -> 0 | H3: =IFERROR(_xlfn.STDEV.S(INDEX(optimtraj_demos!H:H, (ROW()-2)*averages!$C3+2):INDEX(optimtraj_demos!H:H, (ROW()-2)*averages!$C3+averages!$C3+1)), "") -> 5.3218074e-29 | I3: =IFERROR(_xlfn.STDEV.S(INDEX(optimtraj_demos!I:I, (ROW()-2)*averages!$C3+2):INDEX(optimtraj_demos!I:I, (ROW()-2)*averages!$C3+averages!$C3+1)), "") -> 0.018249335 | J3: =IFERROR(_xlfn.STDEV.S(INDEX(optimtraj_demos!J:J, (ROW()-2)*averages!$C3+2):INDEX(optimtraj_demos!J:J, (ROW()-2)*averages!$C3+averages!$C3+1)), "") -> 0.020051002 | K3: =IFERROR(_xlfn.STDEV.S(INDEX(optimtraj_demos!K:K, (ROW()-2)*averages!$C3+2):INDEX(optimtraj_demos!K:K, (ROW()-2)*averages!$C3+averages!$C3+1)), "") -> 0 | L3: =IFERROR(_xlfn.STDEV.S(INDEX(optimtraj_demos!L:L, (ROW()-2)*averages!$C3+2):INDEX(optimtraj_demos!L:L, (ROW()-2)*averages!$C3+averages!$C3+1)), "") -> 0 | M3: =IFERROR(_xlfn.STDEV.S(INDEX(optimtraj_demos!M:M, (ROW()-2)*averages!$C3+2):INDEX(optimtraj_demos!M:M, (ROW()-2)*averages!$C3+averages!$C3+1)), "") -> 0 | N3: =IFERROR(_xlfn.STDEV.S(INDEX(optimtraj_demos!N:N, (ROW()-2)*averages!$C3+2):INDEX(optimtraj_demos!N:N, (ROW()-2)*averages!$C3+averages!$C3+1)), "") -> 0 | P3: =J3 -> 0.020051002
A4: {=INDEX(optimtraj_demos!A:A, (ROW()-2)*$C4+2)} -> cart-pole (min time) | B4: {=INDEX(optimtraj_demos!B:B, (ROW()-2)*$C4+2)} -> Amplify_MAIN_minTime | C4: =COUNTIF(optimtraj_demos!A:A, optimtraj_demos!A4) -> 10 | D4: =IFERROR(_xlfn.STDEV.S(INDEX(optimtraj_demos!D:D, (ROW()-2)*averages!$C4+2):INDEX(optimtraj_demos!D:D, (ROW()-2)*averages!$C4+averages!$C4+1)), "") -> 0 | E4: =IFERROR(_xlfn.STDEV.S(INDEX(optimtraj_demos!E:E, (ROW()-2)*averages!$C4+2):INDEX(optimtraj_demos!E:E, (ROW()-2)*averages!$C4+averages!$C4+1)), "") -> 2.3405556e-16 | F4: =IFERROR(_xlfn.STDEV.S(INDEX(optimtraj_demos!F:F, (ROW()-2)*averages!$C4+2):INDEX(optimtraj_demos!F:F, (ROW()-2)*averages!$C4+averages!$C4+1)), "") -> 0 | G4: =IFERROR(_xlfn.STDEV.S(INDEX(optimtraj_demos!G:G, (ROW()-2)*averages!$C4+2):INDEX(optimtraj_demos!G:G, (ROW()-2)*averages!$C4+averages!$C4+1)), "") -> 0 | H4: =IFERROR(_xlfn.STDEV.S(INDEX(optimtraj_demos!H:H, (ROW()-2)*averages!$C4+2):INDEX(optimtraj_demos!H:H, (ROW()-2)*averages!$C4+averages!$C4+1)), "") -> 5.5803195e-23 | I4: =IFERROR(_xlfn.STDEV.S(INDEX(optimtraj_demos!I:I, (ROW()-2)*averages!$C4+2):INDEX(optimtraj_demos!I:I, (ROW()-2)*averages!$C4+averages!$C4+1)), "") -> 0.051158057 | J4: =IFERROR(_xlfn.STDEV.S(INDEX(optimtraj_demos!J:J, (ROW()-2)*averages!$C4+2):INDEX(optimtraj_demos!J:J, (ROW()-2)*averages!$C4+averages!$C4+1)), "") -> 0.054722875 | K4: =IFERROR(_xlfn.STDEV.S(INDEX(optimtraj_demos!K:K, (ROW()-2)*averages!$C4+2):INDEX(optimtraj_demos!K:K, (ROW()-2)*averages!$C4+averages!$C4+1)), "") -> 0 | L4: =IFERROR(_xlfn.STDEV.S(INDEX(optimtraj_demos!L:L, (ROW()-2)*averages!$C4+2):INDEX(optimtraj_demos!L:L, (ROW()-2)*averages!$C4+averages!$C4+1)), "") -> 0 | M4: =IFERROR(_xlfn.STDEV.S(INDEX(optimtraj_demos!M:M, (ROW()-2)*averages!$C4+2):INDEX(optimtraj_demos!M:M, (ROW()-2)*averages!$C4+averages!$C4+1)), "") -> 0 | N4: =IFERROR(_xlfn.STDEV.S(INDEX(optimtraj_demos!N:N, (ROW()-2)*averages!$C4+2):INDEX(optimtraj_demos!N:N, (ROW()-2)*averages!$C4+averages!$C4+1)), "") -> 0 | P4: =J4 -> 0.054722875
A5: {=INDEX(optimtraj_demos!A:A, (ROW()-2)*$C5+2)} -> five-link biped | B5: {=INDEX(optimtraj_demos!B:B, (ROW()-2)*$C5+2)} -> Amplify_MAIN | C5: =COUNTIF(optimtraj_demos!A:A, optimtraj_demos!A5) -> 10 | D5: =IFERROR(_xlfn.STDEV.S(INDEX(optimtraj_demos!D:D, (ROW()-2)*averages!$C5+2):INDEX(optimtraj_demos!D:D, (ROW()-2)*averages!$C5+averages!$C5+1)), "") -> 0 | E5: =IFERROR(_xlfn.STDEV.S(INDEX(optimtraj_demos!E:E, (ROW()-2)*averages!$C5+2):INDEX(optimtraj_demos!E:E, (ROW()-2)*averages!$C5+averages!$C5+1)), "") -> 1.1983645e-13 | F5: =IFERROR(_xlfn.STDEV.S(INDEX(optimtraj_demos!F:F, (ROW()-2)*averages!$C5+2):INDEX(optimtraj_demos!F:F, (ROW()-2)*averages!$C5+averages!$C5+1)), "") -> 0 | G5: =IFERROR(_xlfn.STDEV.S(INDEX(optimtraj_demos!G:G, (ROW()-2)*averages!$C5+2):INDEX(optimtraj_demos!G:G, (ROW()-2)*averages!$C5+averages!$C5+1)), "") -> 0 | H5: =IFERROR(_xlfn.STDEV.S(INDEX(optimtraj_demos!H:H, (ROW()-2)*averages!$C5+2):INDEX(optimtraj_demos!H:H, (ROW()-2)*averages!$C5+averages!$C5+1)), "") -> 0 | I5: =IFERROR(_xlfn.STDEV.S(INDEX(optimtraj_demos!I:I, (ROW()-2)*averages!$C5+2):INDEX(optimtraj_demos!I:I, (ROW()-2)*averages!$C5+averages!$C5+1)), "") -> 0.07904947 | J5: =IFERROR(_xlfn.STDEV.S(INDEX(optimtraj_demos!J:J, (ROW()-2)*averages!$C5+2):INDEX(optimtraj_demos!J:J, (ROW()-2)*averages!$C5+averages!$C5+1)), "") -> 0.096073143 | K5: =IFERROR(_xlfn.STDEV.S(INDEX(optimtraj_demos!K:K, (ROW()-2)*averages!$C5+2):INDEX(optimtraj_demos!K:K, (ROW()-2)*averages!$C5+averages!$C5+1)), "") -> 0 | L5: =IFERROR(_xlfn.STDEV.S(INDEX(optimtraj_demos!L:L, (ROW()-2)*averages!$C5+2):INDEX(optimtraj_demos!L:L, (ROW()-2)*averages!$C5+averages!$C5+1)), "") -> 0 | M5: =IFERROR(_xlfn.STDEV.S(INDEX(optimtraj_demos!M:M, (ROW()-2)*averages!$C5+2):INDEX(optimtraj_demos!M:M, (ROW()-2)*averages!$C5+averages!$C5+1)), "") -> 0 | N5: =IFERROR(_xlfn.STDEV.S(INDEX(optimtraj_demos!N:N, (ROW()-2)*averages!$C5+2):INDEX(optimtraj_demos!N:N, (ROW()-2)*averages!$C5+averages!$C5+1)), "") -> 0 | P5: =J5 -> 0.096073143
A6: {=INDEX(optimtraj_demos!A:A, (ROW()-2)*$C6+2)} -> moving block | B6: {=INDEX(optimtraj_demos!B:B, (ROW()-2)*$C6+2)} -> Amplify_MAIN_forceSquared | C6: =COUNTIF(optimtraj_demos!A:A, optimtraj_demos!A6) -> 10 | D6: =IFERROR(_xlfn.STDEV.S(INDEX(optimtraj_demos!D:D, (ROW()-2)*averages!$C6+2):INDEX(optimtraj_demos!D:D, (ROW()-2)*averages!$C6+averages!$C6+1)), "") -> 0 | E6: =IFERROR(_xlfn.STDEV.S(INDEX(optimtraj_demos!E:E, (ROW()-2)*averages!$C6+2):INDEX(optimtraj_demos!E:E, (ROW()-2)*averages!$C6+averages!$C6+1)), "") -> 1.8724445e-15 | F6: =IFERROR(_xlfn.STDEV.S(INDEX(optimtraj_demos!F:F, (ROW()-2)*averages!$C6+2):INDEX(optimtraj_demos!F:F, (ROW()-2)*averages!$C6+averages!$C6+1)), "") -> 0 | G6: =IFERROR(_xlfn.STDEV.S(INDEX(optimtraj_demos!G:G, (ROW()-2)*averages!$C6+2):INDEX(optimtraj_demos!G:G, (ROW()-2)*averages!$C6+averages!$C6+1)), "") -> 0 | H6: =IFERROR(_xlfn.STDEV.S(INDEX(optimtraj_demos!H:H, (ROW()-2)*averages!$C6+2):INDEX(optimtraj_demos!H:H, (ROW()-2)*averages!$C6+averages!$C6+1)), "") -> 2.5985388e-32 | I6: =IFERROR(_xlfn.STDEV.S(INDEX(optimtraj_demos!I:I, (ROW()-2)*averages!$C6+2):INDEX(optimtraj_demos!I:I, (ROW()-2)*averages!$C6+averages!$C6+1)), "") -> 0.021709087 | J6: =IFERROR(_xlfn.STDEV.S(INDEX(optimtraj_demos!J:J, (ROW()-2)*averages!$C6+2):INDEX(optimtraj_demos!J:J, (ROW()-2)*averages!$C6+averages!$C6+1)), "") -> 0.023473981 | K6: =IFERROR(_xlfn.STDEV.S(INDEX(optimtraj_demos!K:K, (ROW()-2)*averages!$C6+2):INDEX(optimtraj_demos!K:K, (ROW()-2)*averages!$C6+averages!$C6+1)), "") -> 0 | L6: =IFERROR(_xlfn.STDEV.S(INDEX(optimtraj_demos!L:L, (ROW()-2)*averages!$C6+2):INDEX(optimtraj_demos!L:L, (ROW()-2)*averages!$C6+averages!$C6+1)), "") -> 0 | M6: =IFERROR(_xlfn.STDEV.S(INDEX(optimtraj_demos!M:M, (ROW()-2)*averages!$C6+2):INDEX(optimtraj_demos!M:M, (ROW()-2)*averages!$C6+averages!$C6+1)), "") -> 0 | N6: =IFERROR(_xlfn.STDEV.S(INDEX(optimtraj_demos!N:N, (ROW()-2)*averages!$C6+2):INDEX(optimtraj_demos!N:N, (ROW()-2)*averages!$C6+averages!$C6+1)), "") -> 0 | P6: =J6 -> 0.023473981

Sheet table_ot
A1: Demo | B1: Library | C1: Solver | D1: RK Method | E1: Objective | F1: Wall Time (s) | G1: Wall Time Min | H1: Wall Time Max | I1: Wall Time Std. Dev | J1: Iterates | K1: # Vars. | L1: # Eq. Cons. | M1: # of Ineq. Constr. | N1: Order | O1: Amplify objVal
A2: Acrobot | B2: OptimTraj | C2: fmincon v24.1 (2024a) | D2: TRAP | E2: =averages!E2 -> 38.9608 | F2: =averages!P2 -> 0.6526692 | G2: =averages!Q2 -> 0.432554 | H2: =averages!R2 -> 2.067139 | I2: ='std. dev'!P2 -> 0.49973648 | J2: =averages!F2 -> 55 | K2: =averages!K2 -> 102 | L2: =averages!L2 -> 76 | M2: =averages!M2 + averages!N2 -> 102 | N2: 1.1
A3: Cart-Pole (force) | B3: OptimTraj | C3: fmincon v24.1 (2024a) | D3: TRAP | E3: =averages!E3 -> 229.2913 | F3: =averages!P3 -> 0.4294713 | G3: =averages!Q3 -> 0.407637 | H3: =averages!R3 -> 0.459334 | I3: ='std. dev'!P3 -> 0.020051002 | J3: =averages!F3 -> 38 | K3: =averages!K3 -> 152 | L3: =averages!L3 -> 116 | M3: =averages!M3 + averages!N3 -> 152 | N3: 2.1
A4: Cart-Pole (time) | B4: OptimTraj | C4: fmincon v24.1 (2024a) | D4: TRAP | E4: =averages!E4 -> 1.1469 | F4: =averages!P4 -> 0.4638332 | G4: =averages!Q4 -> 0.40731 | H4: =averages!R4 -> 0.585209 | I4: ='std. dev'!P4 -> 0.054722875 | J4: =averages!F4 -> 158 | K4: =averages!K4 -> 52 | L4: =averages!L4 -> 36 | M4: =averages!M4 + averages!N4 -> 52 | N4: 3.1
A5: Moving Block | B5: OptimTraj | C5: fmincon v24.1 (2024a) | D5: TRAP | E5: =averages!E6 -> 12.0559 | F5: =averages!P6 -> 0.0573386 | G5: =averages!Q6 -> 0.047461 | H5: =averages!R6 -> 0.124048 | I5: ='std. dev'!P6 -> 0.023473981 | J5: =averages!F6 -> 19 | K5: =averages!K6 -> 92 | L5: =averages!L6 -> 58 | M5: =averages!M6 + averages!N6 -> 92 | N5: 4.1
A6: Five-Link Biped (5 DOF) | B6: OptimTraj | C6: fmincon v24.1 (2024a) | D6: HS | E6: =averages!E5 -> 469.5507 | F6: =averages!P5 -> 0.5896636 | G6: =averages!Q5 -> 0.535905 | H6: =averages!R5 -> 0.853414 | I6: ='std. dev'!P5 -> 0.096073143 | J6: =averages!F5 -> 27 | K6: =averages!K5 -> 197 | L6: =averages!L5 -> 132 | M6: =averages!M5 + averages!N5 -> 225 | N6: 5.1 | O6: 420.13156
