Workbook
Name CSVPath: csv!$A$2

Sheet ipopt_output

Sheet averages
A1: =ipopt_output!A1 -> run | B1: =ipopt_output!B1 -> status | C1: =ipopt_output!C1 -> variables | D1: =ipopt_output!D1 -> equality_constraints | E1: =ipopt_output!E1 -> inequality_constraints | F1: =ipopt_output!F1 -> iterations | G1: =ipopt_output!G1 -> objective_unscaled | H1: =ipopt_output!H1 -> constraint_violation_unscaled | ... T1: =ipopt_output!T1 -> run_start_time | U1: num_runs
A2: {=INDEX(ipopt_output!A:A, (ROW()-2)*$U2+2)} -> spot_jump_twist_col3_py | B2: {=INDEX(ipopt_output!B:B, (ROW()-2)*$U2+2)} -> Converged to a point of local infeasibility. Problem may be infeasible. | C2: =IFERROR(AVERAGE(INDEX(ipopt_output!C:C, (ROW()-2)*$U2+2):INDEX(ipopt_output!C:C, (ROW()-2)*$U2 + $U2+1)), "") -> 8950 | D2: =IFERROR(AVERAGE(INDEX(ipopt_output!D:D, (ROW()-2)*$U2+2):INDEX(ipopt_output!D:D, (ROW()-2)*$U2 + $U2+1)), "") -> 8337 | E2: =IFERROR(AVERAGE(INDEX(ipopt_output!E:E, (ROW()-2)*$U2+2):INDEX(ipopt_output!E:E, (ROW()-2)*$U2 + $U2+1)), "") -> 1180 | F2: =IFERROR(AVERAGE(INDEX(ipopt_output!F:F, (ROW()-2)*$U2+2):INDEX(ipopt_output!F:F, (ROW()-2)*$U2 + $U2+1)), "") -> 493 | G2: =IFERROR(AVERAGE(INDEX(ipopt_output!G:G, (ROW()-2)*$U2+2):INDEX(ipopt_output!G:G, (ROW()-2)*$U2 + $U2+1)), "") -> 16947.153 | H2: =IFERROR(AVERAGE(INDEX(ipopt_output!H:H, (ROW()-2)*$U2+2):INDEX(ipopt_output!H:H, (ROW()-2)*$U2 + $U2+1)), "") -> 0.01241105 | I2: =IFERROR(AVERAGE(INDEX(ipopt_output!I:I, (ROW()-2)*$U2+2):INDEX(ipopt_output!I:I, (ROW()-2)*$U2 + $U2+1)), "") -> 46.4675 | J2: =IFERROR(AVERAGE(INDEX(ipopt_output!J:J, (ROW()-2)*$U2+2):INDEX(ipopt_output!J:J, (ROW()-2)*$U2 + $U2+1)), "") -> 12.74 | K2: =IFERROR(AVERAGE(INDEX(ipopt_output!K:K, (ROW()-2)*$U2+2):INDEX(ipopt_output!K:K, (ROW()-2)*$U2 + $U2+1)), "") -> 67.3136 | L2: =IFERROR(AVERAGE(INDEX(ipopt_output!L:L, (ROW()-2)*$U2+2):INDEX(ipopt_output!L:L, (ROW()-2)*$U2 + $U2+1)), "") | M2: =IFERROR(AVERAGE(INDEX(ipopt_output!M:M, (ROW()-2)*$U2+2):INDEX(ipopt_output!M:M, (ROW()-2)*$U2 + $U2+1)), "") | N2: =IFERROR(AVERAGE(INDEX(ipopt_output!N:N, (ROW()-2)*$U2+2):INDEX(ipopt_output!N:N, (ROW()-2)*$U2 + $U2+1)), "") | O2: =IFERROR(AVERAGE(INDEX(ipopt_output!O:O, (ROW()-2)*$U2+2):INDEX(ipopt_output!O:O, (ROW()-2)*$U2 + $U2+1)), "") | P2: =IFERROR(AVERAGE(INDEX(ipopt_output!P:P, (ROW()-2)*$U2+2):INDEX(ipopt_output!P:P, (ROW()-2)*$U2 + $U2+1)), "") | Q2: =IFERROR(AVERAGE(INDEX(ipopt_output!Q:Q, (ROW()-2)*$U2+2):INDEX(ipopt_output!Q:Q, (ROW()-2)*$U2 + $U2+1)), "") | R2: =IFERROR(AVERAGE(INDEX(ipopt_output!R:R, (ROW()-2)*$U2+2):INDEX(ipopt_output!R:R, (ROW()-2)*$U2 + $U2+1)), "") -> 67.31362 | S2: =IFERROR(AVERAGE(INDEX(ipopt_output!S:S, (ROW()-2)*$U2+2):INDEX(ipopt_output!S:S, (ROW()-2)*$U2 + $U2+1)), "") -> 20260623 | T2: =IFERROR(AVERAGE(INDEX(ipopt_output!T:T, (ROW()-2)*$U2+2):INDEX(ipopt_output!T:T, (ROW()-2)*$U2 + $U2+1)), "") -> 38878.6 | U2: =COUNTIF(ipopt_output!A:A, ipopt_output!A2) -> 10
A3: {=INDEX(ipopt_output!A:A, (ROW()-2)*$U3+2)} -> spot_jump_twist_rk1_py | B3: {=INDEX(ipopt_output!B:B, (ROW()-2)*$U3+2)} -> Converged to a point of local infeasibility. Problem may be infeasible. | C3: =IFERROR(AVERAGE(INDEX(ipopt_output!C:C, (ROW()-2)*$U3+2):INDEX(ipopt_output!C:C, (ROW()-2)*$U3 + $U3+1)), "") -> 3400 | D3: =IFERROR(AVERAGE(INDEX(ipopt_output!D:D, (ROW()-2)*$U3+2):INDEX(ipopt_output!D:D, (ROW()-2)*$U3 + $U3+1)), "") -> 2787 | E3: =IFERROR(AVERAGE(INDEX(ipopt_output!E:E, (ROW()-2)*$U3+2):INDEX(ipopt_output!E:E, (ROW()-2)*$U3 + $U3+1)), "") -> 1180 | F3: =IFERROR(AVERAGE(INDEX(ipopt_output!F:F, (ROW()-2)*$U3+2):INDEX(ipopt_output!F:F, (ROW()-2)*$U3 + $U3+1)), "") -> 398 | G3: =IFERROR(AVERAGE(INDEX(ipopt_output!G:G, (ROW()-2)*$U3+2):INDEX(ipopt_output!G:G, (ROW()-2)*$U3 + $U3+1)), "") -> 19921.462 | H3: =IFERROR(AVERAGE(INDEX(ipopt_output!H:H, (ROW()-2)*$U3+2):INDEX(ipopt_output!H:H, (ROW()-2)*$U3 + $U3+1)), "") -> 0.012054749 | I3: =IFERROR(AVERAGE(INDEX(ipopt_output!I:I, (ROW()-2)*$U3+2):INDEX(ipopt_output!I:I, (ROW()-2)*$U3 + $U3+1)), "") -> 49.1138 | J3: =IFERROR(AVERAGE(INDEX(ipopt_output!J:J, (ROW()-2)*$U3+2):INDEX(ipopt_output!J:J, (ROW()-2)*$U3 + $U3+1)), "") -> 9.019 | K3: =IFERROR(AVERAGE(INDEX(ipopt_output!K:K, (ROW()-2)*$U3+2):INDEX(ipopt_output!K:K, (ROW()-2)*$U3 + $U3+1)), "") -> 65.095768 | L3: =IFERROR(AVERAGE(INDEX(ipopt_output!L:L, (ROW()-2)*$U3+2):INDEX(ipopt_output!L:L, (ROW()-2)*$U3 + $U3+1)), "") | M3: =IFERROR(AVERAGE(INDEX(ipopt_output!M:M, (ROW()-2)*$U3+2):INDEX(ipopt_output!M:M, (ROW()-2)*$U3 + $U3+1)), "") | N3: =IFERROR(AVERAGE(INDEX(ipopt_output!N:N, (ROW()-2)*$U3+2):INDEX(ipopt_output!N:N, (ROW()-2)*$U3 + $U3+1)), "") | O3: =IFERROR(AVERAGE(INDEX(ipopt_output!O:O, (ROW()-2)*$U3+2):INDEX(ipopt_output!O:O, (ROW()-2)*$U3 + $U3+1)), "") | P3: =IFERROR(AVERAGE(INDEX(ipopt_output!P:P, (ROW()-2)*$U3+2):INDEX(ipopt_output!P:P, (ROW()-2)*$U3 + $U3+1)), "") | Q3: =IFERROR(AVERAGE(INDEX(ipopt_output!Q:Q, (ROW()-2)*$U3+2):INDEX(ipopt_output!Q:Q, (ROW()-2)*$U3 + $U3+1)), "") | R3: =IFERROR(AVERAGE(INDEX(ipopt_output!R:R, (ROW()-2)*$U3+2):INDEX(ipopt_output!R:R, (ROW()-2)*$U3 + $U3+1)), "") -> 65.09577 | S3: =IFERROR(AVERAGE(INDEX(ipopt_output!S:S, (ROW()-2)*$U3+2):INDEX(ipopt_output!S:S, (ROW()-2)*$U3 + $U3+1)), "") -> 20260623 | T3: =IFERROR(AVERAGE(INDEX(ipopt_output!T:T, (ROW()-2)*$U3+2):INDEX(ipopt_output!T:T, (ROW()-2)*$U3 + $U3+1)), "") -> 38878.6 | U3: {=COUNTIF(ipopt_output!A:A,INDEX(ipopt_output!A:A,SUM(U$2:U2)+2))} -> 10
A4: {=INDEX(ipopt_output!A:A, (ROW()-2)*$U4+2)} -> spot_jump_twist_rk4-zero-tol_py | B4: {=INDEX(ipopt_output!B:B, (ROW()-2)*$U4+2)} -> Converged to a point of local infeasibility. Problem may be infeasible. | C4: =IFERROR(AVERAGE(INDEX(ipopt_output!C:C, (ROW()-2)*$U4+2):INDEX(ipopt_output!C:C, (ROW()-2)*$U4 + $U4+1)), "") -> 3400 | D4: =IFERROR(AVERAGE(INDEX(ipopt_output!D:D, (ROW()-2)*$U4+2):INDEX(ipopt_output!D:D, (ROW()-2)*$U4 + $U4+1)), "") -> 2787 | E4: =IFERROR(AVERAGE(INDEX(ipopt_output!E:E, (ROW()-2)*$U4+2):INDEX(ipopt_output!E:E, (ROW()-2)*$U4 + $U4+1)), "") -> 1180 | F4: =IFERROR(AVERAGE(INDEX(ipopt_output!F:F, (ROW()-2)*$U4+2):INDEX(ipopt_output!F:F, (ROW()-2)*$U4 + $U4+1)), "") -> 355 | G4: =IFERROR(AVERAGE(INDEX(ipopt_output!G:G, (ROW()-2)*$U4+2):INDEX(ipopt_output!G:G, (ROW()-2)*$U4 + $U4+1)), "") -> 13581.504 | H4: =IFERROR(AVERAGE(INDEX(ipopt_output!H:H, (ROW()-2)*$U4+2):INDEX(ipopt_output!H:H, (ROW()-2)*$U4 + $U4+1)), "") -> 1.1100848e-06 | I4: =IFERROR(AVERAGE(INDEX(ipopt_output!I:I, (ROW()-2)*$U4+2):INDEX(ipopt_output!I:I, (ROW()-2)*$U4 + $U4+1)), "") -> 26.8027 | J4: =IFERROR(AVERAGE(INDEX(ipopt_output!J:J, (ROW()-2)*$U4+2):INDEX(ipopt_output!J:J, (ROW()-2)*$U4 + $U4+1)), "") -> 9.1204 | K4: =IFERROR(AVERAGE(INDEX(ipopt_output!K:K, (ROW()-2)*$U4+2):INDEX(ipopt_output!K:K, (ROW()-2)*$U4 + $U4+1)), "") -> 43.196532 | L4: =IFERROR(AVERAGE(INDEX(ipopt_output!L:L, (ROW()-2)*$U4+2):INDEX(ipopt_output!L:L, (ROW()-2)*$U4 + $U4+1)), "") | M4: =IFERROR(AVERAGE(INDEX(ipopt_output!M:M, (ROW()-2)*$U4+2):INDEX(ipopt_output!M:M, (ROW()-2)*$U4 + $U4+1)), "") | N4: =IFERROR(AVERAGE(INDEX(ipopt_output!N:N, (ROW()-2)*$U4+2):INDEX(ipopt_output!N:N, (ROW()-2)*$U4 + $U4+1)), "") | O4: =IFERROR(AVERAGE(INDEX(ipopt_output!O:O, (ROW()-2)*$U4+2):INDEX(ipopt_output!O:O, (ROW()-2)*$U4 + $U4+1)), "") | P4: =IFERROR(AVERAGE(INDEX(ipopt_output!P:P, (ROW()-2)*$U4+2):INDEX(ipopt_output!P:P, (ROW()-2)*$U4 + $U4+1)), "") | Q4: =IFERROR(AVERAGE(INDEX(ipopt_output!Q:Q, (ROW()-2)*$U4+2):INDEX(ipopt_output!Q:Q, (ROW()-2)*$U4 + $U4+1)), "") | R4: =IFERROR(AVERAGE(INDEX(ipopt_output!R:R, (ROW()-2)*$U4+2):INDEX(ipopt_output!R:R, (ROW()-2)*$U4 + $U4+1)), "") -> 43.19654 | S4: =IFERROR(AVERAGE(INDEX(ipopt_output!S:S, (ROW()-2)*$U4+2):INDEX(ipopt_output!S:S, (ROW()-2)*$U4 + $U4+1)), "") -> 20260623 | T4: =IFERROR(AVERAGE(INDEX(ipopt_output!T:T, (ROW()-2)*$U4+2):INDEX(ipopt_output!T:T, (ROW()-2)*$U4 + $U4+1)), "") -> 38878.6 | U4: {=COUNTIF(ipopt_output!A:A,INDEX(ipopt_output!A:A,SUM(U$2:U3)+2))} -> 10
A5: {=INDEX(ipopt_output!A:A, (ROW()-2)*$U5+2)} -> spot_jump_twist_rk4_py | B5: {=INDEX(ipopt_output!B:B, (ROW()-2)*$U5+2)} -> Optimal Solution Found. | C5: =IFERROR(AVERAGE(INDEX(ipopt_output!C:C, (ROW()-2)*$U5+2):INDEX(ipopt_output!C:C, (ROW()-2)*$U5 + $U5+1)), "") -> 3400 | D5: =IFERROR(AVERAGE(INDEX(ipopt_output!D:D, (ROW()-2)*$U5+2):INDEX(ipopt_output!D:D, (ROW()-2)*$U5 + $U5+1)), "") -> 2787 | E5: =IFERROR(AVERAGE(INDEX(ipopt_output!E:E, (ROW()-2)*$U5+2):INDEX(ipopt_output!E:E, (ROW()-2)*$U5 + $U5+1)), "") -> 1180 | F5: =IFERROR(AVERAGE(INDEX(ipopt_output!F:F, (ROW()-2)*$U5+2):INDEX(ipopt_output!F:F, (ROW()-2)*$U5 + $U5+1)), "") -> 330 | G5: =IFERROR(AVERAGE(INDEX(ipopt_output!G:G, (ROW()-2)*$U5+2):INDEX(ipopt_output!G:G, (ROW()-2)*$U5 + $U5+1)), "") -> 13127.375 | H5: =IFERROR(AVERAGE(INDEX(ipopt_output!H:H, (ROW()-2)*$U5+2):INDEX(ipopt_output!H:H, (ROW()-2)*$U5 + $U5+1)), "") -> 1.4127164e-07 | I5: =IFERROR(AVERAGE(INDEX(ipopt_output!I:I, (ROW()-2)*$U5+2):INDEX(ipopt_output!I:I, (ROW()-2)*$U5 + $U5+1)), "") -> 25.5647 | J5: =IFERROR(AVERAGE(INDEX(ipopt_output!J:J, (ROW()-2)*$U5+2):INDEX(ipopt_output!J:J, (ROW()-2)*$U5 + $U5+1)), "") -> 8.4537 | K5: =IFERROR(AVERAGE(INDEX(ipopt_output!K:K, (ROW()-2)*$U5+2):INDEX(ipopt_output!K:K, (ROW()-2)*$U5 + $U5+1)), "") -> 41.592734 | L5: =IFERROR(AVERAGE(INDEX(ipopt_output!L:L, (ROW()-2)*$U5+2):INDEX(ipopt_output!L:L, (ROW()-2)*$U5 + $U5+1)), "") | M5: =IFERROR(AVERAGE(INDEX(ipopt_output!M:M, (ROW()-2)*$U5+2):INDEX(ipopt_output!M:M, (ROW()-2)*$U5 + $U5+1)), "") | N5: =IFERROR(AVERAGE(INDEX(ipopt_output!N:N, (ROW()-2)*$U5+2):INDEX(ipopt_output!N:N, (ROW()-2)*$U5 + $U5+1)), "") | O5: =IFERROR(AVERAGE(INDEX(ipopt_output!O:O, (ROW()-2)*$U5+2):INDEX(ipopt_output!O:O, (ROW()-2)*$U5 + $U5+1)), "") | P5: =IFERROR(AVERAGE(INDEX(ipopt_output!P:P, (ROW()-2)*$U5+2):INDEX(ipopt_output!P:P, (ROW()-2)*$U5 + $U5+1)), "") | Q5: =IFERROR(AVERAGE(INDEX(ipopt_output!Q:Q, (ROW()-2)*$U5+2):INDEX(ipopt_output!Q:Q, (ROW()-2)*$U5 + $U5+1)), "") | R5: =IFERROR(AVERAGE(INDEX(ipopt_output!R:R, (ROW()-2)*$U5+2):INDEX(ipopt_output!R:R, (ROW()-2)*$U5 + $U5+1)), "") -> 41.59273 | S5: =IFERROR(AVERAGE(INDEX(ipopt_output!S:S, (ROW()-2)*$U5+2):INDEX(ipopt_output!S:S, (ROW()-2)*$U5 + $U5+1)), "") -> 20260623 | T5: =IFERROR(AVERAGE(INDEX(ipopt_output!T:T, (ROW()-2)*$U5+2):INDEX(ipopt_output!T:T, (ROW()-2)*$U5 + $U5+1)), "") -> 38878.6 | U5: {=COUNTIF(ipopt_output!A:A,INDEX(ipopt_output!A:A,SUM(U$2:U4)+2))} -> 10

Sheet std. dev
A1: =ipopt_output!A1 -> run | B1: =ipopt_output!B1 -> status | C1: =ipopt_output!C1 -> variables | D1: =ipopt_output!D1 -> equality_constraints | E1: =ipopt_output!E1 -> inequality_constraints | F1: =ipopt_output!F1 -> iterations | G1: =ipopt_output!G1 -> objective_unscaled | H1: =ipopt_output!H1 -> constraint_violation_unscaled | ... T1: =ipopt_output!T1 -> run_start_time
A2: {=INDEX(ipopt_output!A:A, (ROW()-2)*averages!$U2+2)} -> spot_jump_twist_col3_py | B2: {=INDEX(ipopt_output!B:B, (ROW()-2)*averages!$U2+2)} -> Converged to a point of local infeasibility. Problem may be infeasible. | C2: =IFERROR(_xlfn.STDEV.S(INDEX(ipopt_output!C:C, (ROW()-2)*averages!$U2+2):INDEX(ipopt_output!C:C, (ROW()-2)*averages!$U2+averages!$U2+1)), "") -> 0 | D2: =IFERROR(_xlfn.STDEV.S(INDEX(ipopt_output!D:D, (ROW()-2)*averages!$U2+2):INDEX(ipopt_output!D:D, (ROW()-2)*averages!$U2+averages!$U2+1)), "") -> 0 | E2: =IFERROR(_xlfn.STDEV.S(INDEX(ipopt_output!E:E, (ROW()-2)*averages!$U2+2):INDEX(ipopt_output!E:E, (ROW()-2)*averages!$U2+averages!$U2+1)), "") -> 0 | F2: =IFERROR(_xlfn.STDEV.S(INDEX(ipopt_output!F:F, (ROW()-2)*averages!$U2+2):INDEX(ipopt_output!F:F, (ROW()-2)*averages!$U2+averages!$U2+1)), "") -> 0 | G2: =IFERROR(_xlfn.STDEV.S(INDEX(ipopt_output!G:G, (ROW()-2)*averages!$U2+2):INDEX(ipopt_output!G:G, (ROW()-2)*averages!$U2+averages!$U2+1)), "") -> 0 | H2: =IFERROR(_xlfn.STDEV.S(INDEX(ipopt_output!H:H, (ROW()-2)*averages!$U2+2):INDEX(ipopt_output!H:H, (ROW()-2)*averages!$U2+averages!$U2+1)), "") -> 0 | I2: =IFERROR(_xlfn.STDEV.S(INDEX(ipopt_output!I:I, (ROW()-2)*averages!$U2+2):INDEX(ipopt_output!I:I, (ROW()-2)*averages!$U2+averages!$U2+1)), "") -> 0.74899507 | J2: =IFERROR(_xlfn.STDEV.S(INDEX(ipopt_output!J:J, (ROW()-2)*averages!$U2+2):INDEX(ipopt_output!J:J, (ROW()-2)*averages!$U2+averages!$U2+1)), "") -> 0.24093475 | K2: =IFERROR(_xlfn.STDEV.S(INDEX(ipopt_output!K:K, (ROW()-2)*averages!$U2+2):INDEX(ipopt_output!K:K, (ROW()-2)*averages!$U2+averages!$U2+1)), "") -> 0.88416885 | L2: =IFERROR(_xlfn.STDEV.S(INDEX(ipopt_output!L:L, (ROW()-2)*averages!$U2+2):INDEX(ipopt_output!L:L, (ROW()-2)*averages!$U2+averages!$U2+1)), "") | M2: =IFERROR(_xlfn.STDEV.S(INDEX(ipopt_output!M:M, (ROW()-2)*averages!$U2+2):INDEX(ipopt_output!M:M, (ROW()-2)*averages!$U2+averages!$U2+1)), "") | N2: =IFERROR(_xlfn.STDEV.S(INDEX(ipopt_output!N:N, (ROW()-2)*averages!$U2+2):INDEX(ipopt_output!N:N, (ROW()-2)*averages!$U2+averages!$U2+1)), "") | O2: =IFERROR(_xlfn.STDEV.S(INDEX(ipopt_output!O:O, (ROW()-2)*averages!$U2+2):INDEX(ipopt_output!O:O, (ROW()-2)*averages!$U2+averages!$U2+1)), "") | P2: =IFERROR(_xlfn.STDEV.S(INDEX(ipopt_output!P:P, (ROW()-2)*averages!$U2+2):INDEX(ipopt_output!P:P, (ROW()-2)*averages!$U2+averages!$U2+1)), "") | Q2: =IFERROR(_xlfn.STDEV.S(INDEX(ipopt_output!Q:Q, (ROW()-2)*averages!$U2+2):INDEX(ipopt_output!Q:Q, (ROW()-2)*averages!$U2+averages!$U2+1)), "") | R2: =IFERROR(_xlfn.STDEV.S(INDEX(ipopt_output!R:R, (ROW()-2)*averages!$U2+2):INDEX(ipopt_output!R:R, (ROW()-2)*averages!$U2+averages!$U2+1)), "") -> 0.88417222 | S2: =IFERROR(_xlfn.STDEV.S(INDEX(ipopt_output!S:S, (ROW()-2)*averages!$U2+2):INDEX(ipopt_output!S:S, (ROW()-2)*averages!$U2+averages!$U2+1)), "") -> 0 | T2: =IFERROR(_xlfn.STDEV.S(INDEX(ipopt_output!T:T, (ROW()-2)*averages!$U2+2):INDEX(ipopt_output!T:T, (ROW()-2)*averages!$U2+averages!$U2+1)), "") -> 3880.5534
A3: {=INDEX(ipopt_output!A:A, (ROW()-2)*averages!$U3+2)} -> spot_jump_twist_rk1_py | B3: {=INDEX(ipopt_output!B:B, (ROW()-2)*averages!$U3+2)} -> Converged to a point of local infeasibility. Problem may be infeasible. | C3: =IFERROR(_xlfn.STDEV.S(INDEX(ipopt_output!C:C, (ROW()-2)*averages!$U3+2):INDEX(ipopt_output!C:C, (ROW()-2)*averages!$U3+averages!$U3+1)), "") -> 0 | D3: =IFERROR(_xlfn.STDEV.S(INDEX(ipopt_output!D:D, (ROW()-2)*averages!$U3+2):INDEX(ipopt_output!D:D, (ROW()-2)*averages!$U3+averages!$U3+1)), "") -> 0 | E3: =IFERROR(_xlfn.STDEV.S(INDEX(ipopt_output!E:E, (ROW()-2)*averages!$U3+2):INDEX(ipopt_output!E:E, (ROW()-2)*averages!$U3+averages!$U3+1)), "") -> 0 | F3: =IFERROR(_xlfn.STDEV.S(INDEX(ipopt_output!F:F, (ROW()-2)*averages!$U3+2):INDEX(ipopt_output!F:F, (ROW()-2)*averages!$U3+averages!$U3+1)), "") -> 0 | G3: =IFERROR(_xlfn.STDEV.S(INDEX(ipopt_output!G:G, (ROW()-2)*averages!$U3+2):INDEX(ipopt_output!G:G, (ROW()-2)*averages!$U3+averages!$U3+1)), "") -> 0 | H3: =IFERROR(_xlfn.STDEV.S(INDEX(ipopt_output!H:H, (ROW()-2)*averages!$U3+2):INDEX(ipopt_output!H:H, (ROW()-2)*averages!$U3+averages!$U3+1)), "") -> 0 | I3: =IFERROR(_xlfn.STDEV.S(INDEX(ipopt_output!I:I, (ROW()-2)*averages!$U3+2):INDEX(ipopt_output!I:I, (ROW()-2)*averages!$U3+averages!$U3+1)), "") -> 0.88207757 | J3: =IFERROR(_xlfn.STDEV.S(INDEX(ipopt_output!J:J, (ROW()-2)*averages!$U3+2):INDEX(ipopt_output!J:J, (ROW()-2)*averages!$U3+averages!$U3+1)), "") -> 0.21180337 | K3: =IFERROR(_xlfn.STDEV.S(INDEX(ipopt_output!K:K, (ROW()-2)*averages!$U3+2):INDEX(ipopt_output!K:K, (ROW()-2)*averages!$U3+averages!$U3+1)), "") -> 1.0688437 | L3: =IFERROR(_xlfn.STDEV.S(INDEX(ipopt_output!L:L, (ROW()-2)*averages!$U3+2):INDEX(ipopt_output!L:L, (ROW()-2)*averages!$U3+averages!$U3+1)), "") | M3: =IFERROR(_xlfn.STDEV.S(INDEX(ipopt_output!M:M, (ROW()-2)*averages!$U3+2):INDEX(ipopt_output!M:M, (ROW()-2)*averages!$U3+averages!$U3+1)), "") | N3: =IFERROR(_xlfn.STDEV.S(INDEX(ipopt_output!N:N, (ROW()-2)*averages!$U3+2):INDEX(ipopt_output!N:N, (ROW()-2)*averages!$U3+averages!$U3+1)), "") | O3: =IFERROR(_xlfn.STDEV.S(INDEX(ipopt_output!O:O, (ROW()-2)*averages!$U3+2):INDEX(ipopt_output!O:O, (ROW()-2)*averages!$U3+averages!$U3+1)), "") | P3: =IFERROR(_xlfn.STDEV.S(INDEX(ipopt_output!P:P, (ROW()-2)*averages!$U3+2):INDEX(ipopt_output!P:P, (ROW()-2)*averages!$U3+averages!$U3+1)), "") | Q3: =IFERROR(_xlfn.STDEV.S(INDEX(ipopt_output!Q:Q, (ROW()-2)*averages!$U3+2):INDEX(ipopt_output!Q:Q, (ROW()-2)*averages!$U3+averages!$U3+1)), "") | R3: =IFERROR(_xlfn.STDEV.S(INDEX(ipopt_output!R:R, (ROW()-2)*averages!$U3+2):INDEX(ipopt_output!R:R, (ROW()-2)*averages!$U3+averages!$U3+1)), "") -> 1.0688427 | S3: =IFERROR(_xlfn.STDEV.S(INDEX(ipopt_output!S:S, (ROW()-2)*averages!$U3+2):INDEX(ipopt_output!S:S, (ROW()-2)*averages!$U3+averages!$U3+1)), "") -> 0 | T3: =IFERROR(_xlfn.STDEV.S(INDEX(ipopt_output!T:T, (ROW()-2)*averages!$U3+2):INDEX(ipopt_output!T:T, (ROW()-2)*averages!$U3+averages!$U3+1)), "") -> 3880.5534
A4: {=INDEX(ipopt_output!A:A, (ROW()-2)*averages!$U4+2)} -> spot_jump_twist_rk4-zero-tol_py | B4: {=INDEX(ipopt_output!B:B, (ROW()-2)*averages!$U4+2)} -> Converged to a point of local infeasibility. Problem may be infeasible. | C4: =IFERROR(_xlfn.STDEV.S(INDEX(ipopt_output!C:C, (ROW()-2)*averages!$U4+2):INDEX(ipopt_output!C:C, (ROW()-2)*averages!$U4+averages!$U4+1)), "") -> 0 | D4: =IFERROR(_xlfn.STDEV.S(INDEX(ipopt_output!D:D, (ROW()-2)*averages!$U4+2):INDEX(ipopt_output!D:D, (ROW()-2)*averages!$U4+averages!$U4+1)), "") -> 0 | E4: =IFERROR(_xlfn.STDEV.S(INDEX(ipopt_output!E:E, (ROW()-2)*averages!$U4+2):INDEX(ipopt_output!E:E, (ROW()-2)*averages!$U4+averages!$U4+1)), "") -> 0 | F4: =IFERROR(_xlfn.STDEV.S(INDEX(ipopt_output!F:F, (ROW()-2)*averages!$U4+2):INDEX(ipopt_output!F:F, (ROW()-2)*averages!$U4+averages!$U4+1)), "") -> 0 | G4: =IFERROR(_xlfn.STDEV.S(INDEX(ipopt_output!G:G, (ROW()-2)*averages!$U4+2):INDEX(ipopt_output!G:G, (ROW()-2)*averages!$U4+averages!$U4+1)), "") -> 1.9173832e-12 | H4: =IFERROR(_xlfn.STDEV.S(INDEX(ipopt_output!H:H, (ROW()-2)*averages!$U4+2):INDEX(ipopt_output!H:H, (ROW()-2)*averages!$U4+averages!$U4+1)), "") -> 0 | I4: =IFERROR(_xlfn.STDEV.S(INDEX(ipopt_output!I:I, (ROW()-2)*averages!$U4+2):INDEX(ipopt_output!I:I, (ROW()-2)*averages!$U4+averages!$U4+1)), "") -> 0.52910911 | J4: =IFERROR(_xlfn.STDEV.S(INDEX(ipopt_output!J:J, (ROW()-2)*averages!$U4+2):INDEX(ipopt_output!J:J, (ROW()-2)*averages!$U4+averages!$U4+1)), "") -> 0.26120116 | K4: =IFERROR(_xlfn.STDEV.S(INDEX(ipopt_output!K:K, (ROW()-2)*averages!$U4+2):INDEX(ipopt_output!K:K, (ROW()-2)*averages!$U4+averages!$U4+1)), "") -> 0.85295663 | L4: =IFERROR(_xlfn.STDEV.S(INDEX(ipopt_output!L:L, (ROW()-2)*averages!$U4+2):INDEX(ipopt_output!L:L, (ROW()-2)*averages!$U4+averages!$U4+1)), "") | M4: =IFERROR(_xlfn.STDEV.S(INDEX(ipopt_output!M:M, (ROW()-2)*averages!$U4+2):INDEX(ipopt_output!M:M, (ROW()-2)*averages!$U4+averages!$U4+1)), "") | N4: =IFERROR(_xlfn.STDEV.S(INDEX(ipopt_output!N:N, (ROW()-2)*averages!$U4+2):INDEX(ipopt_output!N:N, (ROW()-2)*averages!$U4+averages!$U4+1)), "") | O4: =IFERROR(_xlfn.STDEV.S(INDEX(ipopt_output!O:O, (ROW()-2)*averages!$U4+2):INDEX(ipopt_output!O:O, (ROW()-2)*averages!$U4+averages!$U4+1)), "") | P4: =IFERROR(_xlfn.STDEV.S(INDEX(ipopt_output!P:P, (ROW()-2)*averages!$U4+2):INDEX(ipopt_output!P:P, (ROW()-2)*averages!$U4+averages!$U4+1)), "") | Q4: =IFERROR(_xlfn.STDEV.S(INDEX(ipopt_output!Q:Q, (ROW()-2)*averages!$U4+2):INDEX(ipopt_output!Q:Q, (ROW()-2)*averages!$U4+averages!$U4+1)), "") | R4: =IFERROR(_xlfn.STDEV.S(INDEX(ipopt_output!R:R, (ROW()-2)*averages!$U4+2):INDEX(ipopt_output!R:R, (ROW()-2)*averages!$U4+averages!$U4+1)), "") -> 0.85296181 | S4: =IFERROR(_xlfn.STDEV.S(INDEX(ipopt_output!S:S, (ROW()-2)*averages!$U4+2):INDEX(ipopt_output!S:S, (ROW()-2)*averages!$U4+averages!$U4+1)), "") -> 0 | T4: =IFERROR(_xlfn.STDEV.S(INDEX(ipopt_output!T:T, (ROW()-2)*averages!$U4+2):INDEX(ipopt_output!T:T, (ROW()-2)*averages!$U4+averages!$U4+1)), "") -> 3880.5534
A5: {=INDEX(ipopt_output!A:A, (ROW()-2)*averages!$U5+2)} -> spot_jump_twist_rk4_py | B5: {=INDEX(ipopt_output!B:B, (ROW()-2)*averages!$U5+2)} -> Optimal Solution Found. | C5: =IFERROR(_xlfn.STDEV.S(INDEX(ipopt_output!C:C, (ROW()-2)*averages!$U5+2):INDEX(ipopt_output!C:C, (ROW()-2)*averages!$U5+averages!$U5+1)), "") -> 0 | D5: =IFERROR(_xlfn.STDEV.S(INDEX(ipopt_output!D:D, (ROW()-2)*averages!$U5+2):INDEX(ipopt_output!D:D, (ROW()-2)*averages!$U5+averages!$U5+1)), "") -> 0 | E5: =IFERROR(_xlfn.STDEV.S(INDEX(ipopt_output!E:E, (ROW()-2)*averages!$U5+2):INDEX(ipopt_output!E:E, (ROW()-2)*averages!$U5+averages!$U5+1)), "") -> 0 | F5: =IFERROR(_xlfn.STDEV.S(INDEX(ipopt_output!F:F, (ROW()-2)*averages!$U5+2):INDEX(ipopt_output!F:F, (ROW()-2)*averages!$U5+averages!$U5+1)), "") -> 0 | G5: =IFERROR(_xlfn.STDEV.S(INDEX(ipopt_output!G:G, (ROW()-2)*averages!$U5+2):INDEX(ipopt_output!G:G, (ROW()-2)*averages!$U5+averages!$U5+1)), "") -> 1.9173832e-12 | H5: =IFERROR(_xlfn.STDEV.S(INDEX(ipopt_output!H:H, (ROW()-2)*averages!$U5+2):INDEX(ipopt_output!H:H, (ROW()-2)*averages!$U5+averages!$U5+1)), "") -> 0 | I5: =IFERROR(_xlfn.STDEV.S(INDEX(ipopt_output!I:I, (ROW()-2)*averages!$U5+2):INDEX(ipopt_output!I:I, (ROW()-2)*averages!$U5+averages!$U5+1)), "") -> 0.54055137 | J5: =IFERROR(_xlfn.STDEV.S(INDEX(ipopt_output!J:J, (ROW()-2)*averages!$U5+2):INDEX(ipopt_output!J:J, (ROW()-2)*averages!$U5+averages!$U5+1)), "") -> 0.20598708 | K5: =IFERROR(_xlfn.STDEV.S(INDEX(ipopt_output!K:K, (ROW()-2)*averages!$U5+2):INDEX(ipopt_output!K:K, (ROW()-2)*averages!$U5+averages!$U5+1)), "") -> 1.1225537 | L5: =IFERROR(_xlfn.STDEV.S(INDEX(ipopt_output!L:L, (ROW()-2)*averages!$U5+2):INDEX(ipopt_output!L:L, (ROW()-2)*averages!$U5+averages!$U5+1)), "") | M5: =IFERROR(_xlfn.STDEV.S(INDEX(ipopt_output!M:M, (ROW()-2)*averages!$U5+2):INDEX(ipopt_output!M:M, (ROW()-2)*averages!$U5+averages!$U5+1)), "") | N5: =IFERROR(_xlfn.STDEV.S(INDEX(ipopt_output!N:N, (ROW()-2)*averages!$U5+2):INDEX(ipopt_output!N:N, (ROW()-2)*averages!$U5+averages!$U5+1)), "") | O5: =IFERROR(_xlfn.STDEV.S(INDEX(ipopt_output!O:O, (ROW()-2)*averages!$U5+2):INDEX(ipopt_output!O:O, (ROW()-2)*averages!$U5+averages!$U5+1)), "") | P5: =IFERROR(_xlfn.STDEV.S(INDEX(ipopt_output!P:P, (ROW()-2)*averages!$U5+2):INDEX(ipopt_output!P:P, (ROW()-2)*averages!$U5+averages!$U5+1)), "") | Q5: =IFERROR(_xlfn.STDEV.S(INDEX(ipopt_output!Q:Q, (ROW()-2)*averages!$U5+2):INDEX(ipopt_output!Q:Q, (ROW()-2)*averages!$U5+averages!$U5+1)), "") | R5: =IFERROR(_xlfn.STDEV.S(INDEX(ipopt_output!R:R, (ROW()-2)*averages!$U5+2):INDEX(ipopt_output!R:R, (ROW()-2)*averages!$U5+averages!$U5+1)), "") -> 1.122579 | S5: =IFERROR(_xlfn.STDEV.S(INDEX(ipopt_output!S:S, (ROW()-2)*averages!$U5+2):INDEX(ipopt_output!S:S, (ROW()-2)*averages!$U5+averages!$U5+1)), "") -> 0 | T5: =IFERROR(_xlfn.STDEV.S(INDEX(ipopt_output!T:T, (ROW()-2)*averages!$U5+2):INDEX(ipopt_output!T:T, (ROW()-2)*averages!$U5+averages!$U5+1)), "") -> 3880.5534

Sheet csv
A1: Cell A2 list the path to the .csv file. It should update automatically. If it doesn’t, then manually update the path
A2: {=LEFT(CELL("filename"),FIND("[",CELL("filename"))-1)} -> C:\Users\nr\Documents\Sync\IIT\Research Papers\TRO 2026\code\

Sheet table_hn
A1: Demo | B1: Library | C1: Solver | D1: ODE | E1: Converged? | F1: Objective | G1: Wall Time | H1: Wall Time Min | I1: Wall Time Max | J1: Wall Time Std. Dev | K1: Eval. Time | L1: Eval. Time Min | M1: Eval. Time Max | N1: Eval. Time Std. Dev. | O1: Iterations | P1: Variables | Q1: Eq. Constr. | R1: Ineq. Constr. | S1: Order | U1: num_runs
A2: spot | B2: Horizon | C2: Ipopt 3.12.3 | D2: COL3 | E2: No | F2: =averages!G2 -> 16947.153 | G2: =IFERROR(AVERAGE(INDEX(ipopt_output!R:R, (ROW()-2)*$U2+2):INDEX(ipopt_output!R:R, (ROW()-2)*$U2 + $U2+1)), "") -> 67.31362 | H2: =IFERROR(MIN(INDEX(ipopt_output!R:R, (ROW()-2)*$U2+2):INDEX(ipopt_output!R:R, (ROW()-2)*$U2 + $U2+1)), "") -> 66.0086 | I2: =IFERROR(MAX(INDEX(ipopt_output!R:R, (ROW()-2)*$U2+2):INDEX(ipopt_output!R:R, (ROW()-2)*$U2 + $U2+1)), "") -> 68.869 | J2: =IFERROR(_xlfn.STDEV.S(INDEX(ipopt_output!R:R, (ROW()-2)*$U2+2):INDEX(ipopt_output!R:R, (ROW()-2)*$U2 + $U2+1)), "") -> 0.88417222 | K2: =IFERROR(AVERAGE(INDEX(ipopt_output!J:J, (ROW()-2)*$U2+2):INDEX(ipopt_output!J:J, (ROW()-2)*$U2 + $U2+1)), "") -> 12.74 | L2: =IFERROR(MIN(INDEX(ipopt_output!J:J, (ROW()-2)*$U2+2):INDEX(ipopt_output!J:J, (ROW()-2)*$U2 + $U2+1)), "") -> 12.449 | M2: =IFERROR(MAX(INDEX(ipopt_output!J:J, (ROW()-2)*$U2+2):INDEX(ipopt_output!J:J, (ROW()-2)*$U2 + $U2+1)), "") -> 13.194 | N2: =IFERROR(_xlfn.STDEV.S(INDEX(ipopt_output!J:J, (ROW()-2)*$U2+2):INDEX(ipopt_output!J:J, (ROW()-2)*$U2 + $U2+1)), "") -> 0.24093475 | O2: =averages!F2 -> 493 | P2: =averages!C2 -> 8950 | Q2: =averages!D2 -> 8337 | R2: =averages!E2 -> 1180 | S2: 1.1 | U2: =COUNTIF(ipopt_output!A:A, ipopt_output!A2) -> 10
A3: spot | B3: Horizon | C3: Ipopt 3.12.3 | D3: RK1 | E3: No | F3: =averages!G3 -> 19921.462 | G3: =IFERROR(AVERAGE(INDEX(ipopt_output!R:R, (ROW()-2)*$U3+2):INDEX(ipopt_output!R:R, (ROW()-2)*$U3 + $U3+1)), "") -> 65.09577 | H3: =IFERROR(MIN(INDEX(ipopt_output!R:R, (ROW()-2)*$U3+2):INDEX(ipopt_output!R:R, (ROW()-2)*$U3 + $U3+1)), "") -> 63.8284 | I3: =IFERROR(MAX(INDEX(ipopt_output!R:R, (ROW()-2)*$U3+2):INDEX(ipopt_output!R:R, (ROW()-2)*$U3 + $U3+1)), "") -> 66.6606 | J3: =IFERROR(_xlfn.STDEV.S(INDEX(ipopt_output!R:R, (ROW()-2)*$U3+2):INDEX(ipopt_output!R:R, (ROW()-2)*$U3 + $U3+1)), "") -> 1.0688427 | K3: =IFERROR(AVERAGE(INDEX(ipopt_output!J:J, (ROW()-2)*$U3+2):INDEX(ipopt_output!J:J, (ROW()-2)*$U3 + $U3+1)), "") -> 9.019 | L3: =IFERROR(MIN(INDEX(ipopt_output!J:J, (ROW()-2)*$U3+2):INDEX(ipopt_output!J:J, (ROW()-2)*$U3 + $U3+1)), "") -> 8.734 | M3: =IFERROR(MAX(INDEX(ipopt_output!J:J, (ROW()-2)*$U3+2):INDEX(ipopt_output!J:J, (ROW()-2)*$U3 + $U3+1)), "") -> 9.382 | N3: =IFERROR(_xlfn.STDEV.S(INDEX(ipopt_output!J:J, (ROW()-2)*$U3+2):INDEX(ipopt_output!J:J, (ROW()-2)*$U3 + $U3+1)), "") -> 0.21180337 | O3: =averages!F3 -> 398 | P3: =averages!C3 -> 3400 | Q3: =averages!D3 -> 2787 | R3: =averages!E3 -> 1180 | S3: 2.1 | U3: {=COUNTIF(ipopt_output!A:A,INDEX(ipopt_output!A:A,SUM(U$2:U2)+2))} -> 10
A4: spot | B4: Horizon | C4: Ipopt 3.12.3 | D4: RK4 | E4: Yes | F4: =averages!G5 -> 13127.375 | G4: =IFERROR(AVERAGE(INDEX(ipopt_output!R:R, (ROW()-2)*$U4+2):INDEX(ipopt_output!R:R, (ROW()-2)*$U4 + $U4+1)), "") -> 43.19654 | H4: =IFERROR(MIN(INDEX(ipopt_output!R:R, (ROW()-2)*$U4+2):INDEX(ipopt_output!R:R, (ROW()-2)*$U4 + $U4+1)), "") -> 41.4095 | I4: =IFERROR(MAX(INDEX(ipopt_output!R:R, (ROW()-2)*$U4+2):INDEX(ipopt_output!R:R, (ROW()-2)*$U4 + $U4+1)), "") -> 44.3583 | J4: =IFERROR(_xlfn.STDEV.S(INDEX(ipopt_output!R:R, (ROW()-2)*$U4+2):INDEX(ipopt_output!R:R, (ROW()-2)*$U4 + $U4+1)), "") -> 0.85296181 | K4: =IFERROR(AVERAGE(INDEX(ipopt_output!J:J, (ROW()-2)*$U4+2):INDEX(ipopt_output!J:J, (ROW()-2)*$U4 + $U4+1)), "") -> 9.1204 | L4: =IFERROR(MIN(INDEX(ipopt_output!J:J, (ROW()-2)*$U4+2):INDEX(ipopt_output!J:J, (ROW()-2)*$U4 + $U4+1)), "") -> 8.687 | M4: =IFERROR(MAX(INDEX(ipopt_output!J:J, (ROW()-2)*$U4+2):INDEX(ipopt_output!J:J, (ROW()-2)*$U4 + $U4+1)), "") -> 9.483 | N4: =IFERROR(_xlfn.STDEV.S(INDEX(ipopt_output!J:J, (ROW()-2)*$U4+2):INDEX(ipopt_output!J:J, (ROW()-2)*$U4 + $U4+1)), "") -> 0.26120116 | O4: =averages!F5 -> 330 | P4: =averages!C5 -> 3400 | Q4: =averages!D5 -> 2787 | R4: =averages!E5 -> 1180 | S4: 3.1 | U4: {=COUNTIF(ipopt_output!A:A,INDEX(ipopt_output!A:A,SUM(U$2:U3)+2))} -> 10
