Workbook

Sheet benchmark
A1: model | B1: run | C1: solver | D1: version | E1: exit_status | F1: exit_code | G1: obj1 | H1: obj2 | I1: iterations | J1: obj_eval | K1: grad_eval | L1: eq_eval | M1: ineq_eval | N1: eq_jac | O1: ineq_jac | P1: hess_eval | Q1: constraint_violation_unscaled | R1: cpu_ipopt | S1: cpu_nlp | T1: total_vars | U1: total_eq | V1: total_ineq | W1: ampl_elapsed_time | X1: ampl_system_time | Y1: ampl_user_time | Z1: ampl_time | AA1: solve_elapsed_time | AB1: solve_system_time | AC1: solve_user_time | AD1: solve_time | AE1: nvars | AF1: snvars | AG1: ncons | AH1: sncons | AI1: tic | AJ1: toc
A2: acrobot | B2: 1 | C2: Ipopt | D2: 3.12.13 | E2: solved | F2: 0 | G2: 69.877642 | I2: 14 | J2: 26 | K2: 15 | L2: 26 | M2: 26 | N2: 15 | O2: 15 | P2: 14 | Q2: 2.8421709e-14 | R2: 0.01 | S2: 0.002 | T2: 132 | U2: 116 | V2: 18 | W2: 0.173 | X2: 0.03125 | Y2: 0 | Z2: 0.03125 | AA2: 0.046 | AB2: 0.015625 | AC2: 0.015625 | AD2: 0.03125 | AE2: 8779 | AF2: 132 | AG2: 8824 | AH2: 134 | AI2: 0.0097078704 | AJ2: 0.0097116898
A3: acrobot | B3: 2 | C3: Ipopt | D3: 3.12.13 | E3: solved | F3: 0 | G3: 69.877642 | I3: 14 | J3: 26 | K3: 15 | L3: 26 | M3: 26 | N3: 15 | O3: 15 | P3: 14 | Q3: 2.8421709e-14 | R3: 0.016 | S3: 0 | T3: 132 | U3: 116 | V3: 18 | W3: 0.187 | X3: 0.015625 | Y3: 0.015625 | Z3: 0.03125 | AA3: 0.063 | AB3: 0.015625 | AC3: 0 | AD3: 0.015625 | AE3: 8779 | AF3: 132 | AG3: 8824 | AH3: 134 | AI3: 0.0097136574 | AJ3: 0.0097184028
A4: acrobot | B4: 3 | C4: Ipopt | D4: 3.12.13 | E4: solved | F4: 0 | G4: 69.877642 | I4: 14 | J4: 26 | K4: 15 | L4: 26 | M4: 26 | N4: 15 | O4: 15 | P4: 14 | Q4: 2.8421709e-14 | R4: 0.01 | S4: 0.004 | T4: 132 | U4: 116 | V4: 18 | W4: 0.234 | X4: 0 | Y4: 0.03125 | Z4: 0.03125 | AA4: 0.032 | AB4: 0.015625 | AC4: 0 | AD4: 0.015625 | AE4: 8779 | AF4: 132 | AG4: 8824 | AH4: 134 | AI4: 0.0097202546 | AJ4: 0.009724537
A5: acrobot | B5: 4 | C5: Ipopt | D5: 3.12.13 | E5: solved | F5: 0 | G5: 69.877642 | I5: 14 | J5: 26 | K5: 15 | L5: 26 | M5: 26 | N5: 15 | O5: 15 | P5: 14 | Q5: 2.8421709e-14 | R5: 0.013 | S5: 0.002 | T5: 132 | U5: 116 | V5: 18 | W5: 0.172 | X5: 0.03125 | Y5: 0.03125 | Z5: 0.0625 | AA5: 0.031 | AB5: 0 | AC5: 0.015625 | AD5: 0.015625 | AE5: 8779 | AF5: 132 | AG5: 8824 | AH5: 134 | AI5: 0.0097263889 | AJ5: 0.0097302083
A6: acrobot | B6: 5 | C6: Ipopt | D6: 3.12.13 | E6: solved | F6: 0 | G6: 69.877642 | I6: 14 | J6: 26 | K6: 15 | L6: 26 | M6: 26 | N6: 15 | O6: 15 | P6: 14 | Q6: 2.8421709e-14 | R6: 0.012 | S6: 0.003 | T6: 132 | U6: 116 | V6: 18 | W6: 0.202 | X6: 0.03125 | Y6: 0 | Z6: 0.03125 | AA6: 0.032 | AB6: 0.015625 | AC6: 0 | AD6: 0.015625 | AE6: 8779 | AF6: 132 | AG6: 8824 | AH6: 134 | AI6: 0.0097319444 | AJ6: 0.0097357639
A7: acrobot | B7: 6 | C7: Ipopt | D7: 3.12.13 | E7: solved | F7: 0 | G7: 69.877642 | I7: 14 | J7: 26 | K7: 15 | L7: 26 | M7: 26 | N7: 15 | O7: 15 | P7: 14 | Q7: 2.8421709e-14 | R7: 0.011 | S7: 0.002 | T7: 132 | U7: 116 | V7: 18 | W7: 0.187 | X7: 0.03125 | Y7: 0.03125 | Z7: 0.0625 | AA7: 0.031 | AB7: 0 | AC7: 0.015625 | AD7: 0.015625 | AE7: 8779 | AF7: 132 | AG7: 8824 | AH7: 134 | AI7: 0.009737963 | AJ7: 0.0097416667
A8: acrobot | B8: 7 | C8: Ipopt | D8: 3.12.13 | E8: solved | F8: 0 | G8: 69.877642 | I8: 14 | J8: 26 | K8: 15 | L8: 26 | M8: 26 | N8: 15 | O8: 15 | P8: 14 | Q8: 2.8421709e-14 | R8: 0.02 | S8: 0.001 | T8: 132 | U8: 116 | V8: 18 | W8: 0.235 | X8: 0.015625 | Y8: 0.03125 | Z8: 0.046875 | AA8: 0.062 | AB8: 0.046875 | AC8: 0 | AD8: 0.046875 | AE8: 8779 | AF8: 132 | AG8: 8824 | AH8: 134 | AI8: 0.0097435185 | AJ8: 0.0097483796
A9: acrobot | B9: 8 | C9: Ipopt | D9: 3.12.13 | E9: solved | F9: 0 | G9: 69.877642 | I9: 14 | J9: 26 | K9: 15 | L9: 26 | M9: 26 | N9: 15 | O9: 15 | P9: 14 | Q9: 2.8421709e-14 | R9: 0.008 | S9: 0.006 | T9: 132 | U9: 116 | V9: 18 | W9: 0.173 | X9: 0 | Y9: 0.03125 | Z9: 0.03125 | AA9: 0.046 | AB9: 0.015625 | AC9: 0 | AD9: 0.015625 | AE9: 8779 | AF9: 132 | AG9: 8824 | AH9: 134 | AI9: 0.0097509259 | AJ9: 0.0097550926
A10: acrobot | B10: 9 | C10: Ipopt | D10: 3.12.13 | E10: solved | F10: 0 | G10: 69.877642 | I10: 14 | J10: 26 | K10: 15 | L10: 26 | M10: 26 | N10: 15 | O10: 15 | P10: 14 | Q10: 2.8421709e-14 | R10: 0.013 | S10: 0.001 | T10: 132 | U10: 116 | V10: 18 | W10: 0.173 | X10: 0 | Y10: 0.046875 | Z10: 0.046875 | AA10: 0.046 | AB10: 0 | AC10: 0.015625 | AD10: 0.015625 | AE10: 8779 | AF10: 132 | AG10: 8824 | AH10: 134 | AI10: 0.0097570602 | AJ10: 0.0097608796
A11: acrobot | B11: 10 | C11: Ipopt | D11: 3.12.13 | E11: solved | F11: 0 | G11: 69.877642 | I11: 14 | J11: 26 | K11: 15 | L11: 26 | M11: 26 | N11: 15 | O11: 15 | P11: 14 | Q11: 2.8421709e-14 | R11: 0.012 | S11: 0.002 | T11: 132 | U11: 116 | V11: 18 | W11: 0.171 | X11: 0 | Y11: 0.078125 | Z11: 0.078125 | AA11: 0.032 | AB11: 0 | AC11: 0.015625 | AD11: 0.015625 | AE11: 8779 | AF11: 132 | AG11: 8824 | AH11: 134 | AI11: 0.0097622685 | AJ11: 0.009766088
A12: cart-pendulum-time | B12: 1 | C12: Ipopt | D12: 3.12.13 | E12: solved | F12: 0 | G12: 1.1459373 | I12: 30 | J12: 50 | K12: 31 | L12: 50 | M12: 0 | N12: 31 | O12: 0 | P12: 30 | Q12: 6.2101435e-12 | R12: 0.017 | S12: 0 | T12: 80 | U12: 74 | V12: 0 | W12: 0.172 | X12: 0.03125 | Y12: 0.015625 | Z12: 0.046875 | AA12: 0.047 | AB12: 0.015625 | AC12: 0 | AD12: 0.015625 | AE12: 4388 | AF12: 80 | AG12: 4413 | AH12: 74 | AI12: 0.0097679398 | AJ12: 0.0097717593
A13: cart-pendulum-time | B13: 2 | C13: Ipopt | D13: 3.12.13 | E13: solved | F13: 0 | G13: 1.1459373 | I13: 30 | J13: 50 | K13: 31 | L13: 50 | M13: 0 | N13: 31 | O13: 0 | P13: 30 | Q13: 6.2101435e-12 | R13: 0.017 | S13: 0 | T13: 80 | U13: 74 | V13: 0 | W13: 0.173 | X13: 0.015625 | Y13: 0 | Z13: 0.015625 | AA13: 0.031 | AB13: 0.015625 | AC13: 0.03125 | AD13: 0.046875 | AE13: 4388 | AF13: 80 | AG13: 4413 | AH13: 74 | AI13: 0.0097736111 | AJ13: 0.0097770833
... A61: five-link-tropic | B61: 10 | C61: Ipopt | D61: 3.12.13 | E61: solved | F61: 0 | G61: 5.7300002 | I61: 206 | J61: 273 | K61: 207 | L61: 273 | M61: 273 | N61: 210 | O61: 210 | P61: 206 | Q61: 1.4438672e-11 | R61: 18.65 | S61: 12.046 | T61: 2345 | U61: 2331 | V61: 206 | W61: 1.344 | X61: 0.25 | Y61: 1 | Z61: 1.25 | AA61: 30.89 | AB61: 0.453125 | AC61: 30.390625 | AD61: 30.84375 | AE61: 371155 | AF61: 2345 | AG61: 372492 | AH61: 2537 | AI61: 0.013629051 | AJ61: 0.014024537
A62: grasp-cbc | B62: 1 | C62: cbc | D62: 2.10.12 | E62: failure | F62: 500 | G62: 0 | W62: 0.187 | X62: 0.015625 | Y62: 0.0625 | Z62: 0.078125 | AA62: 0.016 | AB62: 0.015625 | AC62: 0.015625 | AD62: 0.03125 | AE62: 29729 | AF62: 73 | AG62: 29766 | AH62: 80 | AI62: 0.014026389 | AJ62: 0.014030324
A63: grasp-cbc | B63: 2 | C63: cbc | D63: 2.10.12 | E63: failure | F63: 500 | G63: 0 | W63: 0.25 | X63: 0.015625 | Y63: 0.078125 | Z63: 0.09375 | AA63: 0.016 | AB63: 0 | AC63: 0 | AD63: 0 | AE63: 29729 | AF63: 73 | AG63: 29766 | AH63: 80 | AI63: 0.014032176 | AJ63: 0.014036343
A64: grasp-cbc | B64: 3 | C64: cbc | D64: 2.10.12 | E64: failure | F64: 500 | G64: 0 | W64: 0.187 | X64: 0.046875 | Y64: 0.0625 | Z64: 0.109375 | AA64: 0.031 | AB64: 0 | AC64: 0 | AD64: 0 | AE64: 29729 | AF64: 73 | AG64: 29766 | AH64: 80 | AI64: 0.014038079 | AJ64: 0.014041782
A65: grasp-cbc | B65: 4 | C65: cbc | D65: 2.10.12 | E65: failure | F65: 500 | G65: 0 | W65: 0.234 | X65: 0.046875 | Y65: 0.0625 | Z65: 0.109375 | AA65: 0.032 | AB65: 0.015625 | AC65: 0 | AD65: 0.015625 | AE65: 29729 | AF65: 73 | AG65: 29766 | AH65: 80 | AI65: 0.014043519 | AJ65: 0.014047801
A66: grasp-cbc | B66: 5 | C66: cbc | D66: 2.10.12 | E66: failure | F66: 500 | G66: 0 | W66: 0.219 | X66: 0.03125 | Y66: 0.0625 | Z66: 0.09375 | AA66: 0.016 | AB66: 0.015625 | AC66: 0 | AD66: 0.015625 | AE66: 29729 | AF66: 73 | AG66: 29766 | AH66: 80 | AI66: 0.014049537 | AJ66: 0.014053241
A67: grasp-cbc | B67: 6 | C67: cbc | D67: 2.10.12 | E67: failure | F67: 500 | G67: 0 | W67: 0.249 | X67: 0.046875 | Y67: 0.046875 | Z67: 0.09375 | AA67: 0.032 | AB67: 0.03125 | AC67: 0 | AD67: 0.03125 | AE67: 29729 | AF67: 73 | AG67: 29766 | AH67: 80 | AI67: 0.014055093 | AJ67: 0.014059375
A68: grasp-cbc | B68: 7 | C68: cbc | D68: 2.10.12 | E68: failure | F68: 500 | G68: 0 | W68: 0.203 | X68: 0.015625 | Y68: 0.0625 | Z68: 0.078125 | AA68: 0.032 | AB68: 0 | AC68: 0.03125 | AD68: 0.03125 | AE68: 29729 | AF68: 73 | AG68: 29766 | AH68: 80 | AI68: 0.014061458 | AJ68: 0.014065278
A69: grasp-cbc | B69: 8 | C69: cbc | D69: 2.10.12 | E69: failure | F69: 500 | G69: 0 | W69: 0.172 | X69: 0.046875 | Y69: 0.078125 | Z69: 0.125 | AA69: 0.031 | AB69: 0.015625 | AC69: 0.015625 | AD69: 0.03125 | AE69: 29729 | AF69: 73 | AG69: 29766 | AH69: 80 | AI69: 0.014067014 | AJ69: 0.014070602
A70: grasp-cbc | B70: 9 | C70: cbc | D70: 2.10.12 | E70: failure | F70: 500 | G70: 0 | W70: 0.203 | X70: 0.0625 | Y70: 0.03125 | Z70: 0.09375 | AA70: 0.031 | AB70: 0 | AC70: 0 | AD70: 0 | AE70: 29729 | AF70: 73 | AG70: 29766 | AH70: 80 | AI70: 0.014072685 | AJ70: 0.014076505
A71: grasp-cbc | B71: 10 | C71: cbc | D71: 2.10.12 | E71: failure | F71: 500 | G71: 0 | W71: 0.203 | X71: 0.046875 | Y71: 0.0625 | Z71: 0.109375 | AA71: 0.047 | AB71: 0 | AC71: 0.015625 | AD71: 0.015625 | AE71: 29729 | AF71: 73 | AG71: 29766 | AH71: 80 | AI71: 0.014078356 | AJ71: 0.014082639
A72: grasp-conopt | B72: 1 | E72: solved? | F72: 100 | G72: 6 | W72: 0.188 | X72: 0.03125 | Y72: 0.09375 | Z72: 0.125 | AA72: 0.109 | AB72: 0.015625 | AC72: 0.03125 | AD72: 0.046875 | AE72: 29729 | AF72: 73 | AG72: 29766 | AH72: 80 | AI72: 0.014084606 | AJ72: 0.014089468
A73: grasp-conopt | B73: 2 | E73: solved? | F73: 100 | G73: 6 | W73: 0.219 | X73: 0.03125 | Y73: 0.109375 | Z73: 0.140625 | AA73: 0.078 | AB73: 0 | AC73: 0 | AD73: 0 | AE73: 29729 | AF73: 73 | AG73: 29766 | AH73: 80 | AI73: 0.014091204 | AJ73: 0.014095833
A74: grasp-conopt | B74: 3 | E74: solved? | F74: 100 | G74: 6 | W74: 0.235 | X74: 0.046875 | Y74: 0.078125 | Z74: 0.125 | AA74: 0.125 | AB74: 0.015625 | AC74: 0.015625 | AD74: 0.03125 | AE74: 29729 | AF74: 73 | AG74: 29766 | AH74: 80 | AI74: 0.014097569 | AJ74: 0.014103356
A75: grasp-conopt | B75: 4 | E75: solved? | F75: 100 | G75: 6 | W75: 0.234 | X75: 0.046875 | Y75: 0.0625 | Z75: 0.109375 | AA75: 0.078 | AB75: 0 | AC75: 0 | AD75: 0 | AE75: 29729 | AF75: 73 | AG75: 29766 | AH75: 80 | AI75: 0.014104977 | AJ75: 0.014109375
A76: grasp-conopt | B76: 5 | E76: solved? | F76: 100 | G76: 6 | W76: 0.172 | X76: 0 | Y76: 0.09375 | Z76: 0.09375 | AA76: 0.344 | AB76: 0.015625 | AC76: 0 | AD76: 0.015625 | AE76: 29729 | AF76: 73 | AG76: 29766 | AH76: 80 | AI76: 0.014111806 | AJ76: 0.014118981
A77: grasp-conopt | B77: 6 | E77: solved? | F77: 100 | G77: 6 | W77: 0.234 | X77: 0.03125 | Y77: 0.109375 | Z77: 0.140625 | AA77: 0.188 | AB77: 0 | AC77: 0.03125 | AD77: 0.03125 | AE77: 29729 | AF77: 73 | AG77: 29766 | AH77: 80 | AI77: 0.014120602 | AJ77: 0.014126389
A78: grasp-conopt | B78: 7 | E78: solved? | F78: 100 | G78: 6 | W78: 0.203 | X78: 0.03125 | Y78: 0.0625 | Z78: 0.09375 | AA78: 0.063 | AB78: 0.015625 | AC78: 0.015625 | AD78: 0.03125 | AE78: 29729 | AF78: 73 | AG78: 29766 | AH78: 80 | AI78: 0.014128704 | AJ78: 0.014132755
A79: grasp-conopt | B79: 8 | E79: solved? | F79: 100 | G79: 6 | W79: 0.219 | X79: 0.046875 | Y79: 0.078125 | Z79: 0.125 | AA79: 0.063 | AB79: 0.046875 | AC79: 0.03125 | AD79: 0.078125 | AE79: 29729 | AF79: 73 | AG79: 29766 | AH79: 80 | AI79: 0.014134606 | AJ79: 0.01413912
A80: grasp-conopt | B80: 9 | E80: solved? | F80: 100 | G80: 6 | W80: 0.25 | X80: 0.0625 | Y80: 0.0625 | Z80: 0.125 | AA80: 0.078 | AB80: 0.046875 | AC80: 0.015625 | AD80: 0.0625 | AE80: 29729 | AF80: 73 | AG80: 29766 | AH80: 80 | AI80: 0.014140625 | AJ80: 0.01414537
A81: grasp-conopt | B81: 10 | E81: solved? | F81: 100 | G81: 6 | W81: 0.203 | X81: 0 | Y81: 0.09375 | Z81: 0.09375 | AA81: 0.172 | AB81: 0 | AC81: 0 | AD81: 0 | AE81: 29729 | AF81: 73 | AG81: 29766 | AH81: 80 | AI81: 0.014146875 | AJ81: 0.014152315
A82: grasp-gurobi | B82: 1 | C82: Gurobi | D82: 12.0.3 | E82: solved | F82: 0 | G82: 4 | W82: 0.219 | X82: 0.03125 | Y82: 0.09375 | Z82: 0.125 | AA82: 0.328 | AB82: 0.25 | AC82: 1.671875 | AD82: 1.921875 | AE82: 29729 | AF82: 73 | AG82: 29766 | AH82: 80 | AI82: 0.014154398 | AJ82: 0.014161806
A83: grasp-gurobi | B83: 2 | C83: Gurobi | D83: 12.0.3 | E83: solved | F83: 0 | G83: 4 | W83: 0.203 | X83: 0.03125 | Y83: 0.078125 | Z83: 0.109375 | AA83: 0.265 | AB83: 0.375 | AC83: 1.640625 | AD83: 2.015625 | AE83: 29729 | AF83: 73 | AG83: 29766 | AH83: 80 | AI83: 0.01416331 | AJ83: 0.014170023
A84: grasp-gurobi | B84: 3 | C84: Gurobi | D84: 12.0.3 | E84: solved | F84: 0 | G84: 4 | W84: 0.188 | X84: 0.0625 | Y84: 0.0625 | Z84: 0.125 | AA84: 0.25 | AB84: 0.5 | AC84: 1.546875 | AD84: 2.046875 | AE84: 29729 | AF84: 73 | AG84: 29766 | AH84: 80 | AI84: 0.014171644 | AJ84: 0.014177546
A85: grasp-gurobi | B85: 4 | C85: Gurobi | D85: 12.0.3 | E85: solved | F85: 0 | G85: 4 | W85: 0.251 | X85: 0.015625 | Y85: 0.09375 | Z85: 0.109375 | AA85: 0.265 | AB85: 0.296875 | AC85: 1.75 | AD85: 2.046875 | AE85: 29729 | AF85: 73 | AG85: 29766 | AH85: 80 | AI85: 0.014179514 | AJ85: 0.014186921
A86: grasp-gurobi | B86: 5 | C86: Gurobi | D86: 12.0.3 | E86: solved | F86: 0 | G86: 4 | W86: 0.234 | X86: 0.0625 | Y86: 0.046875 | Z86: 0.109375 | AA86: 0.266 | AB86: 0.296875 | AC86: 1.765625 | AD86: 2.0625 | AE86: 29729 | AF86: 73 | AG86: 29766 | AH86: 80 | AI86: 0.014188426 | AJ86: 0.014195255
A87: grasp-gurobi | B87: 6 | C87: Gurobi | D87: 12.0.3 | E87: solved | F87: 0 | G87: 4 | W87: 0.171 | X87: 0.046875 | Y87: 0.046875 | Z87: 0.09375 | AA87: 0.266 | AB87: 0.3125 | AC87: 1.625 | AD87: 1.9375 | AE87: 29729 | AF87: 73 | AG87: 29766 | AH87: 80 | AI87: 0.014197454 | AJ87: 0.014203588
A88: grasp-gurobi | B88: 7 | C88: Gurobi | D88: 12.0.3 | E88: solved | F88: 0 | G88: 4 | W88: 0.219 | X88: 0.046875 | Y88: 0.03125 | Z88: 0.078125 | AA88: 0.266 | AB88: 0.453125 | AC88: 1.53125 | AD88: 1.984375 | AE88: 29729 | AF88: 73 | AG88: 29766 | AH88: 80 | AI88: 0.014205093 | AJ88: 0.01421169
A89: grasp-gurobi | B89: 8 | C89: Gurobi | D89: 12.0.3 | E89: solved | F89: 0 | G89: 4 | W89: 0.203 | X89: 0 | Y89: 0.078125 | Z89: 0.078125 | AA89: 0.25 | AB89: 0.21875 | AC89: 1.640625 | AD89: 1.859375 | AE89: 29729 | AF89: 73 | AG89: 29766 | AH89: 80 | AI89: 0.014213194 | AJ89: 0.014219676
A90: grasp-gurobi | B90: 9 | C90: Gurobi | D90: 12.0.3 | E90: solved | F90: 0 | G90: 4 | W90: 0.172 | X90: 0.03125 | Y90: 0.046875 | Z90: 0.078125 | AA90: 0.266 | AB90: 0.421875 | AC90: 1.4375 | AD90: 1.859375 | AE90: 29729 | AF90: 73 | AG90: 29766 | AH90: 80 | AI90: 0.014221181 | AJ90: 0.014227431
A91: grasp-gurobi | B91: 10 | C91: Gurobi | D91: 12.0.3 | E91: solved | F91: 0 | G91: 4 | W91: 0.156 | X91: 0.0625 | Y91: 0.046875 | Z91: 0.109375 | AA91: 0.266 | AB91: 0.203125 | AC91: 1.625 | AD91: 1.828125 | AE91: 29729 | AF91: 73 | AG91: 29766 | AH91: 80 | AI91: 0.014229398 | AJ91: 0.014235995
A92: grasp-highs | B92: 1 | C92: HiGHS | D92: 1.11.0 | E92: failure | F92: 500 | G92: 0 | W92: 0.172 | X92: 0.046875 | Y92: 0.046875 | Z92: 0.09375 | AA92: 0.031 | AB92: 0 | AC92: 0.015625 | AD92: 0.015625 | AE92: 29729 | AF92: 73 | AG92: 29766 | AH92: 80 | AI92: 0.014237847 | AJ92: 0.014241319
A93: grasp-highs | B93: 2 | C93: HiGHS | D93: 1.11.0 | E93: failure | F93: 500 | G93: 0 | W93: 0.218 | X93: 0.046875 | Y93: 0.078125 | Z93: 0.125 | AA93: 0.032 | AB93: 0.03125 | AC93: 0.03125 | AD93: 0.0625 | AE93: 29729 | AF93: 73 | AG93: 29766 | AH93: 80 | AI93: 0.014243634 | AJ93: 0.014247569
... A131: grasp-scip | B131: 10 | C131: SCIP | D131: 9.2.2 | E131: solved | F131: 0 | G131: 4 | W131: 0.53 | X131: 0.03125 | Y131: 0.0625 | Z131: 0.09375 | AA131: 38.891 | AB131: 1.625 | AC131: 38.125 | AD131: 39.75 | AE131: 29729 | AF131: 73 | AG131: 29766 | AH131: 80 | AI131: 0.018809838 | AJ131: 0.019266898
A132: kinematic-car-conopt | B132: 1 | E132: solved? | F132: 100 | G132: 1.9590243 | W132: 0.203 | X132: 0.046875 | Y132: 0.03125 | Z132: 0.078125 | AA132: 0.125 | AB132: 0.03125 | AC132: 0.03125 | AD132: 0.0625 | AE132: 16623 | AF132: 391 | AG132: 16624 | AH132: 341 | AI132: 0.019268403 | AJ132: 0.019273264
A133: kinematic-car-conopt | B133: 2 | E133: solved? | F133: 100 | G133: 1.9590243 | W133: 0.172 | X133: 0.015625 | Y133: 0.078125 | Z133: 0.09375 | AA133: 0.141 | AB133: 0.046875 | AC133: 0.015625 | AD133: 0.0625 | AE133: 16623 | AF133: 391 | AG133: 16624 | AH133: 341 | AI133: 0.019275 | AJ133: 0.019279745
A134: kinematic-car-conopt | B134: 3 | E134: solved? | F134: 100 | G134: 1.9590243 | W134: 0.25 | X134: 0.03125 | Y134: 0.015625 | Z134: 0.046875 | AA134: 0.125 | AB134: 0.015625 | AC134: 0.03125 | AD134: 0.046875 | AE134: 16623 | AF134: 391 | AG134: 16624 | AH134: 341 | AI134: 0.019281366 | AJ134: 0.019286574
A135: kinematic-car-conopt | B135: 4 | E135: solved? | F135: 100 | G135: 1.9590243 | W135: 0.218 | X135: 0 | Y135: 0.046875 | Z135: 0.046875 | AA135: 0.125 | AB135: 0.03125 | AC135: 0.03125 | AD135: 0.0625 | AE135: 16623 | AF135: 391 | AG135: 16624 | AH135: 341 | AI135: 0.019287963 | AJ135: 0.019293056
A136: kinematic-car-conopt | B136: 5 | E136: solved? | F136: 100 | G136: 1.9590243 | W136: 0.219 | X136: 0.0625 | Y136: 0.015625 | Z136: 0.078125 | AA136: 0.109 | AB136: 0.015625 | AC136: 0.046875 | AD136: 0.0625 | AE136: 16623 | AF136: 391 | AG136: 16624 | AH136: 341 | AI136: 0.019295139 | AJ136: 0.0193
A137: kinematic-car-conopt | B137: 6 | E137: solved? | F137: 100 | G137: 1.9590243 | W137: 0.265 | X137: 0.015625 | Y137: 0.046875 | Z137: 0.0625 | AA137: 0.11 | AB137: 0.03125 | AC137: 0.03125 | AD137: 0.0625 | AE137: 16623 | AF137: 391 | AG137: 16624 | AH137: 341 | AI137: 0.019301389 | AJ137: 0.019306597
A138: kinematic-car-conopt | B138: 7 | E138: solved? | F138: 100 | G138: 1.9590243 | W138: 0.219 | X138: 0.046875 | Y138: 0 | Z138: 0.046875 | AA138: 0.125 | AB138: 0.046875 | AC138: 0.0625 | AD138: 0.109375 | AE138: 16623 | AF138: 391 | AG138: 16624 | AH138: 341 | AI138: 0.019308218 | AJ138: 0.019313079
A139: kinematic-car-conopt | B139: 8 | E139: solved? | F139: 100 | G139: 1.9590243 | W139: 0.219 | X139: 0.03125 | Y139: 0.046875 | Z139: 0.078125 | AA139: 0.125 | AB139: 0.015625 | AC139: 0.046875 | AD139: 0.0625 | AE139: 16623 | AF139: 391 | AG139: 16624 | AH139: 341 | AI139: 0.019314699 | AJ139: 0.019320023
A140: kinematic-car-conopt | B140: 9 | E140: solved? | F140: 100 | G140: 1.9590243 | W140: 0.219 | X140: 0.015625 | Y140: 0.046875 | Z140: 0.0625 | AA140: 0.172 | AB140: 0.015625 | AC140: 0.03125 | AD140: 0.046875 | AE140: 16623 | AF140: 391 | AG140: 16624 | AH140: 341 | AI140: 0.019321528 | AJ140: 0.019327199
A141: kinematic-car-conopt | B141: 10 | E141: solved? | F141: 100 | G141: 1.9590243 | W141: 0.218 | X141: 0.015625 | Y141: 0.03125 | Z141: 0.046875 | AA141: 0.11 | AB141: 0.03125 | AC141: 0.015625 | AD141: 0.046875 | AE141: 16623 | AF141: 391 | AG141: 16624 | AH141: 341 | AI141: 0.019328819 | AJ141: 0.019333565
A142: kinematic-car-filter | B142: 1 | E142: failure | F142: 999 | G142: 0 | W142: 0.047 | X142: 0.015625 | Y142: 0.03125 | Z142: 0.046875 | AA142: 0 | AB142: 0 | AC142: 0 | AD142: 0 | AE142: 16623 | AF142: 391 | AG142: 16624 | AH142: 341 | AI142: 0.019335185 | AJ142: 0.019336806
A143: kinematic-car-filter | B143: 2 | E143: failure | F143: 999 | G143: 0 | W143: 0.047 | X143: 0.046875 | Y143: 0.03125 | Z143: 0.078125 | AA143: 0 | AB143: 0 | AC143: 0 | AD143: 0 | AE143: 16623 | AF143: 391 | AG143: 16624 | AH143: 341 | AI143: 0.019338426 | AJ143: 0.019340625
... A151: kinematic-car-filter | B151: 10 | E151: failure | F151: 999 | G151: 0 | W151: 0.047 | X151: 0.03125 | Y151: 0.046875 | Z151: 0.078125 | AA151: 0 | AB151: 0 | AC151: 0 | AD151: 0 | AE151: 16623 | AF151: 391 | AG151: 16624 | AH151: 341 | AI151: 0.019365278 | AJ151: 0.019366898
A152: kinematic-car-gurobi | B152: 1 | C152: Gurobi | D152: 12.0.3 | E152: solved | F152: 0 | G152: 1.9590244 | W152: 0.172 | X152: 0.046875 | Y152: 0.046875 | Z152: 0.09375 | AA152: 3.75 | AB152: 1.765625 | AC152: 46.921875 | AD152: 48.6875 | AE152: 16623 | AF152: 391 | AG152: 16624 | AH152: 341 | AI152: 0.019368519 | AJ152: 0.019415046
A153: kinematic-car-gurobi | B153: 2 | C153: Gurobi | D153: 12.0.3 | E153: solved | F153: 0 | G153: 1.9590244 | W153: 0.203 | X153: 0.046875 | Y153: 0.015625 | Z153: 0.0625 | AA153: 3.641 | AB153: 1.390625 | AC153: 44.609375 | AD153: 46 | AE153: 16623 | AF153: 391 | AG153: 16624 | AH153: 341 | AI153: 0.019416667 | AJ153: 0.019461921
A154: kinematic-car-gurobi | B154: 3 | C154: Gurobi | D154: 12.0.3 | E154: solved | F154: 0 | G154: 1.9590244 | W154: 0.172 | X154: 0.015625 | Y154: 0.03125 | Z154: 0.046875 | AA154: 3.672 | AB154: 1.59375 | AC154: 45.4375 | AD154: 47.03125 | AE154: 16623 | AF154: 391 | AG154: 16624 | AH154: 341 | AI154: 0.019463889 | AJ154: 0.019509491
A155: kinematic-car-gurobi | B155: 4 | C155: Gurobi | D155: 12.0.3 | E155: solved | F155: 0 | G155: 1.9590244 | W155: 0.219 | X155: 0 | Y155: 0.046875 | Z155: 0.046875 | AA155: 3.828 | AB155: 1.78125 | AC155: 48.609375 | AD155: 50.390625 | AE155: 16623 | AF155: 391 | AG155: 16624 | AH155: 341 | AI155: 0.019511111 | AJ155: 0.019558912
A156: kinematic-car-gurobi | B156: 5 | C156: Gurobi | D156: 12.0.3 | E156: solved | F156: 0 | G156: 1.9590244 | W156: 0.218 | X156: 0 | Y156: 0.046875 | Z156: 0.046875 | AA156: 3.657 | AB156: 1.453125 | AC156: 44.6875 | AD156: 46.140625 | AE156: 16623 | AF156: 391 | AG156: 16624 | AH156: 341 | AI156: 0.019560648 | AJ156: 0.019606481
A157: kinematic-car-gurobi | B157: 6 | C157: Gurobi | D157: 12.0.3 | E157: solved | F157: 0 | G157: 1.9590244 | W157: 0.141 | X157: 0 | Y157: 0.078125 | Z157: 0.078125 | AA157: 3.625 | AB157: 1.546875 | AC157: 44 | AD157: 45.546875 | AE157: 16623 | AF157: 391 | AG157: 16624 | AH157: 341 | AI157: 0.019608102 | AJ157: 0.019652662
A158: kinematic-car-gurobi | B158: 7 | C158: Gurobi | D158: 12.0.3 | E158: solved | F158: 0 | G158: 1.9590244 | W158: 0.203 | X158: 0.015625 | Y158: 0.03125 | Z158: 0.046875 | AA158: 3.594 | AB158: 1.53125 | AC158: 43.703125 | AD158: 45.234375 | AE158: 16623 | AF158: 391 | AG158: 16624 | AH158: 341 | AI158: 0.019654514 | AJ158: 0.019699306
A159: kinematic-car-gurobi | B159: 8 | C159: Gurobi | D159: 12.0.3 | E159: solved | F159: 0 | G159: 1.9590244 | W159: 0.188 | X159: 0.03125 | Y159: 0.03125 | Z159: 0.0625 | AA159: 3.609 | AB159: 1.515625 | AC159: 44.890625 | AD159: 46.40625 | AE159: 16623 | AF159: 391 | AG159: 16624 | AH159: 341 | AI159: 0.019700694 | AJ159: 0.019745602
A160: kinematic-car-gurobi | B160: 9 | C160: Gurobi | D160: 12.0.3 | E160: solved | F160: 0 | G160: 1.9590244 | W160: 0.187 | X160: 0.015625 | Y160: 0.046875 | Z160: 0.0625 | AA160: 3.672 | AB160: 1.296875 | AC160: 45.640625 | AD160: 46.9375 | AE160: 16623 | AF160: 391 | AG160: 16624 | AH160: 341 | AI160: 0.019747222 | AJ160: 0.019792824
A161: kinematic-car-gurobi | B161: 10 | C161: Gurobi | D161: 12.0.3 | E161: solved | F161: 0 | G161: 1.9590244 | W161: 0.188 | X161: 0.046875 | Y161: 0.015625 | Z161: 0.0625 | AA161: 3.546 | AB161: 1.609375 | AC161: 44.546875 | AD161: 46.15625 | AE161: 16623 | AF161: 391 | AG161: 16624 | AH161: 341 | AI161: 0.019794213 | AJ161: 0.019838657
A162: kinematic-car-ipopt | B162: 1 | C162: Ipopt | D162: 3.12.13 | E162: solved | F162: 0 | G162: 1.9589705 | I162: 204 | J162: 547 | K162: 205 | L162: 547 | M162: 0 | N162: 207 | O162: 0 | P162: 204 | Q162: 1.8285026e-12 | R162: 0.603 | S162: 0.046 | T162: 391 | U162: 341 | V162: 0 | W162: 0.188 | X162: 0.0625 | Y162: 0.03125 | Z162: 0.09375 | AA162: 0.687 | AB162: 0.03125 | AC162: 0.609375 | AD162: 0.640625 | AE162: 16623 | AF162: 391 | AG162: 16624 | AH162: 341 | AI162: 0.019840394 | AJ162: 0.019851505
A163: kinematic-car-ipopt | B163: 2 | C163: Ipopt | D163: 3.12.13 | E163: solved | F163: 0 | G163: 1.9589705 | I163: 204 | J163: 547 | K163: 205 | L163: 547 | M163: 0 | N163: 207 | O163: 0 | P163: 204 | Q163: 1.8285026e-12 | R163: 0.636 | S163: 0.036 | T163: 391 | U163: 341 | V163: 0 | W163: 0.188 | X163: 0.015625 | Y163: 0.03125 | Z163: 0.046875 | AA163: 0.687 | AB163: 0.046875 | AC163: 0.625 | AD163: 0.671875 | AE163: 16623 | AF163: 391 | AG163: 16624 | AH163: 341 | AI163: 0.019853356 | AJ163: 0.019864931
A164: kinematic-car-ipopt | B164: 3 | C164: Ipopt | D164: 3.12.13 | E164: solved | F164: 0 | G164: 1.9589705 | I164: 204 | J164: 547 | K164: 205 | L164: 547 | M164: 0 | N164: 207 | O164: 0 | P164: 204 | Q164: 1.8285026e-12 | R164: 0.663 | S164: 0.043 | T164: 391 | U164: 341 | V164: 0 | W164: 0.156 | X164: 0.046875 | Y164: 0.015625 | Z164: 0.0625 | AA164: 0.735 | AB164: 0.03125 | AC164: 0.6875 | AD164: 0.71875 | AE164: 16623 | AF164: 391 | AG164: 16624 | AH164: 341 | AI164: 0.019866667 | AJ164: 0.019878588
A165: kinematic-car-ipopt | B165: 4 | C165: Ipopt | D165: 3.12.13 | E165: solved | F165: 0 | G165: 1.9589705 | I165: 204 | J165: 547 | K165: 205 | L165: 547 | M165: 0 | N165: 207 | O165: 0 | P165: 204 | Q165: 1.8285026e-12 | R165: 0.736 | S165: 0.028 | T165: 391 | U165: 341 | V165: 0 | W165: 0.235 | X165: 0.03125 | Y165: 0.046875 | Z165: 0.078125 | AA165: 0.828 | AB165: 0.015625 | AC165: 0.75 | AD165: 0.765625 | AE165: 16623 | AF165: 391 | AG165: 16624 | AH165: 341 | AI165: 0.01988044 | AJ165: 0.019894329
A166: kinematic-car-ipopt | B166: 5 | C166: Ipopt | D166: 3.12.13 | E166: solved | F166: 0 | G166: 1.9589705 | I166: 204 | J166: 547 | K166: 205 | L166: 547 | M166: 0 | N166: 207 | O166: 0 | P166: 204 | Q166: 1.8285026e-12 | R166: 0.631 | S166: 0.05 | T166: 391 | U166: 341 | V166: 0 | W166: 0.203 | X166: 0.03125 | Y166: 0.03125 | Z166: 0.0625 | AA166: 0.703 | AB166: 0.046875 | AC166: 0.640625 | AD166: 0.6875 | AE166: 16623 | AF166: 391 | AG166: 16624 | AH166: 341 | AI166: 0.019896644 | AJ166: 0.019908449
A167: kinematic-car-ipopt | B167: 6 | C167: Ipopt | D167: 3.12.13 | E167: solved | F167: 0 | G167: 1.9589705 | I167: 204 | J167: 547 | K167: 205 | L167: 547 | M167: 0 | N167: 207 | O167: 0 | P167: 204 | Q167: 1.8285026e-12 | R167: 0.669 | S167: 0.045 | T167: 391 | U167: 341 | V167: 0 | W167: 0.204 | X167: 0.0625 | Y167: 0 | Z167: 0.0625 | AA167: 0.734 | AB167: 0 | AC167: 0.71875 | AD167: 0.71875 | AE167: 16623 | AF167: 391 | AG167: 16624 | AH167: 341 | AI167: 0.019910301 | AJ167: 0.019923032
A168: kinematic-car-ipopt | B168: 7 | C168: Ipopt | D168: 3.12.13 | E168: solved | F168: 0 | G168: 1.9589705 | I168: 204 | J168: 547 | K168: 205 | L168: 547 | M168: 0 | N168: 207 | O168: 0 | P168: 204 | Q168: 1.8285026e-12 | R168: 0.714 | S168: 0.045 | T168: 391 | U168: 341 | V168: 0 | W168: 0.172 | X168: 0.0625 | Y168: 0.015625 | Z168: 0.078125 | AA168: 0.781 | AB168: 0.046875 | AC168: 0.71875 | AD168: 0.765625 | AE168: 16623 | AF168: 391 | AG168: 16624 | AH168: 341 | AI168: 0.019924884 | AJ168: 0.0199375
A169: kinematic-car-ipopt | B169: 8 | C169: Ipopt | D169: 3.12.13 | E169: solved | F169: 0 | G169: 1.9589705 | I169: 204 | J169: 547 | K169: 205 | L169: 547 | M169: 0 | N169: 207 | O169: 0 | P169: 204 | Q169: 1.8285026e-12 | R169: 0.688 | S169: 0.041 | T169: 391 | U169: 341 | V169: 0 | W169: 0.218 | X169: 0.015625 | Y169: 0.109375 | Z169: 0.125 | AA169: 0.75 | AB169: 0.046875 | AC169: 0.6875 | AD169: 0.734375 | AE169: 16623 | AF169: 391 | AG169: 16624 | AH169: 341 | AI169: 0.019938889 | AJ169: 0.019951736
A170: kinematic-car-ipopt | B170: 9 | C170: Ipopt | D170: 3.12.13 | E170: solved | F170: 0 | G170: 1.9589705 | I170: 204 | J170: 547 | K170: 205 | L170: 547 | M170: 0 | N170: 207 | O170: 0 | P170: 204 | Q170: 1.8285026e-12 | R170: 0.674 | S170: 0.041 | T170: 391 | U170: 341 | V170: 0 | W170: 0.187 | X170: 0.015625 | Y170: 0.0625 | Z170: 0.078125 | AA170: 0.75 | AB170: 0.078125 | AC170: 0.640625 | AD170: 0.71875 | AE170: 16623 | AF170: 391 | AG170: 16624 | AH170: 341 | AI170: 0.019953819 | AJ170: 0.019965972
A171: kinematic-car-ipopt | B171: 10 | C171: Ipopt | D171: 3.12.13 | E171: solved | F171: 0 | G171: 1.9589705 | I171: 204 | J171: 547 | K171: 205 | L171: 547 | M171: 0 | N171: 207 | O171: 0 | P171: 204 | Q171: 1.8285026e-12 | R171: 0.677 | S171: 0.043 | T171: 391 | U171: 341 | V171: 0 | W171: 0.203 | X171: 0.015625 | Y171: 0.03125 | Z171: 0.046875 | AA171: 0.75 | AB171: 0.046875 | AC171: 0.671875 | AD171: 0.71875 | AE171: 16623 | AF171: 391 | AG171: 16624 | AH171: 341 | AI171: 0.019967824 | AJ171: 0.019980324
A172: kinematic-car-knitro | B172: 1 | C172: Knitro | D172: 14.2.0 | AI172: 0.019982292 | AJ172: 0.019984606
A173: kinematic-car-knitro | B173: 2 | C173: Knitro | D173: 14.2.0 | AI173: 0.019987153 | AJ173: 0.019990162
A174: kinematic-car-knitro | B174: 3 | C174: Knitro | D174: 14.2.0 | AI174: 0.01999213 | AJ174: 0.019994444
A175: kinematic-car-knitro | B175: 4 | C175: Knitro | D175: 14.2.0 | AI175: 0.019996759 | AJ175: 0.019999537
A176: kinematic-car-knitro | B176: 5 | C176: Knitro | D176: 14.2.0 | AI176: 0.020001505 | AJ176: 0.020004514
A177: kinematic-car-knitro | B177: 6 | C177: Knitro | D177: 14.2.0 | AI177: 0.02000625 | AJ177: 0.020008681
A178: kinematic-car-knitro | B178: 7 | C178: Knitro | D178: 14.2.0 | AI178: 0.020010648 | AJ178: 0.020013079
A179: kinematic-car-knitro | B179: 8 | C179: Knitro | D179: 14.2.0 | AI179: 0.020015278 | AJ179: 0.020017708
A180: kinematic-car-knitro | B180: 9 | C180: Knitro | D180: 14.2.0 | AI180: 0.020019444 | AJ180: 0.020022338
A181: kinematic-car-knitro | B181: 10 | C181: Knitro | D181: 14.2.0 | AI181: 0.02002419 | AJ181: 0.020026389
A182: kinematic-car-lancelot | B182: 1 | E182: failure | F182: 999 | G182: 0 | W182: 0.031 | X182: 0.0625 | Y182: 0 | Z182: 0.0625 | AA182: 0 | AB182: 0 | AC182: 0 | AD182: 0 | AE182: 16623 | AF182: 391 | AG182: 16624 | AH182: 341 | AI182: 0.020028009 | AJ182: 0.020029745
A183: kinematic-car-lancelot | B183: 2 | E183: failure | F183: 999 | G183: 0 | W183: 0.047 | X183: 0.015625 | Y183: 0.046875 | Z183: 0.0625 | AA183: 0 | AB183: 0 | AC183: 0 | AD183: 0 | AE183: 16623 | AF183: 391 | AG183: 16624 | AH183: 341 | AI183: 0.020031597 | AJ183: 0.020033102
A184: kinematic-car-lancelot | B184: 3 | E184: failure | F184: 999 | G184: 0 | W184: 0.047 | X184: 0.046875 | Y184: 0.015625 | Z184: 0.0625 | AA184: 0 | AB184: 0 | AC184: 0 | AD184: 0 | AE184: 16623 | AF184: 391 | AG184: 16624 | AH184: 341 | AI184: 0.020034722 | AJ184: 0.020036574
A185: kinematic-car-lancelot | B185: 4 | E185: failure | F185: 999 | G185: 0 | W185: 0.031 | X185: 0.0625 | Y185: 0 | Z185: 0.0625 | AA185: 0.016 | AB185: 0 | AC185: 0 | AD185: 0 | AE185: 16623 | AF185: 391 | AG185: 16624 | AH185: 341 | AI185: 0.020038194 | AJ185: 0.020039931
A186: kinematic-car-lancelot | B186: 5 | E186: failure | F186: 999 | G186: 0 | W186: 0.063 | X186: 0.015625 | Y186: 0.046875 | Z186: 0.0625 | AA186: 0 | AB186: 0 | AC186: 0 | AD186: 0 | AE186: 16623 | AF186: 391 | AG186: 16624 | AH186: 341 | AI186: 0.020041551 | AJ186: 0.020043171
A187: kinematic-car-lancelot | B187: 6 | E187: failure | F187: 999 | G187: 0 | W187: 0.047 | X187: 0 | Y187: 0.046875 | Z187: 0.046875 | AA187: 0 | AB187: 0 | AC187: 0 | AD187: 0 | AE187: 16623 | AF187: 391 | AG187: 16624 | AH187: 341 | AI187: 0.02004537 | AJ187: 0.020046991
A188: kinematic-car-lancelot | B188: 7 | E188: failure | F188: 999 | G188: 0 | W188: 0.047 | X188: 0.015625 | Y188: 0.03125 | Z188: 0.046875 | AA188: 0 | AB188: 0 | AC188: 0 | AD188: 0 | AE188: 16623 | AF188: 391 | AG188: 16624 | AH188: 341 | AI188: 0.020048727 | AJ188: 0.020050231
A189: kinematic-car-lancelot | B189: 8 | E189: failure | F189: 999 | G189: 0 | W189: 0.047 | X189: 0 | Y189: 0.0625 | Z189: 0.0625 | AA189: 0 | AB189: 0 | AC189: 0 | AD189: 0 | AE189: 16623 | AF189: 391 | AG189: 16624 | AH189: 341 | AI189: 0.020051852 | AJ189: 0.020053472
A190: kinematic-car-lancelot | B190: 9 | E190: failure | F190: 999 | G190: 0 | W190: 0.062 | X190: 0.015625 | Y190: 0.03125 | Z190: 0.046875 | AA190: 0 | AB190: 0 | AC190: 0 | AD190: 0 | AE190: 16623 | AF190: 391 | AG190: 16624 | AH190: 341 | AI190: 0.020055093 | AJ190: 0.020056597
A191: kinematic-car-lancelot | B191: 10 | E191: failure | F191: 999 | G191: 0 | W191: 0.047 | X191: 0.015625 | Y191: 0.046875 | Z191: 0.0625 | AA191: 0 | AB191: 0 | AC191: 0 | AD191: 0 | AE191: 16623 | AF191: 391 | AG191: 16624 | AH191: 341 | AI191: 0.020058218 | AJ191: 0.020059722
...

Sheet averages
A1: =benchmark!A1 -> model | B1: =benchmark!B1 -> run | C1: =benchmark!C1 -> solver | D1: =benchmark!D1 -> version | E1: =benchmark!E1 -> exit_status | F1: =benchmark!F1 -> exit_code | G1: =benchmark!G1 -> obj1 | H1: =benchmark!H1 -> obj2 | ... AJ1: =benchmark!AJ1 -> toc | AK1: avg. wall time | AL1: min wall time | AM1: max wall time | AN1: avg. tic-toc | AO1: min tic-toc | AP1: max tic-toc | AQ1: eval. Time | AR1: eval. Time min | AS1: eval. Time max
A2: {=INDEX(benchmark!A:A, (ROW()-2)*$B2+2)} -> acrobot | B2: =COUNTIF(benchmark!A:A, benchmark!A2) -> 10 | C2: {=INDEX(benchmark!C:C, (ROW()-2)*$B2+2)} -> Ipopt | D2: {=INDEX(benchmark!D:D, (ROW()-2)*$B2+2)} -> 3.12.13 | E2: {=INDEX(benchmark!E:E, (ROW()-2)*$B2+2)} -> solved | F2: =IFERROR(AVERAGE(INDEX(benchmark!F:F, (ROW()-2)*$B2+2):INDEX(benchmark!F:F, (ROW()-2)*$B2 + $B2+1)), "") -> 0 | G2: =IFERROR(AVERAGE(INDEX(benchmark!G:G, (ROW()-2)*$B2+2):INDEX(benchmark!G:G, (ROW()-2)*$B2 + $B2+1)), "") -> 69.877642 | H2: =IFERROR(AVERAGE(INDEX(benchmark!H:H, (ROW()-2)*$B2+2):INDEX(benchmark!H:H, (ROW()-2)*$B2 + $B2+1)), "") | I2: =IFERROR(AVERAGE(INDEX(benchmark!I:I, (ROW()-2)*$B2+2):INDEX(benchmark!I:I, (ROW()-2)*$B2 + $B2+1)), "") -> 14 | J2: =IFERROR(AVERAGE(INDEX(benchmark!J:J, (ROW()-2)*$B2+2):INDEX(benchmark!J:J, (ROW()-2)*$B2 + $B2+1)), "") -> 26 | K2: =IFERROR(AVERAGE(INDEX(benchmark!K:K, (ROW()-2)*$B2+2):INDEX(benchmark!K:K, (ROW()-2)*$B2 + $B2+1)), "") -> 15 | L2: =IFERROR(AVERAGE(INDEX(benchmark!L:L, (ROW()-2)*$B2+2):INDEX(benchmark!L:L, (ROW()-2)*$B2 + $B2+1)), "") -> 26 | M2: =IFERROR(AVERAGE(INDEX(benchmark!M:M, (ROW()-2)*$B2+2):INDEX(benchmark!M:M, (ROW()-2)*$B2 + $B2+1)), "") -> 26 | N2: =IFERROR(AVERAGE(INDEX(benchmark!N:N, (ROW()-2)*$B2+2):INDEX(benchmark!N:N, (ROW()-2)*$B2 + $B2+1)), "") -> 15 | O2: =IFERROR(AVERAGE(INDEX(benchmark!O:O, (ROW()-2)*$B2+2):INDEX(benchmark!O:O, (ROW()-2)*$B2 + $B2+1)), "") -> 15 | P2: =IFERROR(AVERAGE(INDEX(benchmark!P:P, (ROW()-2)*$B2+2):INDEX(benchmark!P:P, (ROW()-2)*$B2 + $B2+1)), "") -> 14 | Q2: =IFERROR(AVERAGE(INDEX(benchmark!Q:Q, (ROW()-2)*$B2+2):INDEX(benchmark!Q:Q, (ROW()-2)*$B2 + $B2+1)), "") -> 2.8421709e-14 | R2: =IFERROR(AVERAGE(INDEX(benchmark!R:R, (ROW()-2)*$B2+2):INDEX(benchmark!R:R, (ROW()-2)*$B2 + $B2+1)), "") -> 0.0125 | S2: =IFERROR(AVERAGE(INDEX(benchmark!S:S, (ROW()-2)*$B2+2):INDEX(benchmark!S:S, (ROW()-2)*$B2 + $B2+1)), "") -> 0.0023 | T2: =IFERROR(AVERAGE(INDEX(benchmark!T:T, (ROW()-2)*$B2+2):INDEX(benchmark!T:T, (ROW()-2)*$B2 + $B2+1)), "") -> 132 | U2: =IFERROR(AVERAGE(INDEX(benchmark!U:U, (ROW()-2)*$B2+2):INDEX(benchmark!U:U, (ROW()-2)*$B2 + $B2+1)), "") -> 116 | V2: =IFERROR(AVERAGE(INDEX(benchmark!V:V, (ROW()-2)*$B2+2):INDEX(benchmark!V:V, (ROW()-2)*$B2 + $B2+1)), "") -> 18 | W2: =IFERROR(AVERAGE(INDEX(benchmark!W:W, (ROW()-2)*$B2+2):INDEX(benchmark!W:W, (ROW()-2)*$B2 + $B2+1)), "") -> 0.1907 | X2: =IFERROR(AVERAGE(INDEX(benchmark!X:X, (ROW()-2)*$B2+2):INDEX(benchmark!X:X, (ROW()-2)*$B2 + $B2+1)), "") -> 0.015625 | Y2: =IFERROR(AVERAGE(INDEX(benchmark!Y:Y, (ROW()-2)*$B2+2):INDEX(benchmark!Y:Y, (ROW()-2)*$B2 + $B2+1)), "") -> 0.0296875 | Z2: =IFERROR(AVERAGE(INDEX(benchmark!Z:Z, (ROW()-2)*$B2+2):INDEX(benchmark!Z:Z, (ROW()-2)*$B2 + $B2+1)), "") -> 0.0453125 | AA2: =IFERROR(AVERAGE(INDEX(benchmark!AA:AA, (ROW()-2)*$B2+2):INDEX(benchmark!AA:AA, (ROW()-2)*$B2 + $B2+1)), "") -> 0.0421 | AB2: =IFERROR(AVERAGE(INDEX(benchmark!AB:AB, (ROW()-2)*$B2+2):INDEX(benchmark!AB:AB, (ROW()-2)*$B2 + $B2+1)), "") -> 0.0125 | AC2: =IFERROR(AVERAGE(INDEX(benchmark!AC:AC, (ROW()-2)*$B2+2):INDEX(benchmark!AC:AC, (ROW()-2)*$B2 + $B2+1)), "") -> 0.0078125 | AD2: =IFERROR(AVERAGE(INDEX(benchmark!AD:AD, (ROW()-2)*$B2+2):INDEX(benchmark!AD:AD, (ROW()-2)*$B2 + $B2+1)), "") -> 0.0203125 | AE2: =IFERROR(AVERAGE(INDEX(benchmark!AE:AE, (ROW()-2)*$B2+2):INDEX(benchmark!AE:AE, (ROW()-2)*$B2 + $B2+1)), "") -> 8779 | AF2: =IFERROR(AVERAGE(INDEX(benchmark!AF:AF, (ROW()-2)*$B2+2):INDEX(benchmark!AF:AF, (ROW()-2)*$B2 + $B2+1)), "") -> 132 | AG2: =IFERROR(AVERAGE(INDEX(benchmark!AG:AG, (ROW()-2)*$B2+2):INDEX(benchmark!AG:AG, (ROW()-2)*$B2 + $B2+1)), "") -> 8824 | AH2: =IFERROR(AVERAGE(INDEX(benchmark!AH:AH, (ROW()-2)*$B2+2):INDEX(benchmark!AH:AH, (ROW()-2)*$B2 + $B2+1)), "") -> 134 | AI2: =IFERROR(AVERAGE(INDEX(benchmark!AI:AI, (ROW()-2)*$B2+2):INDEX(benchmark!AI:AI, (ROW()-2)*$B2 + $B2+1)), "") -> 0.0097351852 | AJ2: =IFERROR(AVERAGE(INDEX(benchmark!AJ:AJ, (ROW()-2)*$B2+2):INDEX(benchmark!AJ:AJ, (ROW()-2)*$B2 + $B2+1)), "") -> 0.0097392708 | AK2: {=IFERROR(AVERAGE(INDEX(benchmark!W:W, (ROW()-2)*$B2+2):INDEX(benchmark!W:W, (ROW()-2)*$B2 + $B2+1) + INDEX(benchmark!AA:AA, (ROW()-2)*$B2+2):INDEX(benchmark!AA:AA, (ROW()-2)*$B2 + $B2+1)), "")} -> 0.2328 | AL2: {=IFERROR(MIN(INDEX(benchmark!W:W, (ROW()-2)*$B2+2):INDEX(benchmark!W:W, (ROW()-2)*$B2 + $B2+1) + INDEX(benchmark!AA:AA, (ROW()-2)*$B2+2):INDEX(benchmark!AA:AA, (ROW()-2)*$B2 + $B2+1)), "")} -> 0.203 | AM2: {=IFERROR(MAX(INDEX(benchmark!W:W, (ROW()-2)*$B2+2):INDEX(benchmark!W:W, (ROW()-2)*$B2 + $B2+1) + INDEX(benchmark!AA:AA, (ROW()-2)*$B2+2):INDEX(benchmark!AA:AA, (ROW()-2)*$B2 + $B2+1)), "")} -> 0.297 | AN2: {=IFERROR(AVERAGE(MOD(VALUE(INDEX(benchmark!AJ:AJ, (ROW()-2)*$B2+2):INDEX(benchmark!AJ:AJ, (ROW()-2)*$B2 + $B2+1)) - VALUE(INDEX(benchmark!AI:AI, (ROW()-2)*$B2+2):INDEX(benchmark!AI:AI, (ROW()-2)*$B2 + $B2+1)), 1) * 86400), "")} -> 0.353 | AO2: {=IFERROR(MIN(MOD(VALUE(INDEX(benchmark!AJ:AJ, (ROW()-2)*$B2+2):INDEX(benchmark!AJ:AJ, (ROW()-2)*$B2 + $B2+1)) - VALUE(INDEX(benchmark!AI:AI, (ROW()-2)*$B2+2):INDEX(benchmark!AI:AI, (ROW()-2)*$B2 + $B2+1)), 1) * 86400), "")} -> 0.32 | AP2: {=IFERROR(MAX(MOD(VALUE(INDEX(benchmark!AJ:AJ, (ROW()-2)*$B2+2):INDEX(benchmark!AJ:AJ, (ROW()-2)*$B2 + $B2+1)) - VALUE(INDEX(benchmark!AI:AI, (ROW()-2)*$B2+2):INDEX(benchmark!AI:AI, (ROW()-2)*$B2 + $B2+1)), 1) * 86400), "")} -> 0.42 | AQ2: =IFERROR(AVERAGE(INDEX(benchmark!S:S, (ROW()-2)*$B2+2):INDEX(benchmark!S:S, (ROW()-2)*$B2 + $B2+1)), "") -> 0.0023 | AR2: =IFERROR(MIN(INDEX(benchmark!S:S, (ROW()-2)*$B2+2):INDEX(benchmark!S:S, (ROW()-2)*$B2 + $B2+1)), "") -> 0 | AS2: =IFERROR(MAX(INDEX(benchmark!S:S, (ROW()-2)*$B2+2):INDEX(benchmark!S:S, (ROW()-2)*$B2 + $B2+1)), "") -> 0.006
A3: {=INDEX(benchmark!A:A, (ROW()-2)*$B3+2)} -> cart-pendulum-time | B3: =COUNTIF(benchmark!A:A, benchmark!A3) -> 10 | C3: {=INDEX(benchmark!C:C, (ROW()-2)*$B3+2)} -> Ipopt | D3: {=INDEX(benchmark!D:D, (ROW()-2)*$B3+2)} -> 3.12.13 | E3: {=INDEX(benchmark!E:E, (ROW()-2)*$B3+2)} -> solved | F3: =IFERROR(AVERAGE(INDEX(benchmark!F:F, (ROW()-2)*$B3+2):INDEX(benchmark!F:F, (ROW()-2)*$B3 + $B3+1)), "") -> 0 | G3: =IFERROR(AVERAGE(INDEX(benchmark!G:G, (ROW()-2)*$B3+2):INDEX(benchmark!G:G, (ROW()-2)*$B3 + $B3+1)), "") -> 1.1459373 | H3: =IFERROR(AVERAGE(INDEX(benchmark!H:H, (ROW()-2)*$B3+2):INDEX(benchmark!H:H, (ROW()-2)*$B3 + $B3+1)), "") | I3: =IFERROR(AVERAGE(INDEX(benchmark!I:I, (ROW()-2)*$B3+2):INDEX(benchmark!I:I, (ROW()-2)*$B3 + $B3+1)), "") -> 30 | J3: =IFERROR(AVERAGE(INDEX(benchmark!J:J, (ROW()-2)*$B3+2):INDEX(benchmark!J:J, (ROW()-2)*$B3 + $B3+1)), "") -> 50 | K3: =IFERROR(AVERAGE(INDEX(benchmark!K:K, (ROW()-2)*$B3+2):INDEX(benchmark!K:K, (ROW()-2)*$B3 + $B3+1)), "") -> 31 | L3: =IFERROR(AVERAGE(INDEX(benchmark!L:L, (ROW()-2)*$B3+2):INDEX(benchmark!L:L, (ROW()-2)*$B3 + $B3+1)), "") -> 50 | M3: =IFERROR(AVERAGE(INDEX(benchmark!M:M, (ROW()-2)*$B3+2):INDEX(benchmark!M:M, (ROW()-2)*$B3 + $B3+1)), "") -> 0 | N3: =IFERROR(AVERAGE(INDEX(benchmark!N:N, (ROW()-2)*$B3+2):INDEX(benchmark!N:N, (ROW()-2)*$B3 + $B3+1)), "") -> 31 | O3: =IFERROR(AVERAGE(INDEX(benchmark!O:O, (ROW()-2)*$B3+2):INDEX(benchmark!O:O, (ROW()-2)*$B3 + $B3+1)), "") -> 0 | P3: =IFERROR(AVERAGE(INDEX(benchmark!P:P, (ROW()-2)*$B3+2):INDEX(benchmark!P:P, (ROW()-2)*$B3 + $B3+1)), "") -> 30 | Q3: =IFERROR(AVERAGE(INDEX(benchmark!Q:Q, (ROW()-2)*$B3+2):INDEX(benchmark!Q:Q, (ROW()-2)*$B3 + $B3+1)), "") -> 6.2101435e-12 | R3: =IFERROR(AVERAGE(INDEX(benchmark!R:R, (ROW()-2)*$B3+2):INDEX(benchmark!R:R, (ROW()-2)*$B3 + $B3+1)), "") -> 0.0159 | S3: =IFERROR(AVERAGE(INDEX(benchmark!S:S, (ROW()-2)*$B3+2):INDEX(benchmark!S:S, (ROW()-2)*$B3 + $B3+1)), "") -> 0.0011 | T3: =IFERROR(AVERAGE(INDEX(benchmark!T:T, (ROW()-2)*$B3+2):INDEX(benchmark!T:T, (ROW()-2)*$B3 + $B3+1)), "") -> 80 | U3: =IFERROR(AVERAGE(INDEX(benchmark!U:U, (ROW()-2)*$B3+2):INDEX(benchmark!U:U, (ROW()-2)*$B3 + $B3+1)), "") -> 74 | V3: =IFERROR(AVERAGE(INDEX(benchmark!V:V, (ROW()-2)*$B3+2):INDEX(benchmark!V:V, (ROW()-2)*$B3 + $B3+1)), "") -> 0 | W3: =IFERROR(AVERAGE(INDEX(benchmark!W:W, (ROW()-2)*$B3+2):INDEX(benchmark!W:W, (ROW()-2)*$B3 + $B3+1)), "") -> 0.1797 | X3: =IFERROR(AVERAGE(INDEX(benchmark!X:X, (ROW()-2)*$B3+2):INDEX(benchmark!X:X, (ROW()-2)*$B3 + $B3+1)), "") -> 0.0109375 | Y3: =IFERROR(AVERAGE(INDEX(benchmark!Y:Y, (ROW()-2)*$B3+2):INDEX(benchmark!Y:Y, (ROW()-2)*$B3 + $B3+1)), "") -> 0.015625 | Z3: =IFERROR(AVERAGE(INDEX(benchmark!Z:Z, (ROW()-2)*$B3+2):INDEX(benchmark!Z:Z, (ROW()-2)*$B3 + $B3+1)), "") -> 0.0265625 | AA3: =IFERROR(AVERAGE(INDEX(benchmark!AA:AA, (ROW()-2)*$B3+2):INDEX(benchmark!AA:AA, (ROW()-2)*$B3 + $B3+1)), "") -> 0.039 | AB3: =IFERROR(AVERAGE(INDEX(benchmark!AB:AB, (ROW()-2)*$B3+2):INDEX(benchmark!AB:AB, (ROW()-2)*$B3 + $B3+1)), "") -> 0.0109375 | AC3: =IFERROR(AVERAGE(INDEX(benchmark!AC:AC, (ROW()-2)*$B3+2):INDEX(benchmark!AC:AC, (ROW()-2)*$B3 + $B3+1)), "") -> 0.015625 | AD3: =IFERROR(AVERAGE(INDEX(benchmark!AD:AD, (ROW()-2)*$B3+2):INDEX(benchmark!AD:AD, (ROW()-2)*$B3 + $B3+1)), "") -> 0.0265625 | AE3: =IFERROR(AVERAGE(INDEX(benchmark!AE:AE, (ROW()-2)*$B3+2):INDEX(benchmark!AE:AE, (ROW()-2)*$B3 + $B3+1)), "") -> 4388 | AF3: =IFERROR(AVERAGE(INDEX(benchmark!AF:AF, (ROW()-2)*$B3+2):INDEX(benchmark!AF:AF, (ROW()-2)*$B3 + $B3+1)), "") -> 80 | AG3: =IFERROR(AVERAGE(INDEX(benchmark!AG:AG, (ROW()-2)*$B3+2):INDEX(benchmark!AG:AG, (ROW()-2)*$B3 + $B3+1)), "") -> 4413 | AH3: =IFERROR(AVERAGE(INDEX(benchmark!AH:AH, (ROW()-2)*$B3+2):INDEX(benchmark!AH:AH, (ROW()-2)*$B3 + $B3+1)), "") -> 74 | AI3: =IFERROR(AVERAGE(INDEX(benchmark!AI:AI, (ROW()-2)*$B3+2):INDEX(benchmark!AI:AI, (ROW()-2)*$B3 + $B3+1)), "") -> 0.0097938657 | AJ3: =IFERROR(AVERAGE(INDEX(benchmark!AJ:AJ, (ROW()-2)*$B3+2):INDEX(benchmark!AJ:AJ, (ROW()-2)*$B3 + $B3+1)), "") -> 0.0097976505 | AK3: {=IFERROR(AVERAGE(INDEX(benchmark!W:W, (ROW()-2)*$B3+2):INDEX(benchmark!W:W, (ROW()-2)*$B3 + $B3+1) + INDEX(benchmark!AA:AA, (ROW()-2)*$B3+2):INDEX(benchmark!AA:AA, (ROW()-2)*$B3 + $B3+1)), "")} -> 0.2187 | AL3: {=IFERROR(MIN(INDEX(benchmark!W:W, (ROW()-2)*$B3+2):INDEX(benchmark!W:W, (ROW()-2)*$B3 + $B3+1) + INDEX(benchmark!AA:AA, (ROW()-2)*$B3+2):INDEX(benchmark!AA:AA, (ROW()-2)*$B3 + $B3+1)), "")} -> 0.203 | AM3: {=IFERROR(MAX(INDEX(benchmark!W:W, (ROW()-2)*$B3+2):INDEX(benchmark!W:W, (ROW()-2)*$B3 + $B3+1) + INDEX(benchmark!AA:AA, (ROW()-2)*$B3+2):INDEX(benchmark!AA:AA, (ROW()-2)*$B3 + $B3+1)), "")} -> 0.25 | AN3: {=IFERROR(AVERAGE(MOD(VALUE(INDEX(benchmark!AJ:AJ, (ROW()-2)*$B3+2):INDEX(benchmark!AJ:AJ, (ROW()-2)*$B3 + $B3+1)) - VALUE(INDEX(benchmark!AI:AI, (ROW()-2)*$B3+2):INDEX(benchmark!AI:AI, (ROW()-2)*$B3 + $B3+1)), 1) * 86400), "")} -> 0.327 | AO3: {=IFERROR(MIN(MOD(VALUE(INDEX(benchmark!AJ:AJ, (ROW()-2)*$B3+2):INDEX(benchmark!AJ:AJ, (ROW()-2)*$B3 + $B3+1)) - VALUE(INDEX(benchmark!AI:AI, (ROW()-2)*$B3+2):INDEX(benchmark!AI:AI, (ROW()-2)*$B3 + $B3+1)), 1) * 86400), "")} -> 0.3 | AP3: {=IFERROR(MAX(MOD(VALUE(INDEX(benchmark!AJ:AJ, (ROW()-2)*$B3+2):INDEX(benchmark!AJ:AJ, (ROW()-2)*$B3 + $B3+1)) - VALUE(INDEX(benchmark!AI:AI, (ROW()-2)*$B3+2):INDEX(benchmark!AI:AI, (ROW()-2)*$B3 + $B3+1)), 1) * 86400), "")} -> 0.36 | AQ3: =IFERROR(AVERAGE(INDEX(benchmark!S:S, (ROW()-2)*$B3+2):INDEX(benchmark!S:S, (ROW()-2)*$B3 + $B3+1)), "") -> 0.0011 | AR3: =IFERROR(MIN(INDEX(benchmark!S:S, (ROW()-2)*$B3+2):INDEX(benchmark!S:S, (ROW()-2)*$B3 + $B3+1)), "") -> 0 | AS3: =IFERROR(MAX(INDEX(benchmark!S:S, (ROW()-2)*$B3+2):INDEX(benchmark!S:S, (ROW()-2)*$B3 + $B3+1)), "") -> 0.003
A4: {=INDEX(benchmark!A:A, (ROW()-2)*$B4+2)} -> cart-pendulum-utot | B4: =COUNTIF(benchmark!A:A, benchmark!A4) -> 10 | C4: {=INDEX(benchmark!C:C, (ROW()-2)*$B4+2)} -> Ipopt | D4: {=INDEX(benchmark!D:D, (ROW()-2)*$B4+2)} -> 3.12.13 | E4: {=INDEX(benchmark!E:E, (ROW()-2)*$B4+2)} -> solved | F4: =IFERROR(AVERAGE(INDEX(benchmark!F:F, (ROW()-2)*$B4+2):INDEX(benchmark!F:F, (ROW()-2)*$B4 + $B4+1)), "") -> 0 | G4: =IFERROR(AVERAGE(INDEX(benchmark!G:G, (ROW()-2)*$B4+2):INDEX(benchmark!G:G, (ROW()-2)*$B4 + $B4+1)), "") -> 229.29128 | H4: =IFERROR(AVERAGE(INDEX(benchmark!H:H, (ROW()-2)*$B4+2):INDEX(benchmark!H:H, (ROW()-2)*$B4 + $B4+1)), "") | I4: =IFERROR(AVERAGE(INDEX(benchmark!I:I, (ROW()-2)*$B4+2):INDEX(benchmark!I:I, (ROW()-2)*$B4 + $B4+1)), "") -> 12 | J4: =IFERROR(AVERAGE(INDEX(benchmark!J:J, (ROW()-2)*$B4+2):INDEX(benchmark!J:J, (ROW()-2)*$B4 + $B4+1)), "") -> 15 | K4: =IFERROR(AVERAGE(INDEX(benchmark!K:K, (ROW()-2)*$B4+2):INDEX(benchmark!K:K, (ROW()-2)*$B4 + $B4+1)), "") -> 13 | L4: =IFERROR(AVERAGE(INDEX(benchmark!L:L, (ROW()-2)*$B4+2):INDEX(benchmark!L:L, (ROW()-2)*$B4 + $B4+1)), "") -> 15 | M4: =IFERROR(AVERAGE(INDEX(benchmark!M:M, (ROW()-2)*$B4+2):INDEX(benchmark!M:M, (ROW()-2)*$B4 + $B4+1)), "") -> 0 | N4: =IFERROR(AVERAGE(INDEX(benchmark!N:N, (ROW()-2)*$B4+2):INDEX(benchmark!N:N, (ROW()-2)*$B4 + $B4+1)), "") -> 13 | O4: =IFERROR(AVERAGE(INDEX(benchmark!O:O, (ROW()-2)*$B4+2):INDEX(benchmark!O:O, (ROW()-2)*$B4 + $B4+1)), "") -> 0 | P4: =IFERROR(AVERAGE(INDEX(benchmark!P:P, (ROW()-2)*$B4+2):INDEX(benchmark!P:P, (ROW()-2)*$B4 + $B4+1)), "") -> 12 | Q4: =IFERROR(AVERAGE(INDEX(benchmark!Q:Q, (ROW()-2)*$B4+2):INDEX(benchmark!Q:Q, (ROW()-2)*$B4 + $B4+1)), "") -> 2.8421709e-14 | R4: =IFERROR(AVERAGE(INDEX(benchmark!R:R, (ROW()-2)*$B4+2):INDEX(benchmark!R:R, (ROW()-2)*$B4 + $B4+1)), "") -> 0.0096 | S4: =IFERROR(AVERAGE(INDEX(benchmark!S:S, (ROW()-2)*$B4+2):INDEX(benchmark!S:S, (ROW()-2)*$B4 + $B4+1)), "") -> 0.001 | T4: =IFERROR(AVERAGE(INDEX(benchmark!T:T, (ROW()-2)*$B4+2):INDEX(benchmark!T:T, (ROW()-2)*$B4 + $B4+1)), "") -> 202 | U4: =IFERROR(AVERAGE(INDEX(benchmark!U:U, (ROW()-2)*$B4+2):INDEX(benchmark!U:U, (ROW()-2)*$B4 + $B4+1)), "") -> 176 | V4: =IFERROR(AVERAGE(INDEX(benchmark!V:V, (ROW()-2)*$B4+2):INDEX(benchmark!V:V, (ROW()-2)*$B4 + $B4+1)), "") -> 0 | W4: =IFERROR(AVERAGE(INDEX(benchmark!W:W, (ROW()-2)*$B4+2):INDEX(benchmark!W:W, (ROW()-2)*$B4 + $B4+1)), "") -> 0.1983 | X4: =IFERROR(AVERAGE(INDEX(benchmark!X:X, (ROW()-2)*$B4+2):INDEX(benchmark!X:X, (ROW()-2)*$B4 + $B4+1)), "") -> 0.025 | Y4: =IFERROR(AVERAGE(INDEX(benchmark!Y:Y, (ROW()-2)*$B4+2):INDEX(benchmark!Y:Y, (ROW()-2)*$B4 + $B4+1)), "") -> 0.0265625 | Z4: =IFERROR(AVERAGE(INDEX(benchmark!Z:Z, (ROW()-2)*$B4+2):INDEX(benchmark!Z:Z, (ROW()-2)*$B4 + $B4+1)), "") -> 0.0515625 | AA4: =IFERROR(AVERAGE(INDEX(benchmark!AA:AA, (ROW()-2)*$B4+2):INDEX(benchmark!AA:AA, (ROW()-2)*$B4 + $B4+1)), "") -> 0.03 | AB4: =IFERROR(AVERAGE(INDEX(benchmark!AB:AB, (ROW()-2)*$B4+2):INDEX(benchmark!AB:AB, (ROW()-2)*$B4 + $B4+1)), "") -> 0.0078125 | AC4: =IFERROR(AVERAGE(INDEX(benchmark!AC:AC, (ROW()-2)*$B4+2):INDEX(benchmark!AC:AC, (ROW()-2)*$B4 + $B4+1)), "") -> 0.009375 | AD4: =IFERROR(AVERAGE(INDEX(benchmark!AD:AD, (ROW()-2)*$B4+2):INDEX(benchmark!AD:AD, (ROW()-2)*$B4 + $B4+1)), "") -> 0.0171875 | AE4: =IFERROR(AVERAGE(INDEX(benchmark!AE:AE, (ROW()-2)*$B4+2):INDEX(benchmark!AE:AE, (ROW()-2)*$B4 + $B4+1)), "") -> 13169 | AF4: =IFERROR(AVERAGE(INDEX(benchmark!AF:AF, (ROW()-2)*$B4+2):INDEX(benchmark!AF:AF, (ROW()-2)*$B4 + $B4+1)), "") -> 202 | AG4: =IFERROR(AVERAGE(INDEX(benchmark!AG:AG, (ROW()-2)*$B4+2):INDEX(benchmark!AG:AG, (ROW()-2)*$B4 + $B4+1)), "") -> 13234 | AH4: =IFERROR(AVERAGE(INDEX(benchmark!AH:AH, (ROW()-2)*$B4+2):INDEX(benchmark!AH:AH, (ROW()-2)*$B4 + $B4+1)), "") -> 176 | AI4: =IFERROR(AVERAGE(INDEX(benchmark!AI:AI, (ROW()-2)*$B4+2):INDEX(benchmark!AI:AI, (ROW()-2)*$B4 + $B4+1)), "") -> 0.0098532292 | AJ4: =IFERROR(AVERAGE(INDEX(benchmark!AJ:AJ, (ROW()-2)*$B4+2):INDEX(benchmark!AJ:AJ, (ROW()-2)*$B4 + $B4+1)), "") -> 0.0098571181 | AK4: {=IFERROR(AVERAGE(INDEX(benchmark!W:W, (ROW()-2)*$B4+2):INDEX(benchmark!W:W, (ROW()-2)*$B4 + $B4+1) + INDEX(benchmark!AA:AA, (ROW()-2)*$B4+2):INDEX(benchmark!AA:AA, (ROW()-2)*$B4 + $B4+1)), "")} -> 0.2283 | AL4: {=IFERROR(MIN(INDEX(benchmark!W:W, (ROW()-2)*$B4+2):INDEX(benchmark!W:W, (ROW()-2)*$B4 + $B4+1) + INDEX(benchmark!AA:AA, (ROW()-2)*$B4+2):INDEX(benchmark!AA:AA, (ROW()-2)*$B4 + $B4+1)), "")} -> 0.203 | AM4: {=IFERROR(MAX(INDEX(benchmark!W:W, (ROW()-2)*$B4+2):INDEX(benchmark!W:W, (ROW()-2)*$B4 + $B4+1) + INDEX(benchmark!AA:AA, (ROW()-2)*$B4+2):INDEX(benchmark!AA:AA, (ROW()-2)*$B4 + $B4+1)), "")} -> 0.266 | AN4: {=IFERROR(AVERAGE(MOD(VALUE(INDEX(benchmark!AJ:AJ, (ROW()-2)*$B4+2):INDEX(benchmark!AJ:AJ, (ROW()-2)*$B4 + $B4+1)) - VALUE(INDEX(benchmark!AI:AI, (ROW()-2)*$B4+2):INDEX(benchmark!AI:AI, (ROW()-2)*$B4 + $B4+1)), 1) * 86400), "")} -> 0.336 | AO4: {=IFERROR(MIN(MOD(VALUE(INDEX(benchmark!AJ:AJ, (ROW()-2)*$B4+2):INDEX(benchmark!AJ:AJ, (ROW()-2)*$B4 + $B4+1)) - VALUE(INDEX(benchmark!AI:AI, (ROW()-2)*$B4+2):INDEX(benchmark!AI:AI, (ROW()-2)*$B4 + $B4+1)), 1) * 86400), "")} -> 0.3 | AP4: {=IFERROR(MAX(MOD(VALUE(INDEX(benchmark!AJ:AJ, (ROW()-2)*$B4+2):INDEX(benchmark!AJ:AJ, (ROW()-2)*$B4 + $B4+1)) - VALUE(INDEX(benchmark!AI:AI, (ROW()-2)*$B4+2):INDEX(benchmark!AI:AI, (ROW()-2)*$B4 + $B4+1)), 1) * 86400), "")} -> 0.37 | AQ4: =IFERROR(AVERAGE(INDEX(benchmark!S:S, (ROW()-2)*$B4+2):INDEX(benchmark!S:S, (ROW()-2)*$B4 + $B4+1)), "") -> 0.001 | AR4: =IFERROR(MIN(INDEX(benchmark!S:S, (ROW()-2)*$B4+2):INDEX(benchmark!S:S, (ROW()-2)*$B4 + $B4+1)), "") -> 0 | AS4: =IFERROR(MAX(INDEX(benchmark!S:S, (ROW()-2)*$B4+2):INDEX(benchmark!S:S, (ROW()-2)*$B4 + $B4+1)), "") -> 0.003
A5: {=INDEX(benchmark!A:A, (ROW()-2)*$B5+2)} -> five-link-mc-kelly | B5: =COUNTIF(benchmark!A:A, benchmark!A5) -> 10 | C5: {=INDEX(benchmark!C:C, (ROW()-2)*$B5+2)} -> Ipopt | D5: {=INDEX(benchmark!D:D, (ROW()-2)*$B5+2)} -> 3.12.13 | E5: {=INDEX(benchmark!E:E, (ROW()-2)*$B5+2)} -> solved | F5: =IFERROR(AVERAGE(INDEX(benchmark!F:F, (ROW()-2)*$B5+2):INDEX(benchmark!F:F, (ROW()-2)*$B5 + $B5+1)), "") -> 0 | G5: =IFERROR(AVERAGE(INDEX(benchmark!G:G, (ROW()-2)*$B5+2):INDEX(benchmark!G:G, (ROW()-2)*$B5 + $B5+1)), "") -> 260.43009 | H5: =IFERROR(AVERAGE(INDEX(benchmark!H:H, (ROW()-2)*$B5+2):INDEX(benchmark!H:H, (ROW()-2)*$B5 + $B5+1)), "") | I5: =IFERROR(AVERAGE(INDEX(benchmark!I:I, (ROW()-2)*$B5+2):INDEX(benchmark!I:I, (ROW()-2)*$B5 + $B5+1)), "") -> 11 | J5: =IFERROR(AVERAGE(INDEX(benchmark!J:J, (ROW()-2)*$B5+2):INDEX(benchmark!J:J, (ROW()-2)*$B5 + $B5+1)), "") -> 12 | K5: =IFERROR(AVERAGE(INDEX(benchmark!K:K, (ROW()-2)*$B5+2):INDEX(benchmark!K:K, (ROW()-2)*$B5 + $B5+1)), "") -> 12 | L5: =IFERROR(AVERAGE(INDEX(benchmark!L:L, (ROW()-2)*$B5+2):INDEX(benchmark!L:L, (ROW()-2)*$B5 + $B5+1)), "") -> 12 | M5: =IFERROR(AVERAGE(INDEX(benchmark!M:M, (ROW()-2)*$B5+2):INDEX(benchmark!M:M, (ROW()-2)*$B5 + $B5+1)), "") -> 12 | N5: =IFERROR(AVERAGE(INDEX(benchmark!N:N, (ROW()-2)*$B5+2):INDEX(benchmark!N:N, (ROW()-2)*$B5 + $B5+1)), "") -> 12 | O5: =IFERROR(AVERAGE(INDEX(benchmark!O:O, (ROW()-2)*$B5+2):INDEX(benchmark!O:O, (ROW()-2)*$B5 + $B5+1)), "") -> 12 | P5: =IFERROR(AVERAGE(INDEX(benchmark!P:P, (ROW()-2)*$B5+2):INDEX(benchmark!P:P, (ROW()-2)*$B5 + $B5+1)), "") -> 11 | Q5: =IFERROR(AVERAGE(INDEX(benchmark!Q:Q, (ROW()-2)*$B5+2):INDEX(benchmark!Q:Q, (ROW()-2)*$B5 + $B5+1)), "") -> 1.0587087e-12 | R5: =IFERROR(AVERAGE(INDEX(benchmark!R:R, (ROW()-2)*$B5+2):INDEX(benchmark!R:R, (ROW()-2)*$B5 + $B5+1)), "") -> 0.0254 | S5: =IFERROR(AVERAGE(INDEX(benchmark!S:S, (ROW()-2)*$B5+2):INDEX(benchmark!S:S, (ROW()-2)*$B5 + $B5+1)), "") -> 0.0415 | T5: =IFERROR(AVERAGE(INDEX(benchmark!T:T, (ROW()-2)*$B5+2):INDEX(benchmark!T:T, (ROW()-2)*$B5 + $B5+1)), "") -> 266 | U5: =IFERROR(AVERAGE(INDEX(benchmark!U:U, (ROW()-2)*$B5+2):INDEX(benchmark!U:U, (ROW()-2)*$B5 + $B5+1)), "") -> 212 | V5: =IFERROR(AVERAGE(INDEX(benchmark!V:V, (ROW()-2)*$B5+2):INDEX(benchmark!V:V, (ROW()-2)*$B5 + $B5+1)), "") -> 2 | W5: =IFERROR(AVERAGE(INDEX(benchmark!W:W, (ROW()-2)*$B5+2):INDEX(benchmark!W:W, (ROW()-2)*$B5 + $B5+1)), "") -> 0.3998 | X5: =IFERROR(AVERAGE(INDEX(benchmark!X:X, (ROW()-2)*$B5+2):INDEX(benchmark!X:X, (ROW()-2)*$B5 + $B5+1)), "") -> 0.0515625 | Y5: =IFERROR(AVERAGE(INDEX(benchmark!Y:Y, (ROW()-2)*$B5+2):INDEX(benchmark!Y:Y, (ROW()-2)*$B5 + $B5+1)), "") -> 0.1890625 | Z5: =IFERROR(AVERAGE(INDEX(benchmark!Z:Z, (ROW()-2)*$B5+2):INDEX(benchmark!Z:Z, (ROW()-2)*$B5 + $B5+1)), "") -> 0.240625 | AA5: =IFERROR(AVERAGE(INDEX(benchmark!AA:AA, (ROW()-2)*$B5+2):INDEX(benchmark!AA:AA, (ROW()-2)*$B5 + $B5+1)), "") -> 0.1048 | AB5: =IFERROR(AVERAGE(INDEX(benchmark!AB:AB, (ROW()-2)*$B5+2):INDEX(benchmark!AB:AB, (ROW()-2)*$B5 + $B5+1)), "") -> 0.021875 | AC5: =IFERROR(AVERAGE(INDEX(benchmark!AC:AC, (ROW()-2)*$B5+2):INDEX(benchmark!AC:AC, (ROW()-2)*$B5 + $B5+1)), "") -> 0.065625 | AD5: =IFERROR(AVERAGE(INDEX(benchmark!AD:AD, (ROW()-2)*$B5+2):INDEX(benchmark!AD:AD, (ROW()-2)*$B5 + $B5+1)), "") -> 0.0875 | AE5: =IFERROR(AVERAGE(INDEX(benchmark!AE:AE, (ROW()-2)*$B5+2):INDEX(benchmark!AE:AE, (ROW()-2)*$B5 + $B5+1)), "") -> 99109 | AF5: =IFERROR(AVERAGE(INDEX(benchmark!AF:AF, (ROW()-2)*$B5+2):INDEX(benchmark!AF:AF, (ROW()-2)*$B5 + $B5+1)), "") -> 266 | AG5: =IFERROR(AVERAGE(INDEX(benchmark!AG:AG, (ROW()-2)*$B5+2):INDEX(benchmark!AG:AG, (ROW()-2)*$B5 + $B5+1)), "") -> 98877 | AH5: =IFERROR(AVERAGE(INDEX(benchmark!AH:AH, (ROW()-2)*$B5+2):INDEX(benchmark!AH:AH, (ROW()-2)*$B5 + $B5+1)), "") -> 214 | AI5: =IFERROR(AVERAGE(INDEX(benchmark!AI:AI, (ROW()-2)*$B5+2):INDEX(benchmark!AI:AI, (ROW()-2)*$B5 + $B5+1)), "") -> 0.0099332639 | AJ5: =IFERROR(AVERAGE(INDEX(benchmark!AJ:AJ, (ROW()-2)*$B5+2):INDEX(benchmark!AJ:AJ, (ROW()-2)*$B5 + $B5+1)), "") -> 0.009941169 | AK5: {=IFERROR(AVERAGE(INDEX(benchmark!W:W, (ROW()-2)*$B5+2):INDEX(benchmark!W:W, (ROW()-2)*$B5 + $B5+1) + INDEX(benchmark!AA:AA, (ROW()-2)*$B5+2):INDEX(benchmark!AA:AA, (ROW()-2)*$B5 + $B5+1)), "")} -> 0.5046 | AL5: {=IFERROR(MIN(INDEX(benchmark!W:W, (ROW()-2)*$B5+2):INDEX(benchmark!W:W, (ROW()-2)*$B5 + $B5+1) + INDEX(benchmark!AA:AA, (ROW()-2)*$B5+2):INDEX(benchmark!AA:AA, (ROW()-2)*$B5 + $B5+1)), "")} -> 0.453 | AM5: {=IFERROR(MAX(INDEX(benchmark!W:W, (ROW()-2)*$B5+2):INDEX(benchmark!W:W, (ROW()-2)*$B5 + $B5+1) + INDEX(benchmark!AA:AA, (ROW()-2)*$B5+2):INDEX(benchmark!AA:AA, (ROW()-2)*$B5 + $B5+1)), "")} -> 0.718 | AN5: {=IFERROR(AVERAGE(MOD(VALUE(INDEX(benchmark!AJ:AJ, (ROW()-2)*$B5+2):INDEX(benchmark!AJ:AJ, (ROW()-2)*$B5 + $B5+1)) - VALUE(INDEX(benchmark!AI:AI, (ROW()-2)*$B5+2):INDEX(benchmark!AI:AI, (ROW()-2)*$B5 + $B5+1)), 1) * 86400), "")} -> 0.683 | AO5: {=IFERROR(MIN(MOD(VALUE(INDEX(benchmark!AJ:AJ, (ROW()-2)*$B5+2):INDEX(benchmark!AJ:AJ, (ROW()-2)*$B5 + $B5+1)) - VALUE(INDEX(benchmark!AI:AI, (ROW()-2)*$B5+2):INDEX(benchmark!AI:AI, (ROW()-2)*$B5 + $B5+1)), 1) * 86400), "")} -> 0.56 | AP5: {=IFERROR(MAX(MOD(VALUE(INDEX(benchmark!AJ:AJ, (ROW()-2)*$B5+2):INDEX(benchmark!AJ:AJ, (ROW()-2)*$B5 + $B5+1)) - VALUE(INDEX(benchmark!AI:AI, (ROW()-2)*$B5+2):INDEX(benchmark!AI:AI, (ROW()-2)*$B5 + $B5+1)), 1) * 86400), "")} -> 1.11 | AQ5: =IFERROR(AVERAGE(INDEX(benchmark!S:S, (ROW()-2)*$B5+2):INDEX(benchmark!S:S, (ROW()-2)*$B5 + $B5+1)), "") -> 0.0415 | AR5: =IFERROR(MIN(INDEX(benchmark!S:S, (ROW()-2)*$B5+2):INDEX(benchmark!S:S, (ROW()-2)*$B5 + $B5+1)), "") -> 0.039 | AS5: =IFERROR(MAX(INDEX(benchmark!S:S, (ROW()-2)*$B5+2):INDEX(benchmark!S:S, (ROW()-2)*$B5 + $B5+1)), "") -> 0.046
A6: {=INDEX(benchmark!A:A, (ROW()-2)*$B6+2)} -> five-link-phc-kelly | B6: =COUNTIF(benchmark!A:A, benchmark!A6) -> 10 | C6: {=INDEX(benchmark!C:C, (ROW()-2)*$B6+2)} -> Ipopt | D6: {=INDEX(benchmark!D:D, (ROW()-2)*$B6+2)} -> 3.12.13 | E6: {=INDEX(benchmark!E:E, (ROW()-2)*$B6+2)} -> solved | F6: =IFERROR(AVERAGE(INDEX(benchmark!F:F, (ROW()-2)*$B6+2):INDEX(benchmark!F:F, (ROW()-2)*$B6 + $B6+1)), "") -> 0 | G6: =IFERROR(AVERAGE(INDEX(benchmark!G:G, (ROW()-2)*$B6+2):INDEX(benchmark!G:G, (ROW()-2)*$B6 + $B6+1)), "") -> 443.14228 | H6: =IFERROR(AVERAGE(INDEX(benchmark!H:H, (ROW()-2)*$B6+2):INDEX(benchmark!H:H, (ROW()-2)*$B6 + $B6+1)), "") | I6: =IFERROR(AVERAGE(INDEX(benchmark!I:I, (ROW()-2)*$B6+2):INDEX(benchmark!I:I, (ROW()-2)*$B6 + $B6+1)), "") -> 13 | J6: =IFERROR(AVERAGE(INDEX(benchmark!J:J, (ROW()-2)*$B6+2):INDEX(benchmark!J:J, (ROW()-2)*$B6 + $B6+1)), "") -> 14 | K6: =IFERROR(AVERAGE(INDEX(benchmark!K:K, (ROW()-2)*$B6+2):INDEX(benchmark!K:K, (ROW()-2)*$B6 + $B6+1)), "") -> 14 | L6: =IFERROR(AVERAGE(INDEX(benchmark!L:L, (ROW()-2)*$B6+2):INDEX(benchmark!L:L, (ROW()-2)*$B6 + $B6+1)), "") -> 14 | M6: =IFERROR(AVERAGE(INDEX(benchmark!M:M, (ROW()-2)*$B6+2):INDEX(benchmark!M:M, (ROW()-2)*$B6 + $B6+1)), "") -> 14 | N6: =IFERROR(AVERAGE(INDEX(benchmark!N:N, (ROW()-2)*$B6+2):INDEX(benchmark!N:N, (ROW()-2)*$B6 + $B6+1)), "") -> 14 | O6: =IFERROR(AVERAGE(INDEX(benchmark!O:O, (ROW()-2)*$B6+2):INDEX(benchmark!O:O, (ROW()-2)*$B6 + $B6+1)), "") -> 14 | P6: =IFERROR(AVERAGE(INDEX(benchmark!P:P, (ROW()-2)*$B6+2):INDEX(benchmark!P:P, (ROW()-2)*$B6 + $B6+1)), "") -> 13 | Q6: =IFERROR(AVERAGE(INDEX(benchmark!Q:Q, (ROW()-2)*$B6+2):INDEX(benchmark!Q:Q, (ROW()-2)*$B6 + $B6+1)), "") -> 4.2092552e-10 | R6: =IFERROR(AVERAGE(INDEX(benchmark!R:R, (ROW()-2)*$B6+2):INDEX(benchmark!R:R, (ROW()-2)*$B6 + $B6+1)), "") -> 0.1167 | S6: =IFERROR(AVERAGE(INDEX(benchmark!S:S, (ROW()-2)*$B6+2):INDEX(benchmark!S:S, (ROW()-2)*$B6 + $B6+1)), "") -> 0.0851 | T6: =IFERROR(AVERAGE(INDEX(benchmark!T:T, (ROW()-2)*$B6+2):INDEX(benchmark!T:T, (ROW()-2)*$B6 + $B6+1)), "") -> 326 | U6: =IFERROR(AVERAGE(INDEX(benchmark!U:U, (ROW()-2)*$B6+2):INDEX(benchmark!U:U, (ROW()-2)*$B6 + $B6+1)), "") -> 300 | V6: =IFERROR(AVERAGE(INDEX(benchmark!V:V, (ROW()-2)*$B6+2):INDEX(benchmark!V:V, (ROW()-2)*$B6 + $B6+1)), "") -> 2 | W6: =IFERROR(AVERAGE(INDEX(benchmark!W:W, (ROW()-2)*$B6+2):INDEX(benchmark!W:W, (ROW()-2)*$B6 + $B6+1)), "") -> 0.2815 | X6: =IFERROR(AVERAGE(INDEX(benchmark!X:X, (ROW()-2)*$B6+2):INDEX(benchmark!X:X, (ROW()-2)*$B6 + $B6+1)), "") -> 0.0453125 | Y6: =IFERROR(AVERAGE(INDEX(benchmark!Y:Y, (ROW()-2)*$B6+2):INDEX(benchmark!Y:Y, (ROW()-2)*$B6 + $B6+1)), "") -> 0.109375 | Z6: =IFERROR(AVERAGE(INDEX(benchmark!Z:Z, (ROW()-2)*$B6+2):INDEX(benchmark!Z:Z, (ROW()-2)*$B6 + $B6+1)), "") -> 0.1546875 | AA6: =IFERROR(AVERAGE(INDEX(benchmark!AA:AA, (ROW()-2)*$B6+2):INDEX(benchmark!AA:AA, (ROW()-2)*$B6 + $B6+1)), "") -> 0.2435 | AB6: =IFERROR(AVERAGE(INDEX(benchmark!AB:AB, (ROW()-2)*$B6+2):INDEX(benchmark!AB:AB, (ROW()-2)*$B6 + $B6+1)), "") -> 0.034375 | AC6: =IFERROR(AVERAGE(INDEX(benchmark!AC:AC, (ROW()-2)*$B6+2):INDEX(benchmark!AC:AC, (ROW()-2)*$B6 + $B6+1)), "") -> 0.1921875 | AD6: =IFERROR(AVERAGE(INDEX(benchmark!AD:AD, (ROW()-2)*$B6+2):INDEX(benchmark!AD:AD, (ROW()-2)*$B6 + $B6+1)), "") -> 0.2265625 | AE6: =IFERROR(AVERAGE(INDEX(benchmark!AE:AE, (ROW()-2)*$B6+2):INDEX(benchmark!AE:AE, (ROW()-2)*$B6 + $B6+1)), "") -> 46821 | AF6: =IFERROR(AVERAGE(INDEX(benchmark!AF:AF, (ROW()-2)*$B6+2):INDEX(benchmark!AF:AF, (ROW()-2)*$B6 + $B6+1)), "") -> 326 | AG6: =IFERROR(AVERAGE(INDEX(benchmark!AG:AG, (ROW()-2)*$B6+2):INDEX(benchmark!AG:AG, (ROW()-2)*$B6 + $B6+1)), "") -> 46820 | AH6: =IFERROR(AVERAGE(INDEX(benchmark!AH:AH, (ROW()-2)*$B6+2):INDEX(benchmark!AH:AH, (ROW()-2)*$B6 + $B6+1)), "") -> 302 | AI6: =IFERROR(AVERAGE(INDEX(benchmark!AI:AI, (ROW()-2)*$B6+2):INDEX(benchmark!AI:AI, (ROW()-2)*$B6 + $B6+1)), "") -> 0.01002816 | AJ6: =IFERROR(AVERAGE(INDEX(benchmark!AJ:AJ, (ROW()-2)*$B6+2):INDEX(benchmark!AJ:AJ, (ROW()-2)*$B6 + $B6+1)), "") -> 0.010035417 | AK6: {=IFERROR(AVERAGE(INDEX(benchmark!W:W, (ROW()-2)*$B6+2):INDEX(benchmark!W:W, (ROW()-2)*$B6 + $B6+1) + INDEX(benchmark!AA:AA, (ROW()-2)*$B6+2):INDEX(benchmark!AA:AA, (ROW()-2)*$B6 + $B6+1)), "")} -> 0.525 | AL6: {=IFERROR(MIN(INDEX(benchmark!W:W, (ROW()-2)*$B6+2):INDEX(benchmark!W:W, (ROW()-2)*$B6 + $B6+1) + INDEX(benchmark!AA:AA, (ROW()-2)*$B6+2):INDEX(benchmark!AA:AA, (ROW()-2)*$B6 + $B6+1)), "")} -> 0.485 | AM6: {=IFERROR(MAX(INDEX(benchmark!W:W, (ROW()-2)*$B6+2):INDEX(benchmark!W:W, (ROW()-2)*$B6 + $B6+1) + INDEX(benchmark!AA:AA, (ROW()-2)*$B6+2):INDEX(benchmark!AA:AA, (ROW()-2)*$B6 + $B6+1)), "")} -> 0.578 | AN6: {=IFERROR(AVERAGE(MOD(VALUE(INDEX(benchmark!AJ:AJ, (ROW()-2)*$B6+2):INDEX(benchmark!AJ:AJ, (ROW()-2)*$B6 + $B6+1)) - VALUE(INDEX(benchmark!AI:AI, (ROW()-2)*$B6+2):INDEX(benchmark!AI:AI, (ROW()-2)*$B6 + $B6+1)), 1) * 86400), "")} -> 0.627 | AO6: {=IFERROR(MIN(MOD(VALUE(INDEX(benchmark!AJ:AJ, (ROW()-2)*$B6+2):INDEX(benchmark!AJ:AJ, (ROW()-2)*$B6 + $B6+1)) - VALUE(INDEX(benchmark!AI:AI, (ROW()-2)*$B6+2):INDEX(benchmark!AI:AI, (ROW()-2)*$B6 + $B6+1)), 1) * 86400), "")} -> 0.59 | AP6: {=IFERROR(MAX(MOD(VALUE(INDEX(benchmark!AJ:AJ, (ROW()-2)*$B6+2):INDEX(benchmark!AJ:AJ, (ROW()-2)*$B6 + $B6+1)) - VALUE(INDEX(benchmark!AI:AI, (ROW()-2)*$B6+2):INDEX(benchmark!AI:AI, (ROW()-2)*$B6 + $B6+1)), 1) * 86400), "")} -> 0.68 | AQ6: =IFERROR(AVERAGE(INDEX(benchmark!S:S, (ROW()-2)*$B6+2):INDEX(benchmark!S:S, (ROW()-2)*$B6 + $B6+1)), "") -> 0.0851 | AR6: =IFERROR(MIN(INDEX(benchmark!S:S, (ROW()-2)*$B6+2):INDEX(benchmark!S:S, (ROW()-2)*$B6 + $B6+1)), "") -> 0.077 | AS6: =IFERROR(MAX(INDEX(benchmark!S:S, (ROW()-2)*$B6+2):INDEX(benchmark!S:S, (ROW()-2)*$B6 + $B6+1)), "") -> 0.1
A7: {=INDEX(benchmark!A:A, (ROW()-2)*$B7+2)} -> five-link-tropic | B7: =COUNTIF(benchmark!A:A, benchmark!A7) -> 10 | C7: {=INDEX(benchmark!C:C, (ROW()-2)*$B7+2)} -> Ipopt | D7: {=INDEX(benchmark!D:D, (ROW()-2)*$B7+2)} -> 3.12.13 | E7: {=INDEX(benchmark!E:E, (ROW()-2)*$B7+2)} -> solved | F7: =IFERROR(AVERAGE(INDEX(benchmark!F:F, (ROW()-2)*$B7+2):INDEX(benchmark!F:F, (ROW()-2)*$B7 + $B7+1)), "") -> 0 | G7: =IFERROR(AVERAGE(INDEX(benchmark!G:G, (ROW()-2)*$B7+2):INDEX(benchmark!G:G, (ROW()-2)*$B7 + $B7+1)), "") -> 5.7300002 | H7: =IFERROR(AVERAGE(INDEX(benchmark!H:H, (ROW()-2)*$B7+2):INDEX(benchmark!H:H, (ROW()-2)*$B7 + $B7+1)), "") | I7: =IFERROR(AVERAGE(INDEX(benchmark!I:I, (ROW()-2)*$B7+2):INDEX(benchmark!I:I, (ROW()-2)*$B7 + $B7+1)), "") -> 206 | J7: =IFERROR(AVERAGE(INDEX(benchmark!J:J, (ROW()-2)*$B7+2):INDEX(benchmark!J:J, (ROW()-2)*$B7 + $B7+1)), "") -> 273 | K7: =IFERROR(AVERAGE(INDEX(benchmark!K:K, (ROW()-2)*$B7+2):INDEX(benchmark!K:K, (ROW()-2)*$B7 + $B7+1)), "") -> 207 | L7: =IFERROR(AVERAGE(INDEX(benchmark!L:L, (ROW()-2)*$B7+2):INDEX(benchmark!L:L, (ROW()-2)*$B7 + $B7+1)), "") -> 273 | M7: =IFERROR(AVERAGE(INDEX(benchmark!M:M, (ROW()-2)*$B7+2):INDEX(benchmark!M:M, (ROW()-2)*$B7 + $B7+1)), "") -> 273 | N7: =IFERROR(AVERAGE(INDEX(benchmark!N:N, (ROW()-2)*$B7+2):INDEX(benchmark!N:N, (ROW()-2)*$B7 + $B7+1)), "") -> 210 | O7: =IFERROR(AVERAGE(INDEX(benchmark!O:O, (ROW()-2)*$B7+2):INDEX(benchmark!O:O, (ROW()-2)*$B7 + $B7+1)), "") -> 210 | P7: =IFERROR(AVERAGE(INDEX(benchmark!P:P, (ROW()-2)*$B7+2):INDEX(benchmark!P:P, (ROW()-2)*$B7 + $B7+1)), "") -> 206 | Q7: =IFERROR(AVERAGE(INDEX(benchmark!Q:Q, (ROW()-2)*$B7+2):INDEX(benchmark!Q:Q, (ROW()-2)*$B7 + $B7+1)), "") -> 1.4438672e-11 | R7: =IFERROR(AVERAGE(INDEX(benchmark!R:R, (ROW()-2)*$B7+2):INDEX(benchmark!R:R, (ROW()-2)*$B7 + $B7+1)), "") -> 18.4238 | S7: =IFERROR(AVERAGE(INDEX(benchmark!S:S, (ROW()-2)*$B7+2):INDEX(benchmark!S:S, (ROW()-2)*$B7 + $B7+1)), "") -> 11.9045 | T7: =IFERROR(AVERAGE(INDEX(benchmark!T:T, (ROW()-2)*$B7+2):INDEX(benchmark!T:T, (ROW()-2)*$B7 + $B7+1)), "") -> 2345 | U7: =IFERROR(AVERAGE(INDEX(benchmark!U:U, (ROW()-2)*$B7+2):INDEX(benchmark!U:U, (ROW()-2)*$B7 + $B7+1)), "") -> 2331 | V7: =IFERROR(AVERAGE(INDEX(benchmark!V:V, (ROW()-2)*$B7+2):INDEX(benchmark!V:V, (ROW()-2)*$B7 + $B7+1)), "") -> 206 | W7: =IFERROR(AVERAGE(INDEX(benchmark!W:W, (ROW()-2)*$B7+2):INDEX(benchmark!W:W, (ROW()-2)*$B7 + $B7+1)), "") -> 1.4402 | X7: =IFERROR(AVERAGE(INDEX(benchmark!X:X, (ROW()-2)*$B7+2):INDEX(benchmark!X:X, (ROW()-2)*$B7 + $B7+1)), "") -> 0.228125 | Y7: =IFERROR(AVERAGE(INDEX(benchmark!Y:Y, (ROW()-2)*$B7+2):INDEX(benchmark!Y:Y, (ROW()-2)*$B7 + $B7+1)), "") -> 1.0375 | Z7: =IFERROR(AVERAGE(INDEX(benchmark!Z:Z, (ROW()-2)*$B7+2):INDEX(benchmark!Z:Z, (ROW()-2)*$B7 + $B7+1)), "") -> 1.265625 | AA7: =IFERROR(AVERAGE(INDEX(benchmark!AA:AA, (ROW()-2)*$B7+2):INDEX(benchmark!AA:AA, (ROW()-2)*$B7 + $B7+1)), "") -> 30.5142 | AB7: =IFERROR(AVERAGE(INDEX(benchmark!AB:AB, (ROW()-2)*$B7+2):INDEX(benchmark!AB:AB, (ROW()-2)*$B7 + $B7+1)), "") -> 0.490625 | AC7: =IFERROR(AVERAGE(INDEX(benchmark!AC:AC, (ROW()-2)*$B7+2):INDEX(benchmark!AC:AC, (ROW()-2)*$B7 + $B7+1)), "") -> 29.89375 | AD7: =IFERROR(AVERAGE(INDEX(benchmark!AD:AD, (ROW()-2)*$B7+2):INDEX(benchmark!AD:AD, (ROW()-2)*$B7 + $B7+1)), "") -> 30.384375 | AE7: =IFERROR(AVERAGE(INDEX(benchmark!AE:AE, (ROW()-2)*$B7+2):INDEX(benchmark!AE:AE, (ROW()-2)*$B7 + $B7+1)), "") -> 371155 | AF7: =IFERROR(AVERAGE(INDEX(benchmark!AF:AF, (ROW()-2)*$B7+2):INDEX(benchmark!AF:AF, (ROW()-2)*$B7 + $B7+1)), "") -> 2345 | AG7: =IFERROR(AVERAGE(INDEX(benchmark!AG:AG, (ROW()-2)*$B7+2):INDEX(benchmark!AG:AG, (ROW()-2)*$B7 + $B7+1)), "") -> 372492 | AH7: =IFERROR(AVERAGE(INDEX(benchmark!AH:AH, (ROW()-2)*$B7+2):INDEX(benchmark!AH:AH, (ROW()-2)*$B7 + $B7+1)), "") -> 2537 | AI7: =IFERROR(AVERAGE(INDEX(benchmark!AI:AI, (ROW()-2)*$B7+2):INDEX(benchmark!AI:AI, (ROW()-2)*$B7 + $B7+1)), "") -> 0.011852187 | AJ7: =IFERROR(AVERAGE(INDEX(benchmark!AJ:AJ, (ROW()-2)*$B7+2):INDEX(benchmark!AJ:AJ, (ROW()-2)*$B7 + $B7+1)), "") -> 0.012244965 | AK7: {=IFERROR(AVERAGE(INDEX(benchmark!W:W, (ROW()-2)*$B7+2):INDEX(benchmark!W:W, (ROW()-2)*$B7 + $B7+1) + INDEX(benchmark!AA:AA, (ROW()-2)*$B7+2):INDEX(benchmark!AA:AA, (ROW()-2)*$B7 + $B7+1)), "")} -> 31.9544 | AL7: {=IFERROR(MIN(INDEX(benchmark!W:W, (ROW()-2)*$B7+2):INDEX(benchmark!W:W, (ROW()-2)*$B7 + $B7+1) + INDEX(benchmark!AA:AA, (ROW()-2)*$B7+2):INDEX(benchmark!AA:AA, (ROW()-2)*$B7 + $B7+1)), "")} -> 30.765 | AM7: {=IFERROR(MAX(INDEX(benchmark!W:W, (ROW()-2)*$B7+2):INDEX(benchmark!W:W, (ROW()-2)*$B7 + $B7+1) + INDEX(benchmark!AA:AA, (ROW()-2)*$B7+2):INDEX(benchmark!AA:AA, (ROW()-2)*$B7 + $B7+1)), "")} -> 33.093 | AN7: {=IFERROR(AVERAGE(MOD(VALUE(INDEX(benchmark!AJ:AJ, (ROW()-2)*$B7+2):INDEX(benchmark!AJ:AJ, (ROW()-2)*$B7 + $B7+1)) - VALUE(INDEX(benchmark!AI:AI, (ROW()-2)*$B7+2):INDEX(benchmark!AI:AI, (ROW()-2)*$B7 + $B7+1)), 1) * 86400), "")} -> 33.936 | AO7: {=IFERROR(MIN(MOD(VALUE(INDEX(benchmark!AJ:AJ, (ROW()-2)*$B7+2):INDEX(benchmark!AJ:AJ, (ROW()-2)*$B7 + $B7+1)) - VALUE(INDEX(benchmark!AI:AI, (ROW()-2)*$B7+2):INDEX(benchmark!AI:AI, (ROW()-2)*$B7 + $B7+1)), 1) * 86400), "")} -> 32.89 | AP7: {=IFERROR(MAX(MOD(VALUE(INDEX(benchmark!AJ:AJ, (ROW()-2)*$B7+2):INDEX(benchmark!AJ:AJ, (ROW()-2)*$B7 + $B7+1)) - VALUE(INDEX(benchmark!AI:AI, (ROW()-2)*$B7+2):INDEX(benchmark!AI:AI, (ROW()-2)*$B7 + $B7+1)), 1) * 86400), "")} -> 34.99 | AQ7: =IFERROR(AVERAGE(INDEX(benchmark!S:S, (ROW()-2)*$B7+2):INDEX(benchmark!S:S, (ROW()-2)*$B7 + $B7+1)), "") -> 11.9045 | AR7: =IFERROR(MIN(INDEX(benchmark!S:S, (ROW()-2)*$B7+2):INDEX(benchmark!S:S, (ROW()-2)*$B7 + $B7+1)), "") -> 11.284 | AS7: =IFERROR(MAX(INDEX(benchmark!S:S, (ROW()-2)*$B7+2):INDEX(benchmark!S:S, (ROW()-2)*$B7 + $B7+1)), "") -> 12.42
A8: {=INDEX(benchmark!A:A, (ROW()-2)*$B8+2)} -> grasp-cbc | B8: =COUNTIF(benchmark!A:A, benchmark!A8) -> 10 | C8: {=INDEX(benchmark!C:C, (ROW()-2)*$B8+2)} -> cbc | D8: {=INDEX(benchmark!D:D, (ROW()-2)*$B8+2)} -> 2.10.12 | E8: {=INDEX(benchmark!E:E, (ROW()-2)*$B8+2)} -> failure | F8: =IFERROR(AVERAGE(INDEX(benchmark!F:F, (ROW()-2)*$B8+2):INDEX(benchmark!F:F, (ROW()-2)*$B8 + $B8+1)), "") -> 500 | G8: =IFERROR(AVERAGE(INDEX(benchmark!G:G, (ROW()-2)*$B8+2):INDEX(benchmark!G:G, (ROW()-2)*$B8 + $B8+1)), "") -> 0 | H8: =IFERROR(AVERAGE(INDEX(benchmark!H:H, (ROW()-2)*$B8+2):INDEX(benchmark!H:H, (ROW()-2)*$B8 + $B8+1)), "") | I8: =IFERROR(AVERAGE(INDEX(benchmark!I:I, (ROW()-2)*$B8+2):INDEX(benchmark!I:I, (ROW()-2)*$B8 + $B8+1)), "") | J8: =IFERROR(AVERAGE(INDEX(benchmark!J:J, (ROW()-2)*$B8+2):INDEX(benchmark!J:J, (ROW()-2)*$B8 + $B8+1)), "") | K8: =IFERROR(AVERAGE(INDEX(benchmark!K:K, (ROW()-2)*$B8+2):INDEX(benchmark!K:K, (ROW()-2)*$B8 + $B8+1)), "") | L8: =IFERROR(AVERAGE(INDEX(benchmark!L:L, (ROW()-2)*$B8+2):INDEX(benchmark!L:L, (ROW()-2)*$B8 + $B8+1)), "") | M8: =IFERROR(AVERAGE(INDEX(benchmark!M:M, (ROW()-2)*$B8+2):INDEX(benchmark!M:M, (ROW()-2)*$B8 + $B8+1)), "") | N8: =IFERROR(AVERAGE(INDEX(benchmark!N:N, (ROW()-2)*$B8+2):INDEX(benchmark!N:N, (ROW()-2)*$B8 + $B8+1)), "") | O8: =IFERROR(AVERAGE(INDEX(benchmark!O:O, (ROW()-2)*$B8+2):INDEX(benchmark!O:O, (ROW()-2)*$B8 + $B8+1)), "") | P8: =IFERROR(AVERAGE(INDEX(benchmark!P:P, (ROW()-2)*$B8+2):INDEX(benchmark!P:P, (ROW()-2)*$B8 + $B8+1)), "") | Q8: =IFERROR(AVERAGE(INDEX(benchmark!Q:Q, (ROW()-2)*$B8+2):INDEX(benchmark!Q:Q, (ROW()-2)*$B8 + $B8+1)), "") | R8: =IFERROR(AVERAGE(INDEX(benchmark!R:R, (ROW()-2)*$B8+2):INDEX(benchmark!R:R, (ROW()-2)*$B8 + $B8+1)), "") | S8: =IFERROR(AVERAGE(INDEX(benchmark!S:S, (ROW()-2)*$B8+2):INDEX(benchmark!S:S, (ROW()-2)*$B8 + $B8+1)), "") | T8: =IFERROR(AVERAGE(INDEX(benchmark!T:T, (ROW()-2)*$B8+2):INDEX(benchmark!T:T, (ROW()-2)*$B8 + $B8+1)), "") | U8: =IFERROR(AVERAGE(INDEX(benchmark!U:U, (ROW()-2)*$B8+2):INDEX(benchmark!U:U, (ROW()-2)*$B8 + $B8+1)), "") | V8: =IFERROR(AVERAGE(INDEX(benchmark!V:V, (ROW()-2)*$B8+2):INDEX(benchmark!V:V, (ROW()-2)*$B8 + $B8+1)), "") | W8: =IFERROR(AVERAGE(INDEX(benchmark!W:W, (ROW()-2)*$B8+2):INDEX(benchmark!W:W, (ROW()-2)*$B8 + $B8+1)), "") -> 0.2107 | X8: =IFERROR(AVERAGE(INDEX(benchmark!X:X, (ROW()-2)*$B8+2):INDEX(benchmark!X:X, (ROW()-2)*$B8 + $B8+1)), "") -> 0.0375 | Y8: =IFERROR(AVERAGE(INDEX(benchmark!Y:Y, (ROW()-2)*$B8+2):INDEX(benchmark!Y:Y, (ROW()-2)*$B8 + $B8+1)), "") -> 0.0609375 | Z8: =IFERROR(AVERAGE(INDEX(benchmark!Z:Z, (ROW()-2)*$B8+2):INDEX(benchmark!Z:Z, (ROW()-2)*$B8 + $B8+1)), "") -> 0.0984375 | AA8: =IFERROR(AVERAGE(INDEX(benchmark!AA:AA, (ROW()-2)*$B8+2):INDEX(benchmark!AA:AA, (ROW()-2)*$B8 + $B8+1)), "") -> 0.0284 | AB8: =IFERROR(AVERAGE(INDEX(benchmark!AB:AB, (ROW()-2)*$B8+2):INDEX(benchmark!AB:AB, (ROW()-2)*$B8 + $B8+1)), "") -> 0.009375 | AC8: =IFERROR(AVERAGE(INDEX(benchmark!AC:AC, (ROW()-2)*$B8+2):INDEX(benchmark!AC:AC, (ROW()-2)*$B8 + $B8+1)), "") -> 0.0078125 | AD8: =IFERROR(AVERAGE(INDEX(benchmark!AD:AD, (ROW()-2)*$B8+2):INDEX(benchmark!AD:AD, (ROW()-2)*$B8 + $B8+1)), "") -> 0.0171875 | AE8: =IFERROR(AVERAGE(INDEX(benchmark!AE:AE, (ROW()-2)*$B8+2):INDEX(benchmark!AE:AE, (ROW()-2)*$B8 + $B8+1)), "") -> 29729 | AF8: =IFERROR(AVERAGE(INDEX(benchmark!AF:AF, (ROW()-2)*$B8+2):INDEX(benchmark!AF:AF, (ROW()-2)*$B8 + $B8+1)), "") -> 73 | AG8: =IFERROR(AVERAGE(INDEX(benchmark!AG:AG, (ROW()-2)*$B8+2):INDEX(benchmark!AG:AG, (ROW()-2)*$B8 + $B8+1)), "") -> 29766 | AH8: =IFERROR(AVERAGE(INDEX(benchmark!AH:AH, (ROW()-2)*$B8+2):INDEX(benchmark!AH:AH, (ROW()-2)*$B8 + $B8+1)), "") -> 80 | AI8: =IFERROR(AVERAGE(INDEX(benchmark!AI:AI, (ROW()-2)*$B8+2):INDEX(benchmark!AI:AI, (ROW()-2)*$B8 + $B8+1)), "") -> 0.014052431 | AJ8: =IFERROR(AVERAGE(INDEX(benchmark!AJ:AJ, (ROW()-2)*$B8+2):INDEX(benchmark!AJ:AJ, (ROW()-2)*$B8 + $B8+1)), "") -> 0.014056389 | AK8: {=IFERROR(AVERAGE(INDEX(benchmark!W:W, (ROW()-2)*$B8+2):INDEX(benchmark!W:W, (ROW()-2)*$B8 + $B8+1) + INDEX(benchmark!AA:AA, (ROW()-2)*$B8+2):INDEX(benchmark!AA:AA, (ROW()-2)*$B8 + $B8+1)), "")} -> 0.2391 | AL8: {=IFERROR(MIN(INDEX(benchmark!W:W, (ROW()-2)*$B8+2):INDEX(benchmark!W:W, (ROW()-2)*$B8 + $B8+1) + INDEX(benchmark!AA:AA, (ROW()-2)*$B8+2):INDEX(benchmark!AA:AA, (ROW()-2)*$B8 + $B8+1)), "")} -> 0.203 | AM8: {=IFERROR(MAX(INDEX(benchmark!W:W, (ROW()-2)*$B8+2):INDEX(benchmark!W:W, (ROW()-2)*$B8 + $B8+1) + INDEX(benchmark!AA:AA, (ROW()-2)*$B8+2):INDEX(benchmark!AA:AA, (ROW()-2)*$B8 + $B8+1)), "")} -> 0.281 | AN8: {=IFERROR(AVERAGE(MOD(VALUE(INDEX(benchmark!AJ:AJ, (ROW()-2)*$B8+2):INDEX(benchmark!AJ:AJ, (ROW()-2)*$B8 + $B8+1)) - VALUE(INDEX(benchmark!AI:AI, (ROW()-2)*$B8+2):INDEX(benchmark!AI:AI, (ROW()-2)*$B8 + $B8+1)), 1) * 86400), "")} -> 0.342 | AO8: {=IFERROR(MIN(MOD(VALUE(INDEX(benchmark!AJ:AJ, (ROW()-2)*$B8+2):INDEX(benchmark!AJ:AJ, (ROW()-2)*$B8 + $B8+1)) - VALUE(INDEX(benchmark!AI:AI, (ROW()-2)*$B8+2):INDEX(benchmark!AI:AI, (ROW()-2)*$B8 + $B8+1)), 1) * 86400), "")} -> 0.31 | AP8: {=IFERROR(MAX(MOD(VALUE(INDEX(benchmark!AJ:AJ, (ROW()-2)*$B8+2):INDEX(benchmark!AJ:AJ, (ROW()-2)*$B8 + $B8+1)) - VALUE(INDEX(benchmark!AI:AI, (ROW()-2)*$B8+2):INDEX(benchmark!AI:AI, (ROW()-2)*$B8 + $B8+1)), 1) * 86400), "")} -> 0.37 | AQ8: =IFERROR(AVERAGE(INDEX(benchmark!S:S, (ROW()-2)*$B8+2):INDEX(benchmark!S:S, (ROW()-2)*$B8 + $B8+1)), "") | AR8: =IFERROR(MIN(INDEX(benchmark!S:S, (ROW()-2)*$B8+2):INDEX(benchmark!S:S, (ROW()-2)*$B8 + $B8+1)), "") -> 0 | AS8: =IFERROR(MAX(INDEX(benchmark!S:S, (ROW()-2)*$B8+2):INDEX(benchmark!S:S, (ROW()-2)*$B8 + $B8+1)), "") -> 0
A9: {=INDEX(benchmark!A:A, (ROW()-2)*$B9+2)} -> grasp-conopt | B9: =COUNTIF(benchmark!A:A, benchmark!A9) -> 10 | C9: {=INDEX(benchmark!C:C, (ROW()-2)*$B9+2)} | D9: {=INDEX(benchmark!D:D, (ROW()-2)*$B9+2)} | E9: {=INDEX(benchmark!E:E, (ROW()-2)*$B9+2)} -> solved? | F9: =IFERROR(AVERAGE(INDEX(benchmark!F:F, (ROW()-2)*$B9+2):INDEX(benchmark!F:F, (ROW()-2)*$B9 + $B9+1)), "") -> 100 | G9: =IFERROR(AVERAGE(INDEX(benchmark!G:G, (ROW()-2)*$B9+2):INDEX(benchmark!G:G, (ROW()-2)*$B9 + $B9+1)), "") -> 6 | H9: =IFERROR(AVERAGE(INDEX(benchmark!H:H, (ROW()-2)*$B9+2):INDEX(benchmark!H:H, (ROW()-2)*$B9 + $B9+1)), "") | I9: =IFERROR(AVERAGE(INDEX(benchmark!I:I, (ROW()-2)*$B9+2):INDEX(benchmark!I:I, (ROW()-2)*$B9 + $B9+1)), "") | J9: =IFERROR(AVERAGE(INDEX(benchmark!J:J, (ROW()-2)*$B9+2):INDEX(benchmark!J:J, (ROW()-2)*$B9 + $B9+1)), "") | K9: =IFERROR(AVERAGE(INDEX(benchmark!K:K, (ROW()-2)*$B9+2):INDEX(benchmark!K:K, (ROW()-2)*$B9 + $B9+1)), "") | L9: =IFERROR(AVERAGE(INDEX(benchmark!L:L, (ROW()-2)*$B9+2):INDEX(benchmark!L:L, (ROW()-2)*$B9 + $B9+1)), "") | M9: =IFERROR(AVERAGE(INDEX(benchmark!M:M, (ROW()-2)*$B9+2):INDEX(benchmark!M:M, (ROW()-2)*$B9 + $B9+1)), "") | N9: =IFERROR(AVERAGE(INDEX(benchmark!N:N, (ROW()-2)*$B9+2):INDEX(benchmark!N:N, (ROW()-2)*$B9 + $B9+1)), "") | O9: =IFERROR(AVERAGE(INDEX(benchmark!O:O, (ROW()-2)*$B9+2):INDEX(benchmark!O:O, (ROW()-2)*$B9 + $B9+1)), "") | P9: =IFERROR(AVERAGE(INDEX(benchmark!P:P, (ROW()-2)*$B9+2):INDEX(benchmark!P:P, (ROW()-2)*$B9 + $B9+1)), "") | Q9: =IFERROR(AVERAGE(INDEX(benchmark!Q:Q, (ROW()-2)*$B9+2):INDEX(benchmark!Q:Q, (ROW()-2)*$B9 + $B9+1)), "") | R9: =IFERROR(AVERAGE(INDEX(benchmark!R:R, (ROW()-2)*$B9+2):INDEX(benchmark!R:R, (ROW()-2)*$B9 + $B9+1)), "") | S9: =IFERROR(AVERAGE(INDEX(benchmark!S:S, (ROW()-2)*$B9+2):INDEX(benchmark!S:S, (ROW()-2)*$B9 + $B9+1)), "") | T9: =IFERROR(AVERAGE(INDEX(benchmark!T:T, (ROW()-2)*$B9+2):INDEX(benchmark!T:T, (ROW()-2)*$B9 + $B9+1)), "") | U9: =IFERROR(AVERAGE(INDEX(benchmark!U:U, (ROW()-2)*$B9+2):INDEX(benchmark!U:U, (ROW()-2)*$B9 + $B9+1)), "") | V9: =IFERROR(AVERAGE(INDEX(benchmark!V:V, (ROW()-2)*$B9+2):INDEX(benchmark!V:V, (ROW()-2)*$B9 + $B9+1)), "") | W9: =IFERROR(AVERAGE(INDEX(benchmark!W:W, (ROW()-2)*$B9+2):INDEX(benchmark!W:W, (ROW()-2)*$B9 + $B9+1)), "") -> 0.2157 | X9: =IFERROR(AVERAGE(INDEX(benchmark!X:X, (ROW()-2)*$B9+2):INDEX(benchmark!X:X, (ROW()-2)*$B9 + $B9+1)), "") -> 0.0328125 | Y9: =IFERROR(AVERAGE(INDEX(benchmark!Y:Y, (ROW()-2)*$B9+2):INDEX(benchmark!Y:Y, (ROW()-2)*$B9 + $B9+1)), "") -> 0.084375 | Z9: =IFERROR(AVERAGE(INDEX(benchmark!Z:Z, (ROW()-2)*$B9+2):INDEX(benchmark!Z:Z, (ROW()-2)*$B9 + $B9+1)), "") -> 0.1171875 | AA9: =IFERROR(AVERAGE(INDEX(benchmark!AA:AA, (ROW()-2)*$B9+2):INDEX(benchmark!AA:AA, (ROW()-2)*$B9 + $B9+1)), "") -> 0.1298 | AB9: =IFERROR(AVERAGE(INDEX(benchmark!AB:AB, (ROW()-2)*$B9+2):INDEX(benchmark!AB:AB, (ROW()-2)*$B9 + $B9+1)), "") -> 0.015625 | AC9: =IFERROR(AVERAGE(INDEX(benchmark!AC:AC, (ROW()-2)*$B9+2):INDEX(benchmark!AC:AC, (ROW()-2)*$B9 + $B9+1)), "") -> 0.0140625 | AD9: =IFERROR(AVERAGE(INDEX(benchmark!AD:AD, (ROW()-2)*$B9+2):INDEX(benchmark!AD:AD, (ROW()-2)*$B9 + $B9+1)), "") -> 0.0296875 | AE9: =IFERROR(AVERAGE(INDEX(benchmark!AE:AE, (ROW()-2)*$B9+2):INDEX(benchmark!AE:AE, (ROW()-2)*$B9 + $B9+1)), "") -> 29729 | AF9: =IFERROR(AVERAGE(INDEX(benchmark!AF:AF, (ROW()-2)*$B9+2):INDEX(benchmark!AF:AF, (ROW()-2)*$B9 + $B9+1)), "") -> 73 | AG9: =IFERROR(AVERAGE(INDEX(benchmark!AG:AG, (ROW()-2)*$B9+2):INDEX(benchmark!AG:AG, (ROW()-2)*$B9 + $B9+1)), "") -> 29766 | AH9: =IFERROR(AVERAGE(INDEX(benchmark!AH:AH, (ROW()-2)*$B9+2):INDEX(benchmark!AH:AH, (ROW()-2)*$B9 + $B9+1)), "") -> 80 | AI9: =IFERROR(AVERAGE(INDEX(benchmark!AI:AI, (ROW()-2)*$B9+2):INDEX(benchmark!AI:AI, (ROW()-2)*$B9 + $B9+1)), "") -> 0.014116157 | AJ9: =IFERROR(AVERAGE(INDEX(benchmark!AJ:AJ, (ROW()-2)*$B9+2):INDEX(benchmark!AJ:AJ, (ROW()-2)*$B9 + $B9+1)), "") -> 0.014121296 | AK9: {=IFERROR(AVERAGE(INDEX(benchmark!W:W, (ROW()-2)*$B9+2):INDEX(benchmark!W:W, (ROW()-2)*$B9 + $B9+1) + INDEX(benchmark!AA:AA, (ROW()-2)*$B9+2):INDEX(benchmark!AA:AA, (ROW()-2)*$B9 + $B9+1)), "")} -> 0.3455 | AL9: {=IFERROR(MIN(INDEX(benchmark!W:W, (ROW()-2)*$B9+2):INDEX(benchmark!W:W, (ROW()-2)*$B9 + $B9+1) + INDEX(benchmark!AA:AA, (ROW()-2)*$B9+2):INDEX(benchmark!AA:AA, (ROW()-2)*$B9 + $B9+1)), "")} -> 0.266 | AM9: {=IFERROR(MAX(INDEX(benchmark!W:W, (ROW()-2)*$B9+2):INDEX(benchmark!W:W, (ROW()-2)*$B9 + $B9+1) + INDEX(benchmark!AA:AA, (ROW()-2)*$B9+2):INDEX(benchmark!AA:AA, (ROW()-2)*$B9 + $B9+1)), "")} -> 0.516 | AN9: {=IFERROR(AVERAGE(MOD(VALUE(INDEX(benchmark!AJ:AJ, (ROW()-2)*$B9+2):INDEX(benchmark!AJ:AJ, (ROW()-2)*$B9 + $B9+1)) - VALUE(INDEX(benchmark!AI:AI, (ROW()-2)*$B9+2):INDEX(benchmark!AI:AI, (ROW()-2)*$B9 + $B9+1)), 1) * 86400), "")} -> 0.444 | AO9: {=IFERROR(MIN(MOD(VALUE(INDEX(benchmark!AJ:AJ, (ROW()-2)*$B9+2):INDEX(benchmark!AJ:AJ, (ROW()-2)*$B9 + $B9+1)) - VALUE(INDEX(benchmark!AI:AI, (ROW()-2)*$B9+2):INDEX(benchmark!AI:AI, (ROW()-2)*$B9 + $B9+1)), 1) * 86400), "")} -> 0.35 | AP9: {=IFERROR(MAX(MOD(VALUE(INDEX(benchmark!AJ:AJ, (ROW()-2)*$B9+2):INDEX(benchmark!AJ:AJ, (ROW()-2)*$B9 + $B9+1)) - VALUE(INDEX(benchmark!AI:AI, (ROW()-2)*$B9+2):INDEX(benchmark!AI:AI, (ROW()-2)*$B9 + $B9+1)), 1) * 86400), "")} -> 0.62 | AQ9: =IFERROR(AVERAGE(INDEX(benchmark!S:S, (ROW()-2)*$B9+2):INDEX(benchmark!S:S, (ROW()-2)*$B9 + $B9+1)), "") | AR9: =IFERROR(MIN(INDEX(benchmark!S:S, (ROW()-2)*$B9+2):INDEX(benchmark!S:S, (ROW()-2)*$B9 + $B9+1)), "") -> 0 | AS9: =IFERROR(MAX(INDEX(benchmark!S:S, (ROW()-2)*$B9+2):INDEX(benchmark!S:S, (ROW()-2)*$B9 + $B9+1)), "") -> 0
A10: {=INDEX(benchmark!A:A, (ROW()-2)*$B10+2)} -> grasp-gurobi | B10: =COUNTIF(benchmark!A:A, benchmark!A10) -> 10 | C10: {=INDEX(benchmark!C:C, (ROW()-2)*$B10+2)} -> Gurobi | D10: {=INDEX(benchmark!D:D, (ROW()-2)*$B10+2)} -> 12.0.3 | E10: {=INDEX(benchmark!E:E, (ROW()-2)*$B10+2)} -> solved | F10: =IFERROR(AVERAGE(INDEX(benchmark!F:F, (ROW()-2)*$B10+2):INDEX(benchmark!F:F, (ROW()-2)*$B10 + $B10+1)), "") -> 0 | G10: =IFERROR(AVERAGE(INDEX(benchmark!G:G, (ROW()-2)*$B10+2):INDEX(benchmark!G:G, (ROW()-2)*$B10 + $B10+1)), "") -> 4 | H10: =IFERROR(AVERAGE(INDEX(benchmark!H:H, (ROW()-2)*$B10+2):INDEX(benchmark!H:H, (ROW()-2)*$B10 + $B10+1)), "") | I10: =IFERROR(AVERAGE(INDEX(benchmark!I:I, (ROW()-2)*$B10+2):INDEX(benchmark!I:I, (ROW()-2)*$B10 + $B10+1)), "") | J10: =IFERROR(AVERAGE(INDEX(benchmark!J:J, (ROW()-2)*$B10+2):INDEX(benchmark!J:J, (ROW()-2)*$B10 + $B10+1)), "") | K10: =IFERROR(AVERAGE(INDEX(benchmark!K:K, (ROW()-2)*$B10+2):INDEX(benchmark!K:K, (ROW()-2)*$B10 + $B10+1)), "") | L10: =IFERROR(AVERAGE(INDEX(benchmark!L:L, (ROW()-2)*$B10+2):INDEX(benchmark!L:L, (ROW()-2)*$B10 + $B10+1)), "") | M10: =IFERROR(AVERAGE(INDEX(benchmark!M:M, (ROW()-2)*$B10+2):INDEX(benchmark!M:M, (ROW()-2)*$B10 + $B10+1)), "") | N10: =IFERROR(AVERAGE(INDEX(benchmark!N:N, (ROW()-2)*$B10+2):INDEX(benchmark!N:N, (ROW()-2)*$B10 + $B10+1)), "") | O10: =IFERROR(AVERAGE(INDEX(benchmark!O:O, (ROW()-2)*$B10+2):INDEX(benchmark!O:O, (ROW()-2)*$B10 + $B10+1)), "") | P10: =IFERROR(AVERAGE(INDEX(benchmark!P:P, (ROW()-2)*$B10+2):INDEX(benchmark!P:P, (ROW()-2)*$B10 + $B10+1)), "") | Q10: =IFERROR(AVERAGE(INDEX(benchmark!Q:Q, (ROW()-2)*$B10+2):INDEX(benchmark!Q:Q, (ROW()-2)*$B10 + $B10+1)), "") | R10: =IFERROR(AVERAGE(INDEX(benchmark!R:R, (ROW()-2)*$B10+2):INDEX(benchmark!R:R, (ROW()-2)*$B10 + $B10+1)), "") | S10: =IFERROR(AVERAGE(INDEX(benchmark!S:S, (ROW()-2)*$B10+2):INDEX(benchmark!S:S, (ROW()-2)*$B10 + $B10+1)), "") | T10: =IFERROR(AVERAGE(INDEX(benchmark!T:T, (ROW()-2)*$B10+2):INDEX(benchmark!T:T, (ROW()-2)*$B10 + $B10+1)), "") | U10: =IFERROR(AVERAGE(INDEX(benchmark!U:U, (ROW()-2)*$B10+2):INDEX(benchmark!U:U, (ROW()-2)*$B10 + $B10+1)), "") | V10: =IFERROR(AVERAGE(INDEX(benchmark!V:V, (ROW()-2)*$B10+2):INDEX(benchmark!V:V, (ROW()-2)*$B10 + $B10+1)), "") | W10: =IFERROR(AVERAGE(INDEX(benchmark!W:W, (ROW()-2)*$B10+2):INDEX(benchmark!W:W, (ROW()-2)*$B10 + $B10+1)), "") -> 0.2016 | X10: =IFERROR(AVERAGE(INDEX(benchmark!X:X, (ROW()-2)*$B10+2):INDEX(benchmark!X:X, (ROW()-2)*$B10 + $B10+1)), "") -> 0.0390625 | Y10: =IFERROR(AVERAGE(INDEX(benchmark!Y:Y, (ROW()-2)*$B10+2):INDEX(benchmark!Y:Y, (ROW()-2)*$B10 + $B10+1)), "") -> 0.0625 | Z10: =IFERROR(AVERAGE(INDEX(benchmark!Z:Z, (ROW()-2)*$B10+2):INDEX(benchmark!Z:Z, (ROW()-2)*$B10 + $B10+1)), "") -> 0.1015625 | AA10: =IFERROR(AVERAGE(INDEX(benchmark!AA:AA, (ROW()-2)*$B10+2):INDEX(benchmark!AA:AA, (ROW()-2)*$B10 + $B10+1)), "") -> 0.2688 | AB10: =IFERROR(AVERAGE(INDEX(benchmark!AB:AB, (ROW()-2)*$B10+2):INDEX(benchmark!AB:AB, (ROW()-2)*$B10 + $B10+1)), "") -> 0.3328125 | AC10: =IFERROR(AVERAGE(INDEX(benchmark!AC:AC, (ROW()-2)*$B10+2):INDEX(benchmark!AC:AC, (ROW()-2)*$B10 + $B10+1)), "") -> 1.6234375 | AD10: =IFERROR(AVERAGE(INDEX(benchmark!AD:AD, (ROW()-2)*$B10+2):INDEX(benchmark!AD:AD, (ROW()-2)*$B10 + $B10+1)), "") -> 1.95625 | AE10: =IFERROR(AVERAGE(INDEX(benchmark!AE:AE, (ROW()-2)*$B10+2):INDEX(benchmark!AE:AE, (ROW()-2)*$B10 + $B10+1)), "") -> 29729 | AF10: =IFERROR(AVERAGE(INDEX(benchmark!AF:AF, (ROW()-2)*$B10+2):INDEX(benchmark!AF:AF, (ROW()-2)*$B10 + $B10+1)), "") -> 73 | AG10: =IFERROR(AVERAGE(INDEX(benchmark!AG:AG, (ROW()-2)*$B10+2):INDEX(benchmark!AG:AG, (ROW()-2)*$B10 + $B10+1)), "") -> 29766 | AH10: =IFERROR(AVERAGE(INDEX(benchmark!AH:AH, (ROW()-2)*$B10+2):INDEX(benchmark!AH:AH, (ROW()-2)*$B10 + $B10+1)), "") -> 80 | AI10: =IFERROR(AVERAGE(INDEX(benchmark!AI:AI, (ROW()-2)*$B10+2):INDEX(benchmark!AI:AI, (ROW()-2)*$B10 + $B10+1)), "") -> 0.014192361 | AJ10: =IFERROR(AVERAGE(INDEX(benchmark!AJ:AJ, (ROW()-2)*$B10+2):INDEX(benchmark!AJ:AJ, (ROW()-2)*$B10 + $B10+1)), "") -> 0.014198993 | AK10: {=IFERROR(AVERAGE(INDEX(benchmark!W:W, (ROW()-2)*$B10+2):INDEX(benchmark!W:W, (ROW()-2)*$B10 + $B10+1) + INDEX(benchmark!AA:AA, (ROW()-2)*$B10+2):INDEX(benchmark!AA:AA, (ROW()-2)*$B10 + $B10+1)), "")} -> 0.4704 | AL10: {=IFERROR(MIN(INDEX(benchmark!W:W, (ROW()-2)*$B10+2):INDEX(benchmark!W:W, (ROW()-2)*$B10 + $B10+1) + INDEX(benchmark!AA:AA, (ROW()-2)*$B10+2):INDEX(benchmark!AA:AA, (ROW()-2)*$B10 + $B10+1)), "")} -> 0.422 | AM10: {=IFERROR(MAX(INDEX(benchmark!W:W, (ROW()-2)*$B10+2):INDEX(benchmark!W:W, (ROW()-2)*$B10 + $B10+1) + INDEX(benchmark!AA:AA, (ROW()-2)*$B10+2):INDEX(benchmark!AA:AA, (ROW()-2)*$B10 + $B10+1)), "")} -> 0.547 | AN10: {=IFERROR(AVERAGE(MOD(VALUE(INDEX(benchmark!AJ:AJ, (ROW()-2)*$B10+2):INDEX(benchmark!AJ:AJ, (ROW()-2)*$B10 + $B10+1)) - VALUE(INDEX(benchmark!AI:AI, (ROW()-2)*$B10+2):INDEX(benchmark!AI:AI, (ROW()-2)*$B10 + $B10+1)), 1) * 86400), "")} -> 0.573 | AO10: {=IFERROR(MIN(MOD(VALUE(INDEX(benchmark!AJ:AJ, (ROW()-2)*$B10+2):INDEX(benchmark!AJ:AJ, (ROW()-2)*$B10 + $B10+1)) - VALUE(INDEX(benchmark!AI:AI, (ROW()-2)*$B10+2):INDEX(benchmark!AI:AI, (ROW()-2)*$B10 + $B10+1)), 1) * 86400), "")} -> 0.51 | AP10: {=IFERROR(MAX(MOD(VALUE(INDEX(benchmark!AJ:AJ, (ROW()-2)*$B10+2):INDEX(benchmark!AJ:AJ, (ROW()-2)*$B10 + $B10+1)) - VALUE(INDEX(benchmark!AI:AI, (ROW()-2)*$B10+2):INDEX(benchmark!AI:AI, (ROW()-2)*$B10 + $B10+1)), 1) * 86400), "")} -> 0.64 | AQ10: =IFERROR(AVERAGE(INDEX(benchmark!S:S, (ROW()-2)*$B10+2):INDEX(benchmark!S:S, (ROW()-2)*$B10 + $B10+1)), "") | AR10: =IFERROR(MIN(INDEX(benchmark!S:S, (ROW()-2)*$B10+2):INDEX(benchmark!S:S, (ROW()-2)*$B10 + $B10+1)), "") -> 0 | AS10: =IFERROR(MAX(INDEX(benchmark!S:S, (ROW()-2)*$B10+2):INDEX(benchmark!S:S, (ROW()-2)*$B10 + $B10+1)), "") -> 0
A11: {=INDEX(benchmark!A:A, (ROW()-2)*$B11+2)} -> grasp-highs | B11: =COUNTIF(benchmark!A:A, benchmark!A11) -> 10 | C11: {=INDEX(benchmark!C:C, (ROW()-2)*$B11+2)} -> HiGHS | D11: {=INDEX(benchmark!D:D, (ROW()-2)*$B11+2)} -> 1.11.0 | E11: {=INDEX(benchmark!E:E, (ROW()-2)*$B11+2)} -> failure | F11: =IFERROR(AVERAGE(INDEX(benchmark!F:F, (ROW()-2)*$B11+2):INDEX(benchmark!F:F, (ROW()-2)*$B11 + $B11+1)), "") -> 500 | G11: =IFERROR(AVERAGE(INDEX(benchmark!G:G, (ROW()-2)*$B11+2):INDEX(benchmark!G:G, (ROW()-2)*$B11 + $B11+1)), "") -> 0 | H11: =IFERROR(AVERAGE(INDEX(benchmark!H:H, (ROW()-2)*$B11+2):INDEX(benchmark!H:H, (ROW()-2)*$B11 + $B11+1)), "") | I11: =IFERROR(AVERAGE(INDEX(benchmark!I:I, (ROW()-2)*$B11+2):INDEX(benchmark!I:I, (ROW()-2)*$B11 + $B11+1)), "") | J11: =IFERROR(AVERAGE(INDEX(benchmark!J:J, (ROW()-2)*$B11+2):INDEX(benchmark!J:J, (ROW()-2)*$B11 + $B11+1)), "") | K11: =IFERROR(AVERAGE(INDEX(benchmark!K:K, (ROW()-2)*$B11+2):INDEX(benchmark!K:K, (ROW()-2)*$B11 + $B11+1)), "") | L11: =IFERROR(AVERAGE(INDEX(benchmark!L:L, (ROW()-2)*$B11+2):INDEX(benchmark!L:L, (ROW()-2)*$B11 + $B11+1)), "") | M11: =IFERROR(AVERAGE(INDEX(benchmark!M:M, (ROW()-2)*$B11+2):INDEX(benchmark!M:M, (ROW()-2)*$B11 + $B11+1)), "") | N11: =IFERROR(AVERAGE(INDEX(benchmark!N:N, (ROW()-2)*$B11+2):INDEX(benchmark!N:N, (ROW()-2)*$B11 + $B11+1)), "") | O11: =IFERROR(AVERAGE(INDEX(benchmark!O:O, (ROW()-2)*$B11+2):INDEX(benchmark!O:O, (ROW()-2)*$B11 + $B11+1)), "") | P11: =IFERROR(AVERAGE(INDEX(benchmark!P:P, (ROW()-2)*$B11+2):INDEX(benchmark!P:P, (ROW()-2)*$B11 + $B11+1)), "") | Q11: =IFERROR(AVERAGE(INDEX(benchmark!Q:Q, (ROW()-2)*$B11+2):INDEX(benchmark!Q:Q, (ROW()-2)*$B11 + $B11+1)), "") | R11: =IFERROR(AVERAGE(INDEX(benchmark!R:R, (ROW()-2)*$B11+2):INDEX(benchmark!R:R, (ROW()-2)*$B11 + $B11+1)), "") | S11: =IFERROR(AVERAGE(INDEX(benchmark!S:S, (ROW()-2)*$B11+2):INDEX(benchmark!S:S, (ROW()-2)*$B11 + $B11+1)), "") | T11: =IFERROR(AVERAGE(INDEX(benchmark!T:T, (ROW()-2)*$B11+2):INDEX(benchmark!T:T, (ROW()-2)*$B11 + $B11+1)), "") | U11: =IFERROR(AVERAGE(INDEX(benchmark!U:U, (ROW()-2)*$B11+2):INDEX(benchmark!U:U, (ROW()-2)*$B11 + $B11+1)), "") | V11: =IFERROR(AVERAGE(INDEX(benchmark!V:V, (ROW()-2)*$B11+2):INDEX(benchmark!V:V, (ROW()-2)*$B11 + $B11+1)), "") | W11: =IFERROR(AVERAGE(INDEX(benchmark!W:W, (ROW()-2)*$B11+2):INDEX(benchmark!W:W, (ROW()-2)*$B11 + $B11+1)), "") -> 0.1904 | X11: =IFERROR(AVERAGE(INDEX(benchmark!X:X, (ROW()-2)*$B11+2):INDEX(benchmark!X:X, (ROW()-2)*$B11 + $B11+1)), "") -> 0.025 | Y11: =IFERROR(AVERAGE(INDEX(benchmark!Y:Y, (ROW()-2)*$B11+2):INDEX(benchmark!Y:Y, (ROW()-2)*$B11 + $B11+1)), "") -> 0.0703125 | Z11: =IFERROR(AVERAGE(INDEX(benchmark!Z:Z, (ROW()-2)*$B11+2):INDEX(benchmark!Z:Z, (ROW()-2)*$B11 + $B11+1)), "") -> 0.0953125 | AA11: =IFERROR(AVERAGE(INDEX(benchmark!AA:AA, (ROW()-2)*$B11+2):INDEX(benchmark!AA:AA, (ROW()-2)*$B11 + $B11+1)), "") -> 0.0328 | AB11: =IFERROR(AVERAGE(INDEX(benchmark!AB:AB, (ROW()-2)*$B11+2):INDEX(benchmark!AB:AB, (ROW()-2)*$B11 + $B11+1)), "") -> 0.00625 | AC11: =IFERROR(AVERAGE(INDEX(benchmark!AC:AC, (ROW()-2)*$B11+2):INDEX(benchmark!AC:AC, (ROW()-2)*$B11 + $B11+1)), "") -> 0.009375 | AD11: =IFERROR(AVERAGE(INDEX(benchmark!AD:AD, (ROW()-2)*$B11+2):INDEX(benchmark!AD:AD, (ROW()-2)*$B11 + $B11+1)), "") -> 0.015625 | AE11: =IFERROR(AVERAGE(INDEX(benchmark!AE:AE, (ROW()-2)*$B11+2):INDEX(benchmark!AE:AE, (ROW()-2)*$B11 + $B11+1)), "") -> 29729 | AF11: =IFERROR(AVERAGE(INDEX(benchmark!AF:AF, (ROW()-2)*$B11+2):INDEX(benchmark!AF:AF, (ROW()-2)*$B11 + $B11+1)), "") -> 73 | AG11: =IFERROR(AVERAGE(INDEX(benchmark!AG:AG, (ROW()-2)*$B11+2):INDEX(benchmark!AG:AG, (ROW()-2)*$B11 + $B11+1)), "") -> 29766 | AH11: =IFERROR(AVERAGE(INDEX(benchmark!AH:AH, (ROW()-2)*$B11+2):INDEX(benchmark!AH:AH, (ROW()-2)*$B11 + $B11+1)), "") -> 80 | AI11: =IFERROR(AVERAGE(INDEX(benchmark!AI:AI, (ROW()-2)*$B11+2):INDEX(benchmark!AI:AI, (ROW()-2)*$B11 + $B11+1)), "") -> 0.014263773 | AJ11: =IFERROR(AVERAGE(INDEX(benchmark!AJ:AJ, (ROW()-2)*$B11+2):INDEX(benchmark!AJ:AJ, (ROW()-2)*$B11 + $B11+1)), "") -> 0.014267512 | AK11: {=IFERROR(AVERAGE(INDEX(benchmark!W:W, (ROW()-2)*$B11+2):INDEX(benchmark!W:W, (ROW()-2)*$B11 + $B11+1) + INDEX(benchmark!AA:AA, (ROW()-2)*$B11+2):INDEX(benchmark!AA:AA, (ROW()-2)*$B11 + $B11+1)), "")} -> 0.2232 | AL11: {=IFERROR(MIN(INDEX(benchmark!W:W, (ROW()-2)*$B11+2):INDEX(benchmark!W:W, (ROW()-2)*$B11 + $B11+1) + INDEX(benchmark!AA:AA, (ROW()-2)*$B11+2):INDEX(benchmark!AA:AA, (ROW()-2)*$B11 + $B11+1)), "")} -> 0.203 | AM11: {=IFERROR(MAX(INDEX(benchmark!W:W, (ROW()-2)*$B11+2):INDEX(benchmark!W:W, (ROW()-2)*$B11 + $B11+1) + INDEX(benchmark!AA:AA, (ROW()-2)*$B11+2):INDEX(benchmark!AA:AA, (ROW()-2)*$B11 + $B11+1)), "")} -> 0.266 | AN11: {=IFERROR(AVERAGE(MOD(VALUE(INDEX(benchmark!AJ:AJ, (ROW()-2)*$B11+2):INDEX(benchmark!AJ:AJ, (ROW()-2)*$B11 + $B11+1)) - VALUE(INDEX(benchmark!AI:AI, (ROW()-2)*$B11+2):INDEX(benchmark!AI:AI, (ROW()-2)*$B11 + $B11+1)), 1) * 86400), "")} -> 0.323 | AO11: {=IFERROR(MIN(MOD(VALUE(INDEX(benchmark!AJ:AJ, (ROW()-2)*$B11+2):INDEX(benchmark!AJ:AJ, (ROW()-2)*$B11 + $B11+1)) - VALUE(INDEX(benchmark!AI:AI, (ROW()-2)*$B11+2):INDEX(benchmark!AI:AI, (ROW()-2)*$B11 + $B11+1)), 1) * 86400), "")} -> 0.3 | AP11: {=IFERROR(MAX(MOD(VALUE(INDEX(benchmark!AJ:AJ, (ROW()-2)*$B11+2):INDEX(benchmark!AJ:AJ, (ROW()-2)*$B11 + $B11+1)) - VALUE(INDEX(benchmark!AI:AI, (ROW()-2)*$B11+2):INDEX(benchmark!AI:AI, (ROW()-2)*$B11 + $B11+1)), 1) * 86400), "")} -> 0.36 | AQ11: =IFERROR(AVERAGE(INDEX(benchmark!S:S, (ROW()-2)*$B11+2):INDEX(benchmark!S:S, (ROW()-2)*$B11 + $B11+1)), "") | AR11: =IFERROR(MIN(INDEX(benchmark!S:S, (ROW()-2)*$B11+2):INDEX(benchmark!S:S, (ROW()-2)*$B11 + $B11+1)), "") -> 0 | AS11: =IFERROR(MAX(INDEX(benchmark!S:S, (ROW()-2)*$B11+2):INDEX(benchmark!S:S, (ROW()-2)*$B11 + $B11+1)), "") -> 0
A12: {=INDEX(benchmark!A:A, (ROW()-2)*$B12+2)} -> grasp-knitro | B12: =COUNTIF(benchmark!A:A, benchmark!A12) -> 10 | C12: {=INDEX(benchmark!C:C, (ROW()-2)*$B12+2)} -> Knitro | D12: {=INDEX(benchmark!D:D, (ROW()-2)*$B12+2)} -> 14.2.0 | E12: {=INDEX(benchmark!E:E, (ROW()-2)*$B12+2)} -> solved | F12: =IFERROR(AVERAGE(INDEX(benchmark!F:F, (ROW()-2)*$B12+2):INDEX(benchmark!F:F, (ROW()-2)*$B12 + $B12+1)), "") -> 0 | G12: =IFERROR(AVERAGE(INDEX(benchmark!G:G, (ROW()-2)*$B12+2):INDEX(benchmark!G:G, (ROW()-2)*$B12 + $B12+1)), "") -> 34 | H12: =IFERROR(AVERAGE(INDEX(benchmark!H:H, (ROW()-2)*$B12+2):INDEX(benchmark!H:H, (ROW()-2)*$B12 + $B12+1)), "") | I12: =IFERROR(AVERAGE(INDEX(benchmark!I:I, (ROW()-2)*$B12+2):INDEX(benchmark!I:I, (ROW()-2)*$B12 + $B12+1)), "") | J12: =IFERROR(AVERAGE(INDEX(benchmark!J:J, (ROW()-2)*$B12+2):INDEX(benchmark!J:J, (ROW()-2)*$B12 + $B12+1)), "") | K12: =IFERROR(AVERAGE(INDEX(benchmark!K:K, (ROW()-2)*$B12+2):INDEX(benchmark!K:K, (ROW()-2)*$B12 + $B12+1)), "") | L12: =IFERROR(AVERAGE(INDEX(benchmark!L:L, (ROW()-2)*$B12+2):INDEX(benchmark!L:L, (ROW()-2)*$B12 + $B12+1)), "") | M12: =IFERROR(AVERAGE(INDEX(benchmark!M:M, (ROW()-2)*$B12+2):INDEX(benchmark!M:M, (ROW()-2)*$B12 + $B12+1)), "") | N12: =IFERROR(AVERAGE(INDEX(benchmark!N:N, (ROW()-2)*$B12+2):INDEX(benchmark!N:N, (ROW()-2)*$B12 + $B12+1)), "") | O12: =IFERROR(AVERAGE(INDEX(benchmark!O:O, (ROW()-2)*$B12+2):INDEX(benchmark!O:O, (ROW()-2)*$B12 + $B12+1)), "") | P12: =IFERROR(AVERAGE(INDEX(benchmark!P:P, (ROW()-2)*$B12+2):INDEX(benchmark!P:P, (ROW()-2)*$B12 + $B12+1)), "") | Q12: =IFERROR(AVERAGE(INDEX(benchmark!Q:Q, (ROW()-2)*$B12+2):INDEX(benchmark!Q:Q, (ROW()-2)*$B12 + $B12+1)), "") | R12: =IFERROR(AVERAGE(INDEX(benchmark!R:R, (ROW()-2)*$B12+2):INDEX(benchmark!R:R, (ROW()-2)*$B12 + $B12+1)), "") | S12: =IFERROR(AVERAGE(INDEX(benchmark!S:S, (ROW()-2)*$B12+2):INDEX(benchmark!S:S, (ROW()-2)*$B12 + $B12+1)), "") | T12: =IFERROR(AVERAGE(INDEX(benchmark!T:T, (ROW()-2)*$B12+2):INDEX(benchmark!T:T, (ROW()-2)*$B12 + $B12+1)), "") | U12: =IFERROR(AVERAGE(INDEX(benchmark!U:U, (ROW()-2)*$B12+2):INDEX(benchmark!U:U, (ROW()-2)*$B12 + $B12+1)), "") | V12: =IFERROR(AVERAGE(INDEX(benchmark!V:V, (ROW()-2)*$B12+2):INDEX(benchmark!V:V, (ROW()-2)*$B12 + $B12+1)), "") | W12: =IFERROR(AVERAGE(INDEX(benchmark!W:W, (ROW()-2)*$B12+2):INDEX(benchmark!W:W, (ROW()-2)*$B12 + $B12+1)), "") -> 0.189 | X12: =IFERROR(AVERAGE(INDEX(benchmark!X:X, (ROW()-2)*$B12+2):INDEX(benchmark!X:X, (ROW()-2)*$B12 + $B12+1)), "") -> 0.034375 | Y12: =IFERROR(AVERAGE(INDEX(benchmark!Y:Y, (ROW()-2)*$B12+2):INDEX(benchmark!Y:Y, (ROW()-2)*$B12 + $B12+1)), "") -> 0.0703125 | Z12: =IFERROR(AVERAGE(INDEX(benchmark!Z:Z, (ROW()-2)*$B12+2):INDEX(benchmark!Z:Z, (ROW()-2)*$B12 + $B12+1)), "") -> 0.1046875 | AA12: =IFERROR(AVERAGE(INDEX(benchmark!AA:AA, (ROW()-2)*$B12+2):INDEX(benchmark!AA:AA, (ROW()-2)*$B12 + $B12+1)), "") -> 0.0921 | AB12: =IFERROR(AVERAGE(INDEX(benchmark!AB:AB, (ROW()-2)*$B12+2):INDEX(benchmark!AB:AB, (ROW()-2)*$B12 + $B12+1)), "") -> 0.071875 | AC12: =IFERROR(AVERAGE(INDEX(benchmark!AC:AC, (ROW()-2)*$B12+2):INDEX(benchmark!AC:AC, (ROW()-2)*$B12 + $B12+1)), "") -> 0.1171875 | AD12: =IFERROR(AVERAGE(INDEX(benchmark!AD:AD, (ROW()-2)*$B12+2):INDEX(benchmark!AD:AD, (ROW()-2)*$B12 + $B12+1)), "") -> 0.1890625 | AE12: =IFERROR(AVERAGE(INDEX(benchmark!AE:AE, (ROW()-2)*$B12+2):INDEX(benchmark!AE:AE, (ROW()-2)*$B12 + $B12+1)), "") -> 29729 | AF12: =IFERROR(AVERAGE(INDEX(benchmark!AF:AF, (ROW()-2)*$B12+2):INDEX(benchmark!AF:AF, (ROW()-2)*$B12 + $B12+1)), "") -> 73 | AG12: =IFERROR(AVERAGE(INDEX(benchmark!AG:AG, (ROW()-2)*$B12+2):INDEX(benchmark!AG:AG, (ROW()-2)*$B12 + $B12+1)), "") -> 29766 | AH12: =IFERROR(AVERAGE(INDEX(benchmark!AH:AH, (ROW()-2)*$B12+2):INDEX(benchmark!AH:AH, (ROW()-2)*$B12 + $B12+1)), "") -> 80 | AI12: =IFERROR(AVERAGE(INDEX(benchmark!AI:AI, (ROW()-2)*$B12+2):INDEX(benchmark!AI:AI, (ROW()-2)*$B12 + $B12+1)), "") -> 0.014323403 | AJ12: =IFERROR(AVERAGE(INDEX(benchmark!AJ:AJ, (ROW()-2)*$B12+2):INDEX(benchmark!AJ:AJ, (ROW()-2)*$B12 + $B12+1)), "") -> 0.014327801 | AK12: {=IFERROR(AVERAGE(INDEX(benchmark!W:W, (ROW()-2)*$B12+2):INDEX(benchmark!W:W, (ROW()-2)*$B12 + $B12+1) + INDEX(benchmark!AA:AA, (ROW()-2)*$B12+2):INDEX(benchmark!AA:AA, (ROW()-2)*$B12 + $B12+1)), "")} -> 0.2811 | AL12: {=IFERROR(MIN(INDEX(benchmark!W:W, (ROW()-2)*$B12+2):INDEX(benchmark!W:W, (ROW()-2)*$B12 + $B12+1) + INDEX(benchmark!AA:AA, (ROW()-2)*$B12+2):INDEX(benchmark!AA:AA, (ROW()-2)*$B12 + $B12+1)), "")} -> 0.25 | AM12: {=IFERROR(MAX(INDEX(benchmark!W:W, (ROW()-2)*$B12+2):INDEX(benchmark!W:W, (ROW()-2)*$B12 + $B12+1) + INDEX(benchmark!AA:AA, (ROW()-2)*$B12+2):INDEX(benchmark!AA:AA, (ROW()-2)*$B12 + $B12+1)), "")} -> 0.36 | AN12: {=IFERROR(AVERAGE(MOD(VALUE(INDEX(benchmark!AJ:AJ, (ROW()-2)*$B12+2):INDEX(benchmark!AJ:AJ, (ROW()-2)*$B12 + $B12+1)) - VALUE(INDEX(benchmark!AI:AI, (ROW()-2)*$B12+2):INDEX(benchmark!AI:AI, (ROW()-2)*$B12 + $B12+1)), 1) * 86400), "")} -> 0.38 | AO12: {=IFERROR(MIN(MOD(VALUE(INDEX(benchmark!AJ:AJ, (ROW()-2)*$B12+2):INDEX(benchmark!AJ:AJ, (ROW()-2)*$B12 + $B12+1)) - VALUE(INDEX(benchmark!AI:AI, (ROW()-2)*$B12+2):INDEX(benchmark!AI:AI, (ROW()-2)*$B12 + $B12+1)), 1) * 86400), "")} -> 0.34 | AP12: {=IFERROR(MAX(MOD(VALUE(INDEX(benchmark!AJ:AJ, (ROW()-2)*$B12+2):INDEX(benchmark!AJ:AJ, (ROW()-2)*$B12 + $B12+1)) - VALUE(INDEX(benchmark!AI:AI, (ROW()-2)*$B12+2):INDEX(benchmark!AI:AI, (ROW()-2)*$B12 + $B12+1)), 1) * 86400), "")} -> 0.45 | AQ12: =IFERROR(AVERAGE(INDEX(benchmark!S:S, (ROW()-2)*$B12+2):INDEX(benchmark!S:S, (ROW()-2)*$B12 + $B12+1)), "") | AR12: =IFERROR(MIN(INDEX(benchmark!S:S, (ROW()-2)*$B12+2):INDEX(benchmark!S:S, (ROW()-2)*$B12 + $B12+1)), "") -> 0 | AS12: =IFERROR(MAX(INDEX(benchmark!S:S, (ROW()-2)*$B12+2):INDEX(benchmark!S:S, (ROW()-2)*$B12 + $B12+1)), "") -> 0
A13: {=INDEX(benchmark!A:A, (ROW()-2)*$B13+2)} -> grasp-raposa | B13: =COUNTIF(benchmark!A:A, benchmark!A13) -> 10 | C13: {=INDEX(benchmark!C:C, (ROW()-2)*$B13+2)} -> RAPOSa | D13: {=INDEX(benchmark!D:D, (ROW()-2)*$B13+2)} -> v4.4.1 | E13: {=INDEX(benchmark!E:E, (ROW()-2)*$B13+2)} -> solved? | F13: =IFERROR(AVERAGE(INDEX(benchmark!F:F, (ROW()-2)*$B13+2):INDEX(benchmark!F:F, (ROW()-2)*$B13 + $B13+1)), "") -> 101 | G13: =IFERROR(AVERAGE(INDEX(benchmark!G:G, (ROW()-2)*$B13+2):INDEX(benchmark!G:G, (ROW()-2)*$B13 + $B13+1)), "") -> 4 | H13: =IFERROR(AVERAGE(INDEX(benchmark!H:H, (ROW()-2)*$B13+2):INDEX(benchmark!H:H, (ROW()-2)*$B13 + $B13+1)), "") | I13: =IFERROR(AVERAGE(INDEX(benchmark!I:I, (ROW()-2)*$B13+2):INDEX(benchmark!I:I, (ROW()-2)*$B13 + $B13+1)), "") | J13: =IFERROR(AVERAGE(INDEX(benchmark!J:J, (ROW()-2)*$B13+2):INDEX(benchmark!J:J, (ROW()-2)*$B13 + $B13+1)), "") | K13: =IFERROR(AVERAGE(INDEX(benchmark!K:K, (ROW()-2)*$B13+2):INDEX(benchmark!K:K, (ROW()-2)*$B13 + $B13+1)), "") | L13: =IFERROR(AVERAGE(INDEX(benchmark!L:L, (ROW()-2)*$B13+2):INDEX(benchmark!L:L, (ROW()-2)*$B13 + $B13+1)), "") | M13: =IFERROR(AVERAGE(INDEX(benchmark!M:M, (ROW()-2)*$B13+2):INDEX(benchmark!M:M, (ROW()-2)*$B13 + $B13+1)), "") | N13: =IFERROR(AVERAGE(INDEX(benchmark!N:N, (ROW()-2)*$B13+2):INDEX(benchmark!N:N, (ROW()-2)*$B13 + $B13+1)), "") | O13: =IFERROR(AVERAGE(INDEX(benchmark!O:O, (ROW()-2)*$B13+2):INDEX(benchmark!O:O, (ROW()-2)*$B13 + $B13+1)), "") | P13: =IFERROR(AVERAGE(INDEX(benchmark!P:P, (ROW()-2)*$B13+2):INDEX(benchmark!P:P, (ROW()-2)*$B13 + $B13+1)), "") | Q13: =IFERROR(AVERAGE(INDEX(benchmark!Q:Q, (ROW()-2)*$B13+2):INDEX(benchmark!Q:Q, (ROW()-2)*$B13 + $B13+1)), "") | R13: =IFERROR(AVERAGE(INDEX(benchmark!R:R, (ROW()-2)*$B13+2):INDEX(benchmark!R:R, (ROW()-2)*$B13 + $B13+1)), "") | S13: =IFERROR(AVERAGE(INDEX(benchmark!S:S, (ROW()-2)*$B13+2):INDEX(benchmark!S:S, (ROW()-2)*$B13 + $B13+1)), "") | T13: =IFERROR(AVERAGE(INDEX(benchmark!T:T, (ROW()-2)*$B13+2):INDEX(benchmark!T:T, (ROW()-2)*$B13 + $B13+1)), "") | U13: =IFERROR(AVERAGE(INDEX(benchmark!U:U, (ROW()-2)*$B13+2):INDEX(benchmark!U:U, (ROW()-2)*$B13 + $B13+1)), "") | V13: =IFERROR(AVERAGE(INDEX(benchmark!V:V, (ROW()-2)*$B13+2):INDEX(benchmark!V:V, (ROW()-2)*$B13 + $B13+1)), "") | W13: =IFERROR(AVERAGE(INDEX(benchmark!W:W, (ROW()-2)*$B13+2):INDEX(benchmark!W:W, (ROW()-2)*$B13 + $B13+1)), "") -> 0.1921 | X13: =IFERROR(AVERAGE(INDEX(benchmark!X:X, (ROW()-2)*$B13+2):INDEX(benchmark!X:X, (ROW()-2)*$B13 + $B13+1)), "") -> 0.0328125 | Y13: =IFERROR(AVERAGE(INDEX(benchmark!Y:Y, (ROW()-2)*$B13+2):INDEX(benchmark!Y:Y, (ROW()-2)*$B13 + $B13+1)), "") -> 0.059375 | Z13: =IFERROR(AVERAGE(INDEX(benchmark!Z:Z, (ROW()-2)*$B13+2):INDEX(benchmark!Z:Z, (ROW()-2)*$B13 + $B13+1)), "") -> 0.0921875 | AA13: =IFERROR(AVERAGE(INDEX(benchmark!AA:AA, (ROW()-2)*$B13+2):INDEX(benchmark!AA:AA, (ROW()-2)*$B13 + $B13+1)), "") -> 2.147 | AB13: =IFERROR(AVERAGE(INDEX(benchmark!AB:AB, (ROW()-2)*$B13+2):INDEX(benchmark!AB:AB, (ROW()-2)*$B13 + $B13+1)), "") -> 0.2703125 | AC13: =IFERROR(AVERAGE(INDEX(benchmark!AC:AC, (ROW()-2)*$B13+2):INDEX(benchmark!AC:AC, (ROW()-2)*$B13 + $B13+1)), "") -> 0.4984375 | AD13: =IFERROR(AVERAGE(INDEX(benchmark!AD:AD, (ROW()-2)*$B13+2):INDEX(benchmark!AD:AD, (ROW()-2)*$B13 + $B13+1)), "") -> 0.76875 | AE13: =IFERROR(AVERAGE(INDEX(benchmark!AE:AE, (ROW()-2)*$B13+2):INDEX(benchmark!AE:AE, (ROW()-2)*$B13 + $B13+1)), "") -> 29729 | AF13: =IFERROR(AVERAGE(INDEX(benchmark!AF:AF, (ROW()-2)*$B13+2):INDEX(benchmark!AF:AF, (ROW()-2)*$B13 + $B13+1)), "") -> 73 | AG13: =IFERROR(AVERAGE(INDEX(benchmark!AG:AG, (ROW()-2)*$B13+2):INDEX(benchmark!AG:AG, (ROW()-2)*$B13 + $B13+1)), "") -> 29766 | AH13: =IFERROR(AVERAGE(INDEX(benchmark!AH:AH, (ROW()-2)*$B13+2):INDEX(benchmark!AH:AH, (ROW()-2)*$B13 + $B13+1)), "") -> 80 | AI13: =IFERROR(AVERAGE(INDEX(benchmark!AI:AI, (ROW()-2)*$B13+2):INDEX(benchmark!AI:AI, (ROW()-2)*$B13 + $B13+1)), "") -> 0.014496204 | AJ13: =IFERROR(AVERAGE(INDEX(benchmark!AJ:AJ, (ROW()-2)*$B13+2):INDEX(benchmark!AJ:AJ, (ROW()-2)*$B13 + $B13+1)), "") -> 0.014524502 | AK13: {=IFERROR(AVERAGE(INDEX(benchmark!W:W, (ROW()-2)*$B13+2):INDEX(benchmark!W:W, (ROW()-2)*$B13 + $B13+1) + INDEX(benchmark!AA:AA, (ROW()-2)*$B13+2):INDEX(benchmark!AA:AA, (ROW()-2)*$B13 + $B13+1)), "")} -> 2.3391 | AL13: {=IFERROR(MIN(INDEX(benchmark!W:W, (ROW()-2)*$B13+2):INDEX(benchmark!W:W, (ROW()-2)*$B13 + $B13+1) + INDEX(benchmark!AA:AA, (ROW()-2)*$B13+2):INDEX(benchmark!AA:AA, (ROW()-2)*$B13 + $B13+1)), "")} -> 2.235 | AM13: {=IFERROR(MAX(INDEX(benchmark!W:W, (ROW()-2)*$B13+2):INDEX(benchmark!W:W, (ROW()-2)*$B13 + $B13+1) + INDEX(benchmark!AA:AA, (ROW()-2)*$B13+2):INDEX(benchmark!AA:AA, (ROW()-2)*$B13 + $B13+1)), "")} -> 2.625 | AN13: {=IFERROR(AVERAGE(MOD(VALUE(INDEX(benchmark!AJ:AJ, (ROW()-2)*$B13+2):INDEX(benchmark!AJ:AJ, (ROW()-2)*$B13 + $B13+1)) - VALUE(INDEX(benchmark!AI:AI, (ROW()-2)*$B13+2):INDEX(benchmark!AI:AI, (ROW()-2)*$B13 + $B13+1)), 1) * 86400), "")} -> 2.445 | AO13: {=IFERROR(MIN(MOD(VALUE(INDEX(benchmark!AJ:AJ, (ROW()-2)*$B13+2):INDEX(benchmark!AJ:AJ, (ROW()-2)*$B13 + $B13+1)) - VALUE(INDEX(benchmark!AI:AI, (ROW()-2)*$B13+2):INDEX(benchmark!AI:AI, (ROW()-2)*$B13 + $B13+1)), 1) * 86400), "")} -> 2.33 | AP13: {=IFERROR(MAX(MOD(VALUE(INDEX(benchmark!AJ:AJ, (ROW()-2)*$B13+2):INDEX(benchmark!AJ:AJ, (ROW()-2)*$B13 + $B13+1)) - VALUE(INDEX(benchmark!AI:AI, (ROW()-2)*$B13+2):INDEX(benchmark!AI:AI, (ROW()-2)*$B13 + $B13+1)), 1) * 86400), "")} -> 2.74 | AQ13: =IFERROR(AVERAGE(INDEX(benchmark!S:S, (ROW()-2)*$B13+2):INDEX(benchmark!S:S, (ROW()-2)*$B13 + $B13+1)), "") | AR13: =IFERROR(MIN(INDEX(benchmark!S:S, (ROW()-2)*$B13+2):INDEX(benchmark!S:S, (ROW()-2)*$B13 + $B13+1)), "") -> 0 | AS13: =IFERROR(MAX(INDEX(benchmark!S:S, (ROW()-2)*$B13+2):INDEX(benchmark!S:S, (ROW()-2)*$B13 + $B13+1)), "") -> 0
... A26: {=INDEX(benchmark!A:A, (ROW()-2)*$B26+2)} -> spot-rk1 | B26: =COUNTIF(benchmark!A:A, benchmark!A26) -> 10 | C26: {=INDEX(benchmark!C:C, (ROW()-2)*$B26+2)} -> Ipopt | D26: {=INDEX(benchmark!D:D, (ROW()-2)*$B26+2)} -> 3.12.13 | E26: {=INDEX(benchmark!E:E, (ROW()-2)*$B26+2)} -> solved | F26: =IFERROR(AVERAGE(INDEX(benchmark!F:F, (ROW()-2)*$B26+2):INDEX(benchmark!F:F, (ROW()-2)*$B26 + $B26+1)), "") -> 0 | G26: =IFERROR(AVERAGE(INDEX(benchmark!G:G, (ROW()-2)*$B26+2):INDEX(benchmark!G:G, (ROW()-2)*$B26 + $B26+1)), "") -> 13329.319 | H26: =IFERROR(AVERAGE(INDEX(benchmark!H:H, (ROW()-2)*$B26+2):INDEX(benchmark!H:H, (ROW()-2)*$B26 + $B26+1)), "") -> 13087.319 | I26: =IFERROR(AVERAGE(INDEX(benchmark!I:I, (ROW()-2)*$B26+2):INDEX(benchmark!I:I, (ROW()-2)*$B26 + $B26+1)), "") -> 201 | J26: =IFERROR(AVERAGE(INDEX(benchmark!J:J, (ROW()-2)*$B26+2):INDEX(benchmark!J:J, (ROW()-2)*$B26 + $B26+1)), "") -> 228 | K26: =IFERROR(AVERAGE(INDEX(benchmark!K:K, (ROW()-2)*$B26+2):INDEX(benchmark!K:K, (ROW()-2)*$B26 + $B26+1)), "") -> 199 | L26: =IFERROR(AVERAGE(INDEX(benchmark!L:L, (ROW()-2)*$B26+2):INDEX(benchmark!L:L, (ROW()-2)*$B26 + $B26+1)), "") -> 228 | M26: =IFERROR(AVERAGE(INDEX(benchmark!M:M, (ROW()-2)*$B26+2):INDEX(benchmark!M:M, (ROW()-2)*$B26 + $B26+1)), "") -> 228 | N26: =IFERROR(AVERAGE(INDEX(benchmark!N:N, (ROW()-2)*$B26+2):INDEX(benchmark!N:N, (ROW()-2)*$B26 + $B26+1)), "") -> 209 | O26: =IFERROR(AVERAGE(INDEX(benchmark!O:O, (ROW()-2)*$B26+2):INDEX(benchmark!O:O, (ROW()-2)*$B26 + $B26+1)), "") -> 209 | P26: =IFERROR(AVERAGE(INDEX(benchmark!P:P, (ROW()-2)*$B26+2):INDEX(benchmark!P:P, (ROW()-2)*$B26 + $B26+1)), "") -> 201 | Q26: =IFERROR(AVERAGE(INDEX(benchmark!Q:Q, (ROW()-2)*$B26+2):INDEX(benchmark!Q:Q, (ROW()-2)*$B26 + $B26+1)), "") -> 2.9597519e-11 | R26: =IFERROR(AVERAGE(INDEX(benchmark!R:R, (ROW()-2)*$B26+2):INDEX(benchmark!R:R, (ROW()-2)*$B26 + $B26+1)), "") -> 44.3162 | S26: =IFERROR(AVERAGE(INDEX(benchmark!S:S, (ROW()-2)*$B26+2):INDEX(benchmark!S:S, (ROW()-2)*$B26 + $B26+1)), "") -> 168.9746 | T26: =IFERROR(AVERAGE(INDEX(benchmark!T:T, (ROW()-2)*$B26+2):INDEX(benchmark!T:T, (ROW()-2)*$B26 + $B26+1)), "") -> 3706 | U26: =IFERROR(AVERAGE(INDEX(benchmark!U:U, (ROW()-2)*$B26+2):INDEX(benchmark!U:U, (ROW()-2)*$B26 + $B26+1)), "") -> 3080 | V26: =IFERROR(AVERAGE(INDEX(benchmark!V:V, (ROW()-2)*$B26+2):INDEX(benchmark!V:V, (ROW()-2)*$B26 + $B26+1)), "") -> 480 | W26: =IFERROR(AVERAGE(INDEX(benchmark!W:W, (ROW()-2)*$B26+2):INDEX(benchmark!W:W, (ROW()-2)*$B26 + $B26+1)), "") -> 3.2344 | X26: =IFERROR(AVERAGE(INDEX(benchmark!X:X, (ROW()-2)*$B26+2):INDEX(benchmark!X:X, (ROW()-2)*$B26 + $B26+1)), "") -> 0.5078125 | Y26: =IFERROR(AVERAGE(INDEX(benchmark!Y:Y, (ROW()-2)*$B26+2):INDEX(benchmark!Y:Y, (ROW()-2)*$B26 + $B26+1)), "") -> 2.3390625 | Z26: =IFERROR(AVERAGE(INDEX(benchmark!Z:Z, (ROW()-2)*$B26+2):INDEX(benchmark!Z:Z, (ROW()-2)*$B26 + $B26+1)), "") -> 2.846875 | AA26: =IFERROR(AVERAGE(INDEX(benchmark!AA:AA, (ROW()-2)*$B26+2):INDEX(benchmark!AA:AA, (ROW()-2)*$B26 + $B26+1)), "") -> 214.3297 | AB26: =IFERROR(AVERAGE(INDEX(benchmark!AB:AB, (ROW()-2)*$B26+2):INDEX(benchmark!AB:AB, (ROW()-2)*$B26 + $B26+1)), "") -> 2.190625 | AC26: =IFERROR(AVERAGE(INDEX(benchmark!AC:AC, (ROW()-2)*$B26+2):INDEX(benchmark!AC:AC, (ROW()-2)*$B26 + $B26+1)), "") -> 211.14844 | AD26: =IFERROR(AVERAGE(INDEX(benchmark!AD:AD, (ROW()-2)*$B26+2):INDEX(benchmark!AD:AD, (ROW()-2)*$B26 + $B26+1)), "") -> 213.33906 | AE26: =IFERROR(AVERAGE(INDEX(benchmark!AE:AE, (ROW()-2)*$B26+2):INDEX(benchmark!AE:AE, (ROW()-2)*$B26 + $B26+1)), "") -> 624391 | AF26: =IFERROR(AVERAGE(INDEX(benchmark!AF:AF, (ROW()-2)*$B26+2):INDEX(benchmark!AF:AF, (ROW()-2)*$B26 + $B26+1)), "") -> 3706 | AG26: =IFERROR(AVERAGE(INDEX(benchmark!AG:AG, (ROW()-2)*$B26+2):INDEX(benchmark!AG:AG, (ROW()-2)*$B26 + $B26+1)), "") -> 627703 | AH26: =IFERROR(AVERAGE(INDEX(benchmark!AH:AH, (ROW()-2)*$B26+2):INDEX(benchmark!AH:AH, (ROW()-2)*$B26 + $B26+1)), "") -> 3560 | AI26: =IFERROR(AVERAGE(INDEX(benchmark!AI:AI, (ROW()-2)*$B26+2):INDEX(benchmark!AI:AI, (ROW()-2)*$B26 + $B26+1)), "") -> 0.054762477 | AJ26: =IFERROR(AVERAGE(INDEX(benchmark!AJ:AJ, (ROW()-2)*$B26+2):INDEX(benchmark!AJ:AJ, (ROW()-2)*$B26 + $B26+1)), "") -> 0.05728316 | AK26: {=IFERROR(AVERAGE(INDEX(benchmark!W:W, (ROW()-2)*$B26+2):INDEX(benchmark!W:W, (ROW()-2)*$B26 + $B26+1) + INDEX(benchmark!AA:AA, (ROW()-2)*$B26+2):INDEX(benchmark!AA:AA, (ROW()-2)*$B26 + $B26+1)), "")} -> 217.5641 | AL26: {=IFERROR(MIN(INDEX(benchmark!W:W, (ROW()-2)*$B26+2):INDEX(benchmark!W:W, (ROW()-2)*$B26 + $B26+1) + INDEX(benchmark!AA:AA, (ROW()-2)*$B26+2):INDEX(benchmark!AA:AA, (ROW()-2)*$B26 + $B26+1)), "")} -> 212.469 | AM26: {=IFERROR(MAX(INDEX(benchmark!W:W, (ROW()-2)*$B26+2):INDEX(benchmark!W:W, (ROW()-2)*$B26 + $B26+1) + INDEX(benchmark!AA:AA, (ROW()-2)*$B26+2):INDEX(benchmark!AA:AA, (ROW()-2)*$B26 + $B26+1)), "")} -> 226.953 | AN26: {=IFERROR(AVERAGE(MOD(VALUE(INDEX(benchmark!AJ:AJ, (ROW()-2)*$B26+2):INDEX(benchmark!AJ:AJ, (ROW()-2)*$B26 + $B26+1)) - VALUE(INDEX(benchmark!AI:AI, (ROW()-2)*$B26+2):INDEX(benchmark!AI:AI, (ROW()-2)*$B26 + $B26+1)), 1) * 86400), "")} -> 217.787 | AO26: {=IFERROR(MIN(MOD(VALUE(INDEX(benchmark!AJ:AJ, (ROW()-2)*$B26+2):INDEX(benchmark!AJ:AJ, (ROW()-2)*$B26 + $B26+1)) - VALUE(INDEX(benchmark!AI:AI, (ROW()-2)*$B26+2):INDEX(benchmark!AI:AI, (ROW()-2)*$B26 + $B26+1)), 1) * 86400), "")} -> 212.7 | AP26: {=IFERROR(MAX(MOD(VALUE(INDEX(benchmark!AJ:AJ, (ROW()-2)*$B26+2):INDEX(benchmark!AJ:AJ, (ROW()-2)*$B26 + $B26+1)) - VALUE(INDEX(benchmark!AI:AI, (ROW()-2)*$B26+2):INDEX(benchmark!AI:AI, (ROW()-2)*$B26 + $B26+1)), 1) * 86400), "")} -> 227.2 | AQ26: =IFERROR(AVERAGE(INDEX(benchmark!S:S, (ROW()-2)*$B26+2):INDEX(benchmark!S:S, (ROW()-2)*$B26 + $B26+1)), "") -> 168.9746 | AR26: =IFERROR(MIN(INDEX(benchmark!S:S, (ROW()-2)*$B26+2):INDEX(benchmark!S:S, (ROW()-2)*$B26 + $B26+1)), "") -> 165.077 | AS26: =IFERROR(MAX(INDEX(benchmark!S:S, (ROW()-2)*$B26+2):INDEX(benchmark!S:S, (ROW()-2)*$B26 + $B26+1)), "") -> 177.812
A27: {=INDEX(benchmark!A:A, (ROW()-2)*$B27+2)} -> spot-rk4 | B27: =COUNTIF(benchmark!A:A, benchmark!A261) -> 10 | C27: {=INDEX(benchmark!C:C, (ROW()-2)*$B27+2)} -> Ipopt | D27: {=INDEX(benchmark!D:D, (ROW()-2)*$B27+2)} -> 3.12.13 | E27: {=INDEX(benchmark!E:E, (ROW()-2)*$B27+2)} -> solved | G27: =IFERROR(AVERAGE(INDEX(benchmark!G:G, (ROW()-2)*$B27+2):INDEX(benchmark!G:G, (ROW()-2)*$B27 + $B27+1)), "") -> 52580.539 | H27: =IFERROR(AVERAGE(INDEX(benchmark!H:H, (ROW()-2)*$B27+2):INDEX(benchmark!H:H, (ROW()-2)*$B27 + $B27+1)), "") -> 13343.081 | I27: =IFERROR(AVERAGE(INDEX(benchmark!I:I, (ROW()-2)*$B27+2):INDEX(benchmark!I:I, (ROW()-2)*$B27 + $B27+1)), "") -> 136 | J27: =IFERROR(AVERAGE(INDEX(benchmark!J:J, (ROW()-2)*$B27+2):INDEX(benchmark!J:J, (ROW()-2)*$B27 + $B27+1)), "") -> 149 | K27: =IFERROR(AVERAGE(INDEX(benchmark!K:K, (ROW()-2)*$B27+2):INDEX(benchmark!K:K, (ROW()-2)*$B27 + $B27+1)), "") -> 135 | L27: =IFERROR(AVERAGE(INDEX(benchmark!L:L, (ROW()-2)*$B27+2):INDEX(benchmark!L:L, (ROW()-2)*$B27 + $B27+1)), "") -> 149 | M27: =IFERROR(AVERAGE(INDEX(benchmark!M:M, (ROW()-2)*$B27+2):INDEX(benchmark!M:M, (ROW()-2)*$B27 + $B27+1)), "") -> 149 | N27: =IFERROR(AVERAGE(INDEX(benchmark!N:N, (ROW()-2)*$B27+2):INDEX(benchmark!N:N, (ROW()-2)*$B27 + $B27+1)), "") -> 139 | O27: =IFERROR(AVERAGE(INDEX(benchmark!O:O, (ROW()-2)*$B27+2):INDEX(benchmark!O:O, (ROW()-2)*$B27 + $B27+1)), "") -> 139 | P27: =IFERROR(AVERAGE(INDEX(benchmark!P:P, (ROW()-2)*$B27+2):INDEX(benchmark!P:P, (ROW()-2)*$B27 + $B27+1)), "") -> 136 | Q27: =IFERROR(AVERAGE(INDEX(benchmark!Q:Q, (ROW()-2)*$B27+2):INDEX(benchmark!Q:Q, (ROW()-2)*$B27 + $B27+1)), "") -> 1.4488518e-10 | R27: =IFERROR(AVERAGE(INDEX(benchmark!R:R, (ROW()-2)*$B27+2):INDEX(benchmark!R:R, (ROW()-2)*$B27 + $B27+1)), "") -> 26.0052 | S27: =IFERROR(AVERAGE(INDEX(benchmark!S:S, (ROW()-2)*$B27+2):INDEX(benchmark!S:S, (ROW()-2)*$B27 + $B27+1)), "") -> 119.6144 | T27: =IFERROR(AVERAGE(INDEX(benchmark!T:T, (ROW()-2)*$B27+2):INDEX(benchmark!T:T, (ROW()-2)*$B27 + $B27+1)), "") -> 14836 | U27: =IFERROR(AVERAGE(INDEX(benchmark!U:U, (ROW()-2)*$B27+2):INDEX(benchmark!U:U, (ROW()-2)*$B27 + $B27+1)), "") -> 14210 | V27: =IFERROR(AVERAGE(INDEX(benchmark!V:V, (ROW()-2)*$B27+2):INDEX(benchmark!V:V, (ROW()-2)*$B27 + $B27+1)), "") -> 480 | W27: =IFERROR(AVERAGE(INDEX(benchmark!W:W, (ROW()-2)*$B27+2):INDEX(benchmark!W:W, (ROW()-2)*$B27 + $B27+1)), "") -> 13.2532 | X27: =IFERROR(AVERAGE(INDEX(benchmark!X:X, (ROW()-2)*$B27+2):INDEX(benchmark!X:X, (ROW()-2)*$B27 + $B27+1)), "") -> 1.7859375 | Y27: =IFERROR(AVERAGE(INDEX(benchmark!Y:Y, (ROW()-2)*$B27+2):INDEX(benchmark!Y:Y, (ROW()-2)*$B27 + $B27+1)), "") -> 10.840625 | Z27: =IFERROR(AVERAGE(INDEX(benchmark!Z:Z, (ROW()-2)*$B27+2):INDEX(benchmark!Z:Z, (ROW()-2)*$B27 + $B27+1)), "") -> 12.626563 | AA27: =IFERROR(AVERAGE(INDEX(benchmark!AA:AA, (ROW()-2)*$B27+2):INDEX(benchmark!AA:AA, (ROW()-2)*$B27 + $B27+1)), "") -> 146.5767 | AB27: =IFERROR(AVERAGE(INDEX(benchmark!AB:AB, (ROW()-2)*$B27+2):INDEX(benchmark!AB:AB, (ROW()-2)*$B27 + $B27+1)), "") -> 1.8625 | AC27: =IFERROR(AVERAGE(INDEX(benchmark!AC:AC, (ROW()-2)*$B27+2):INDEX(benchmark!AC:AC, (ROW()-2)*$B27 + $B27+1)), "") -> 144.08125 | AD27: =IFERROR(AVERAGE(INDEX(benchmark!AD:AD, (ROW()-2)*$B27+2):INDEX(benchmark!AD:AD, (ROW()-2)*$B27 + $B27+1)), "") -> 145.94375 | AE27: =IFERROR(AVERAGE(INDEX(benchmark!AE:AE, (ROW()-2)*$B27+2):INDEX(benchmark!AE:AE, (ROW()-2)*$B27 + $B27+1)), "") -> 2460541 | AF27: =IFERROR(AVERAGE(INDEX(benchmark!AF:AF, (ROW()-2)*$B27+2):INDEX(benchmark!AF:AF, (ROW()-2)*$B27 + $B27+1)), "") -> 14836 | AG27: =IFERROR(AVERAGE(INDEX(benchmark!AG:AG, (ROW()-2)*$B27+2):INDEX(benchmark!AG:AG, (ROW()-2)*$B27 + $B27+1)), "") -> 2467453 | AH27: =IFERROR(AVERAGE(INDEX(benchmark!AH:AH, (ROW()-2)*$B27+2):INDEX(benchmark!AH:AH, (ROW()-2)*$B27 + $B27+1)), "") -> 14690 | AI27: =IFERROR(AVERAGE(INDEX(benchmark!AI:AI, (ROW()-2)*$B27+2):INDEX(benchmark!AI:AI, (ROW()-2)*$B27 + $B27+1)), "") -> 0.077161898 | AJ27: =IFERROR(AVERAGE(INDEX(benchmark!AJ:AJ, (ROW()-2)*$B27+2):INDEX(benchmark!AJ:AJ, (ROW()-2)*$B27 + $B27+1)), "") -> 0.079017616 | AK27: {=IFERROR(AVERAGE(INDEX(benchmark!W:W, (ROW()-2)*$B27+2):INDEX(benchmark!W:W, (ROW()-2)*$B27 + $B27+1) + INDEX(benchmark!AA:AA, (ROW()-2)*$B27+2):INDEX(benchmark!AA:AA, (ROW()-2)*$B27 + $B27+1)), "")} -> 159.8299 | AL27: {=IFERROR(MIN(INDEX(benchmark!W:W, (ROW()-2)*$B27+2):INDEX(benchmark!W:W, (ROW()-2)*$B27 + $B27+1) + INDEX(benchmark!AA:AA, (ROW()-2)*$B27+2):INDEX(benchmark!AA:AA, (ROW()-2)*$B27 + $B27+1)), "")} -> 157.344 | AM27: {=IFERROR(MAX(INDEX(benchmark!W:W, (ROW()-2)*$B27+2):INDEX(benchmark!W:W, (ROW()-2)*$B27 + $B27+1) + INDEX(benchmark!AA:AA, (ROW()-2)*$B27+2):INDEX(benchmark!AA:AA, (ROW()-2)*$B27 + $B27+1)), "")} -> 167.344 | AN27: {=IFERROR(AVERAGE(MOD(VALUE(INDEX(benchmark!AJ:AJ, (ROW()-2)*$B27+2):INDEX(benchmark!AJ:AJ, (ROW()-2)*$B27 + $B27+1)) - VALUE(INDEX(benchmark!AI:AI, (ROW()-2)*$B27+2):INDEX(benchmark!AI:AI, (ROW()-2)*$B27 + $B27+1)), 1) * 86400), "")} -> 160.334 | AO27: {=IFERROR(MIN(MOD(VALUE(INDEX(benchmark!AJ:AJ, (ROW()-2)*$B27+2):INDEX(benchmark!AJ:AJ, (ROW()-2)*$B27 + $B27+1)) - VALUE(INDEX(benchmark!AI:AI, (ROW()-2)*$B27+2):INDEX(benchmark!AI:AI, (ROW()-2)*$B27 + $B27+1)), 1) * 86400), "")} -> 157.83 | AP27: {=IFERROR(MAX(MOD(VALUE(INDEX(benchmark!AJ:AJ, (ROW()-2)*$B27+2):INDEX(benchmark!AJ:AJ, (ROW()-2)*$B27 + $B27+1)) - VALUE(INDEX(benchmark!AI:AI, (ROW()-2)*$B27+2):INDEX(benchmark!AI:AI, (ROW()-2)*$B27 + $B27+1)), 1) * 86400), "")} -> 167.93 | AQ27: =IFERROR(AVERAGE(INDEX(benchmark!S:S, (ROW()-2)*$B27+2):INDEX(benchmark!S:S, (ROW()-2)*$B27 + $B27+1)), "") -> 119.6144 | AR27: =IFERROR(MIN(INDEX(benchmark!S:S, (ROW()-2)*$B27+2):INDEX(benchmark!S:S, (ROW()-2)*$B27 + $B27+1)), "") -> 115.982 | AS27: =IFERROR(MAX(INDEX(benchmark!S:S, (ROW()-2)*$B27+2):INDEX(benchmark!S:S, (ROW()-2)*$B27 + $B27+1)), "") -> 124.925

Sheet std. dev
A1: =benchmark!A1 -> model | B1: =benchmark!B1 -> run | C1: =benchmark!C1 -> solver | D1: =benchmark!D1 -> version | E1: =benchmark!E1 -> exit_status | F1: =benchmark!F1 -> exit_code | G1: =benchmark!G1 -> obj1 | H1: =benchmark!H1 -> obj2 | ... AJ1: =benchmark!AJ1 -> toc | AK1: avg. wall time | AL1: avg. tic-toc | AM1: avg. eval time
A2: {=INDEX(benchmark!A:A, (ROW()-2)*$B2+2)} -> acrobot | B2: =COUNTIF(benchmark!A:A, benchmark!A2) -> 10 | C2: {=INDEX(benchmark!C:C, (ROW()-2)*$B2+2)} -> Ipopt | D2: {=INDEX(benchmark!D:D, (ROW()-2)*$B2+2)} -> 3.12.13 | E2: {=INDEX(benchmark!E:E, (ROW()-2)*$B2+2)} -> solved | F2: =IFERROR(_xlfn.STDEV.S(INDEX(benchmark!F:F, (ROW()-2)*averages!$B2+2):INDEX(benchmark!F:F, (ROW()-2)*averages!$B2+averages!$B2+1)), "") -> 0 | G2: =IFERROR(_xlfn.STDEV.S(INDEX(benchmark!G:G, (ROW()-2)*averages!$B2+2):INDEX(benchmark!G:G, (ROW()-2)*averages!$B2+averages!$B2+1)), "") -> 1.4979556e-14 | H2: =IFERROR(_xlfn.STDEV.S(INDEX(benchmark!H:H, (ROW()-2)*averages!$B2+2):INDEX(benchmark!H:H, (ROW()-2)*averages!$B2+averages!$B2+1)), "") | I2: =IFERROR(_xlfn.STDEV.S(INDEX(benchmark!I:I, (ROW()-2)*averages!$B2+2):INDEX(benchmark!I:I, (ROW()-2)*averages!$B2+averages!$B2+1)), "") -> 0 | J2: =IFERROR(_xlfn.STDEV.S(INDEX(benchmark!J:J, (ROW()-2)*averages!$B2+2):INDEX(benchmark!J:J, (ROW()-2)*averages!$B2+averages!$B2+1)), "") -> 0 | K2: =IFERROR(_xlfn.STDEV.S(INDEX(benchmark!K:K, (ROW()-2)*averages!$B2+2):INDEX(benchmark!K:K, (ROW()-2)*averages!$B2+averages!$B2+1)), "") -> 0 | L2: =IFERROR(_xlfn.STDEV.S(INDEX(benchmark!L:L, (ROW()-2)*averages!$B2+2):INDEX(benchmark!L:L, (ROW()-2)*averages!$B2+averages!$B2+1)), "") -> 0 | M2: =IFERROR(_xlfn.STDEV.S(INDEX(benchmark!M:M, (ROW()-2)*averages!$B2+2):INDEX(benchmark!M:M, (ROW()-2)*averages!$B2+averages!$B2+1)), "") -> 0 | N2: =IFERROR(_xlfn.STDEV.S(INDEX(benchmark!N:N, (ROW()-2)*averages!$B2+2):INDEX(benchmark!N:N, (ROW()-2)*averages!$B2+averages!$B2+1)), "") -> 0 | O2: =IFERROR(_xlfn.STDEV.S(INDEX(benchmark!O:O, (ROW()-2)*averages!$B2+2):INDEX(benchmark!O:O, (ROW()-2)*averages!$B2+averages!$B2+1)), "") -> 0 | P2: =IFERROR(_xlfn.STDEV.S(INDEX(benchmark!P:P, (ROW()-2)*averages!$B2+2):INDEX(benchmark!P:P, (ROW()-2)*averages!$B2+averages!$B2+1)), "") -> 0 | Q2: =IFERROR(_xlfn.STDEV.S(INDEX(benchmark!Q:Q, (ROW()-2)*averages!$B2+2):INDEX(benchmark!Q:Q, (ROW()-2)*averages!$B2+averages!$B2+1)), "") -> 0 | R2: =IFERROR(_xlfn.STDEV.S(INDEX(benchmark!R:R, (ROW()-2)*averages!$B2+2):INDEX(benchmark!R:R, (ROW()-2)*averages!$B2+averages!$B2+1)), "") -> 0.0034075081 | S2: =IFERROR(_xlfn.STDEV.S(INDEX(benchmark!S:S, (ROW()-2)*averages!$B2+2):INDEX(benchmark!S:S, (ROW()-2)*averages!$B2+averages!$B2+1)), "") -> 0.0017029386 | T2: =IFERROR(_xlfn.STDEV.S(INDEX(benchmark!T:T, (ROW()-2)*averages!$B2+2):INDEX(benchmark!T:T, (ROW()-2)*averages!$B2+averages!$B2+1)), "") -> 0 | U2: =IFERROR(_xlfn.STDEV.S(INDEX(benchmark!U:U, (ROW()-2)*averages!$B2+2):INDEX(benchmark!U:U, (ROW()-2)*averages!$B2+averages!$B2+1)), "") -> 0 | V2: =IFERROR(_xlfn.STDEV.S(INDEX(benchmark!V:V, (ROW()-2)*averages!$B2+2):INDEX(benchmark!V:V, (ROW()-2)*averages!$B2+averages!$B2+1)), "") -> 0 | W2: =IFERROR(_xlfn.STDEV.S(INDEX(benchmark!W:W, (ROW()-2)*averages!$B2+2):INDEX(benchmark!W:W, (ROW()-2)*averages!$B2+averages!$B2+1)), "") -> 0.025100022 | X2: =IFERROR(_xlfn.STDEV.S(INDEX(benchmark!X:X, (ROW()-2)*averages!$B2+2):INDEX(benchmark!X:X, (ROW()-2)*averages!$B2+averages!$B2+1)), "") -> 0.014731391 | Y2: =IFERROR(_xlfn.STDEV.S(INDEX(benchmark!Y:Y, (ROW()-2)*averages!$B2+2):INDEX(benchmark!Y:Y, (ROW()-2)*averages!$B2+averages!$B2+1)), "") -> 0.022642776 | Z2: =IFERROR(_xlfn.STDEV.S(INDEX(benchmark!Z:Z, (ROW()-2)*averages!$B2+2):INDEX(benchmark!Z:Z, (ROW()-2)*averages!$B2+averages!$B2+1)), "") -> 0.01719539 | AA2: =IFERROR(_xlfn.STDEV.S(INDEX(benchmark!AA:AA, (ROW()-2)*averages!$B2+2):INDEX(benchmark!AA:AA, (ROW()-2)*averages!$B2+averages!$B2+1)), "") -> 0.01260908 | AB2: =IFERROR(_xlfn.STDEV.S(INDEX(benchmark!AB:AB, (ROW()-2)*averages!$B2+2):INDEX(benchmark!AB:AB, (ROW()-2)*averages!$B2+averages!$B2+1)), "") -> 0.014358384 | AC2: =IFERROR(_xlfn.STDEV.S(INDEX(benchmark!AC:AC, (ROW()-2)*averages!$B2+2):INDEX(benchmark!AC:AC, (ROW()-2)*averages!$B2+averages!$B2+1)), "") -> 0.0082350981 | AD2: =IFERROR(_xlfn.STDEV.S(INDEX(benchmark!AD:AD, (ROW()-2)*averages!$B2+2):INDEX(benchmark!AD:AD, (ROW()-2)*averages!$B2+averages!$B2+1)), "") -> 0.010546071 | AE2: =IFERROR(_xlfn.STDEV.S(INDEX(benchmark!AE:AE, (ROW()-2)*averages!$B2+2):INDEX(benchmark!AE:AE, (ROW()-2)*averages!$B2+averages!$B2+1)), "") -> 0 | AF2: =IFERROR(_xlfn.STDEV.S(INDEX(benchmark!AF:AF, (ROW()-2)*averages!$B2+2):INDEX(benchmark!AF:AF, (ROW()-2)*averages!$B2+averages!$B2+1)), "") -> 0 | AG2: =IFERROR(_xlfn.STDEV.S(INDEX(benchmark!AG:AG, (ROW()-2)*averages!$B2+2):INDEX(benchmark!AG:AG, (ROW()-2)*averages!$B2+averages!$B2+1)), "") -> 0 | AH2: =IFERROR(_xlfn.STDEV.S(INDEX(benchmark!AH:AH, (ROW()-2)*averages!$B2+2):INDEX(benchmark!AH:AH, (ROW()-2)*averages!$B2+averages!$B2+1)), "") -> 0 | AI2: =IFERROR(_xlfn.STDEV.S(INDEX(benchmark!AI:AI, (ROW()-2)*averages!$B2+2):INDEX(benchmark!AI:AI, (ROW()-2)*averages!$B2+averages!$B2+1)), "") -> 1.8430943e-05 | AJ2: =IFERROR(_xlfn.STDEV.S(INDEX(benchmark!AJ:AJ, (ROW()-2)*averages!$B2+2):INDEX(benchmark!AJ:AJ, (ROW()-2)*averages!$B2+averages!$B2+1)), "") -> 1.8357068e-05 | AK2: {=IFERROR(_xlfn.STDEV.S(INDEX(benchmark!W:W, (ROW()-2)*$B2+2):INDEX(benchmark!W:W, (ROW()-2)*$B2 + $B2+1) + INDEX(benchmark!AA:AA, (ROW()-2)*$B2+2):INDEX(benchmark!AA:AA, (ROW()-2)*$B2 + $B2+1)), "")} -> 0.029977028 | AL2: {=IFERROR(_xlfn.STDEV.S(MOD(VALUE(INDEX(benchmark!AJ:AJ, (ROW()-2)*$B2+2):INDEX(benchmark!AJ:AJ, (ROW()-2)*$B2 + $B2+1)) - VALUE(INDEX(benchmark!AI:AI, (ROW()-2)*$B2+2):INDEX(benchmark!AI:AI, (ROW()-2)*$B2 + $B2+1)), 1) * 86400), "")} -> 0.036224608 | AM2: =IFERROR(_xlfn.STDEV.S(INDEX(benchmark!S:S, (ROW()-2)*$B2+2):INDEX(benchmark!S:S, (ROW()-2)*$B2 + $B2+1)), "") -> 0.0017029386
A3: {=INDEX(benchmark!A:A, (ROW()-2)*$B3+2)} -> cart-pendulum-time | B3: =COUNTIF(benchmark!A:A, benchmark!A3) -> 10 | C3: {=INDEX(benchmark!C:C, (ROW()-2)*$B3+2)} -> Ipopt | D3: {=INDEX(benchmark!D:D, (ROW()-2)*$B3+2)} -> 3.12.13 | E3: {=INDEX(benchmark!E:E, (ROW()-2)*$B3+2)} -> solved | F3: =IFERROR(_xlfn.STDEV.S(INDEX(benchmark!F:F, (ROW()-2)*averages!$B3+2):INDEX(benchmark!F:F, (ROW()-2)*averages!$B3+averages!$B3+1)), "") -> 0 | G3: =IFERROR(_xlfn.STDEV.S(INDEX(benchmark!G:G, (ROW()-2)*averages!$B3+2):INDEX(benchmark!G:G, (ROW()-2)*averages!$B3+averages!$B3+1)), "") -> 0 | H3: =IFERROR(_xlfn.STDEV.S(INDEX(benchmark!H:H, (ROW()-2)*averages!$B3+2):INDEX(benchmark!H:H, (ROW()-2)*averages!$B3+averages!$B3+1)), "") | I3: =IFERROR(_xlfn.STDEV.S(INDEX(benchmark!I:I, (ROW()-2)*averages!$B3+2):INDEX(benchmark!I:I, (ROW()-2)*averages!$B3+averages!$B3+1)), "") -> 0 | J3: =IFERROR(_xlfn.STDEV.S(INDEX(benchmark!J:J, (ROW()-2)*averages!$B3+2):INDEX(benchmark!J:J, (ROW()-2)*averages!$B3+averages!$B3+1)), "") -> 0 | K3: =IFERROR(_xlfn.STDEV.S(INDEX(benchmark!K:K, (ROW()-2)*averages!$B3+2):INDEX(benchmark!K:K, (ROW()-2)*averages!$B3+averages!$B3+1)), "") -> 0 | L3: =IFERROR(_xlfn.STDEV.S(INDEX(benchmark!L:L, (ROW()-2)*averages!$B3+2):INDEX(benchmark!L:L, (ROW()-2)*averages!$B3+averages!$B3+1)), "") -> 0 | M3: =IFERROR(_xlfn.STDEV.S(INDEX(benchmark!M:M, (ROW()-2)*averages!$B3+2):INDEX(benchmark!M:M, (ROW()-2)*averages!$B3+averages!$B3+1)), "") -> 0 | N3: =IFERROR(_xlfn.STDEV.S(INDEX(benchmark!N:N, (ROW()-2)*averages!$B3+2):INDEX(benchmark!N:N, (ROW()-2)*averages!$B3+averages!$B3+1)), "") -> 0 | O3: =IFERROR(_xlfn.STDEV.S(INDEX(benchmark!O:O, (ROW()-2)*averages!$B3+2):INDEX(benchmark!O:O, (ROW()-2)*averages!$B3+averages!$B3+1)), "") -> 0 | P3: =IFERROR(_xlfn.STDEV.S(INDEX(benchmark!P:P, (ROW()-2)*averages!$B3+2):INDEX(benchmark!P:P, (ROW()-2)*averages!$B3+averages!$B3+1)), "") -> 0 | Q3: =IFERROR(_xlfn.STDEV.S(INDEX(benchmark!Q:Q, (ROW()-2)*averages!$B3+2):INDEX(benchmark!Q:Q, (ROW()-2)*averages!$B3+averages!$B3+1)), "") -> 0 | R3: =IFERROR(_xlfn.STDEV.S(INDEX(benchmark!R:R, (ROW()-2)*averages!$B3+2):INDEX(benchmark!R:R, (ROW()-2)*averages!$B3+averages!$B3+1)), "") -> 0.0017919573 | S3: =IFERROR(_xlfn.STDEV.S(INDEX(benchmark!S:S, (ROW()-2)*averages!$B3+2):INDEX(benchmark!S:S, (ROW()-2)*averages!$B3+averages!$B3+1)), "") -> 0.0011005049 | T3: =IFERROR(_xlfn.STDEV.S(INDEX(benchmark!T:T, (ROW()-2)*averages!$B3+2):INDEX(benchmark!T:T, (ROW()-2)*averages!$B3+averages!$B3+1)), "") -> 0 | U3: =IFERROR(_xlfn.STDEV.S(INDEX(benchmark!U:U, (ROW()-2)*averages!$B3+2):INDEX(benchmark!U:U, (ROW()-2)*averages!$B3+averages!$B3+1)), "") -> 0 | V3: =IFERROR(_xlfn.STDEV.S(INDEX(benchmark!V:V, (ROW()-2)*averages!$B3+2):INDEX(benchmark!V:V, (ROW()-2)*averages!$B3+averages!$B3+1)), "") -> 0 | W3: =IFERROR(_xlfn.STDEV.S(INDEX(benchmark!W:W, (ROW()-2)*averages!$B3+2):INDEX(benchmark!W:W, (ROW()-2)*averages!$B3+averages!$B3+1)), "") -> 0.020016937 | X3: =IFERROR(_xlfn.STDEV.S(INDEX(benchmark!X:X, (ROW()-2)*averages!$B3+2):INDEX(benchmark!X:X, (ROW()-2)*averages!$B3+averages!$B3+1)), "") -> 0.010546071 | Y3: =IFERROR(_xlfn.STDEV.S(INDEX(benchmark!Y:Y, (ROW()-2)*averages!$B3+2):INDEX(benchmark!Y:Y, (ROW()-2)*averages!$B3+averages!$B3+1)), "") -> 0.010416667 | Z3: =IFERROR(_xlfn.STDEV.S(INDEX(benchmark!Z:Z, (ROW()-2)*averages!$B3+2):INDEX(benchmark!Z:Z, (ROW()-2)*averages!$B3+averages!$B3+1)), "") -> 0.012863634 | AA3: =IFERROR(_xlfn.STDEV.S(INDEX(benchmark!AA:AA, (ROW()-2)*averages!$B3+2):INDEX(benchmark!AA:AA, (ROW()-2)*averages!$B3+averages!$B3+1)), "") -> 0.008232726 | AB3: =IFERROR(_xlfn.STDEV.S(INDEX(benchmark!AB:AB, (ROW()-2)*averages!$B3+2):INDEX(benchmark!AB:AB, (ROW()-2)*averages!$B3+averages!$B3+1)), "") -> 0.010546071 | AC3: =IFERROR(_xlfn.STDEV.S(INDEX(benchmark!AC:AC, (ROW()-2)*averages!$B3+2):INDEX(benchmark!AC:AC, (ROW()-2)*averages!$B3+averages!$B3+1)), "") -> 0.016470196 | AD3: =IFERROR(_xlfn.STDEV.S(INDEX(benchmark!AD:AD, (ROW()-2)*averages!$B3+2):INDEX(benchmark!AD:AD, (ROW()-2)*averages!$B3+averages!$B3+1)), "") -> 0.012863634 | AE3: =IFERROR(_xlfn.STDEV.S(INDEX(benchmark!AE:AE, (ROW()-2)*averages!$B3+2):INDEX(benchmark!AE:AE, (ROW()-2)*averages!$B3+averages!$B3+1)), "") -> 0 | AF3: =IFERROR(_xlfn.STDEV.S(INDEX(benchmark!AF:AF, (ROW()-2)*averages!$B3+2):INDEX(benchmark!AF:AF, (ROW()-2)*averages!$B3+averages!$B3+1)), "") -> 0 | AG3: =IFERROR(_xlfn.STDEV.S(INDEX(benchmark!AG:AG, (ROW()-2)*averages!$B3+2):INDEX(benchmark!AG:AG, (ROW()-2)*averages!$B3+averages!$B3+1)), "") -> 0 | AH3: =IFERROR(_xlfn.STDEV.S(INDEX(benchmark!AH:AH, (ROW()-2)*averages!$B3+2):INDEX(benchmark!AH:AH, (ROW()-2)*averages!$B3+averages!$B3+1)), "") -> 0 | AI3: =IFERROR(_xlfn.STDEV.S(INDEX(benchmark!AI:AI, (ROW()-2)*averages!$B3+2):INDEX(benchmark!AI:AI, (ROW()-2)*averages!$B3+averages!$B3+1)), "") -> 1.7790138e-05 | AJ3: =IFERROR(_xlfn.STDEV.S(INDEX(benchmark!AJ:AJ, (ROW()-2)*averages!$B3+2):INDEX(benchmark!AJ:AJ, (ROW()-2)*averages!$B3+averages!$B3+1)), "") -> 1.7738529e-05 | AK3: {=IFERROR(_xlfn.STDEV.S(INDEX(benchmark!W:W, (ROW()-2)*$B3+2):INDEX(benchmark!W:W, (ROW()-2)*$B3 + $B3+1) + INDEX(benchmark!AA:AA, (ROW()-2)*$B3+2):INDEX(benchmark!AA:AA, (ROW()-2)*$B3 + $B3+1)), "")} -> 0.018000309 | AL3: {=IFERROR(_xlfn.STDEV.S(MOD(VALUE(INDEX(benchmark!AJ:AJ, (ROW()-2)*$B3+2):INDEX(benchmark!AJ:AJ, (ROW()-2)*$B3 + $B3+1)) - VALUE(INDEX(benchmark!AI:AI, (ROW()-2)*$B3+2):INDEX(benchmark!AI:AI, (ROW()-2)*$B3 + $B3+1)), 1) * 86400), "")} -> 0.023118055 | AM3: =IFERROR(_xlfn.STDEV.S(INDEX(benchmark!S:S, (ROW()-2)*$B3+2):INDEX(benchmark!S:S, (ROW()-2)*$B3 + $B3+1)), "") -> 0.0011005049
A4: {=INDEX(benchmark!A:A, (ROW()-2)*$B4+2)} -> cart-pendulum-utot | B4: =COUNTIF(benchmark!A:A, benchmark!A4) -> 10 | C4: {=INDEX(benchmark!C:C, (ROW()-2)*$B4+2)} -> Ipopt | D4: {=INDEX(benchmark!D:D, (ROW()-2)*$B4+2)} -> 3.12.13 | E4: {=INDEX(benchmark!E:E, (ROW()-2)*$B4+2)} -> solved | F4: =IFERROR(_xlfn.STDEV.S(INDEX(benchmark!F:F, (ROW()-2)*averages!$B4+2):INDEX(benchmark!F:F, (ROW()-2)*averages!$B4+averages!$B4+1)), "") -> 0 | G4: =IFERROR(_xlfn.STDEV.S(INDEX(benchmark!G:G, (ROW()-2)*averages!$B4+2):INDEX(benchmark!G:G, (ROW()-2)*averages!$B4+averages!$B4+1)), "") -> 0 | H4: =IFERROR(_xlfn.STDEV.S(INDEX(benchmark!H:H, (ROW()-2)*averages!$B4+2):INDEX(benchmark!H:H, (ROW()-2)*averages!$B4+averages!$B4+1)), "") | I4: =IFERROR(_xlfn.STDEV.S(INDEX(benchmark!I:I, (ROW()-2)*averages!$B4+2):INDEX(benchmark!I:I, (ROW()-2)*averages!$B4+averages!$B4+1)), "") -> 0 | J4: =IFERROR(_xlfn.STDEV.S(INDEX(benchmark!J:J, (ROW()-2)*averages!$B4+2):INDEX(benchmark!J:J, (ROW()-2)*averages!$B4+averages!$B4+1)), "") -> 0 | K4: =IFERROR(_xlfn.STDEV.S(INDEX(benchmark!K:K, (ROW()-2)*averages!$B4+2):INDEX(benchmark!K:K, (ROW()-2)*averages!$B4+averages!$B4+1)), "") -> 0 | L4: =IFERROR(_xlfn.STDEV.S(INDEX(benchmark!L:L, (ROW()-2)*averages!$B4+2):INDEX(benchmark!L:L, (ROW()-2)*averages!$B4+averages!$B4+1)), "") -> 0 | M4: =IFERROR(_xlfn.STDEV.S(INDEX(benchmark!M:M, (ROW()-2)*averages!$B4+2):INDEX(benchmark!M:M, (ROW()-2)*averages!$B4+averages!$B4+1)), "") -> 0 | N4: =IFERROR(_xlfn.STDEV.S(INDEX(benchmark!N:N, (ROW()-2)*averages!$B4+2):INDEX(benchmark!N:N, (ROW()-2)*averages!$B4+averages!$B4+1)), "") -> 0 | O4: =IFERROR(_xlfn.STDEV.S(INDEX(benchmark!O:O, (ROW()-2)*averages!$B4+2):INDEX(benchmark!O:O, (ROW()-2)*averages!$B4+averages!$B4+1)), "") -> 0 | P4: =IFERROR(_xlfn.STDEV.S(INDEX(benchmark!P:P, (ROW()-2)*averages!$B4+2):INDEX(benchmark!P:P, (ROW()-2)*averages!$B4+averages!$B4+1)), "") -> 0 | Q4: =IFERROR(_xlfn.STDEV.S(INDEX(benchmark!Q:Q, (ROW()-2)*averages!$B4+2):INDEX(benchmark!Q:Q, (ROW()-2)*averages!$B4+averages!$B4+1)), "") -> 0 | R4: =IFERROR(_xlfn.STDEV.S(INDEX(benchmark!R:R, (ROW()-2)*averages!$B4+2):INDEX(benchmark!R:R, (ROW()-2)*averages!$B4+averages!$B4+1)), "") -> 0.0006992059 | S4: =IFERROR(_xlfn.STDEV.S(INDEX(benchmark!S:S, (ROW()-2)*averages!$B4+2):INDEX(benchmark!S:S, (ROW()-2)*averages!$B4+averages!$B4+1)), "") -> 0.00081649658 | T4: =IFERROR(_xlfn.STDEV.S(INDEX(benchmark!T:T, (ROW()-2)*averages!$B4+2):INDEX(benchmark!T:T, (ROW()-2)*averages!$B4+averages!$B4+1)), "") -> 0 | U4: =IFERROR(_xlfn.STDEV.S(INDEX(benchmark!U:U, (ROW()-2)*averages!$B4+2):INDEX(benchmark!U:U, (ROW()-2)*averages!$B4+averages!$B4+1)), "") -> 0 | V4: =IFERROR(_xlfn.STDEV.S(INDEX(benchmark!V:V, (ROW()-2)*averages!$B4+2):INDEX(benchmark!V:V, (ROW()-2)*averages!$B4+averages!$B4+1)), "") -> 0 | W4: =IFERROR(_xlfn.STDEV.S(INDEX(benchmark!W:W, (ROW()-2)*averages!$B4+2):INDEX(benchmark!W:W, (ROW()-2)*averages!$B4+averages!$B4+1)), "") -> 0.016878981 | X4: =IFERROR(_xlfn.STDEV.S(INDEX(benchmark!X:X, (ROW()-2)*averages!$B4+2):INDEX(benchmark!X:X, (ROW()-2)*averages!$B4+averages!$B4+1)), "") -> 0.018340434 | Y4: =IFERROR(_xlfn.STDEV.S(INDEX(benchmark!Y:Y, (ROW()-2)*averages!$B4+2):INDEX(benchmark!Y:Y, (ROW()-2)*averages!$B4+averages!$B4+1)), "") -> 0.022158383 | Z4: =IFERROR(_xlfn.STDEV.S(INDEX(benchmark!Z:Z, (ROW()-2)*averages!$B4+2):INDEX(benchmark!Z:Z, (ROW()-2)*averages!$B4+averages!$B4+1)), "") -> 0.018117216 | AA4: =IFERROR(_xlfn.STDEV.S(INDEX(benchmark!AA:AA, (ROW()-2)*averages!$B4+2):INDEX(benchmark!AA:AA, (ROW()-2)*averages!$B4+averages!$B4+1)), "") -> 0.008819171 | AB4: =IFERROR(_xlfn.STDEV.S(INDEX(benchmark!AB:AB, (ROW()-2)*averages!$B4+2):INDEX(benchmark!AB:AB, (ROW()-2)*averages!$B4+averages!$B4+1)), "") -> 0.0082350981 | AC4: =IFERROR(_xlfn.STDEV.S(INDEX(benchmark!AC:AC, (ROW()-2)*averages!$B4+2):INDEX(benchmark!AC:AC, (ROW()-2)*averages!$B4+averages!$B4+1)), "") -> 0.0080687153 | AD4: =IFERROR(_xlfn.STDEV.S(INDEX(benchmark!AD:AD, (ROW()-2)*averages!$B4+2):INDEX(benchmark!AD:AD, (ROW()-2)*averages!$B4+averages!$B4+1)), "") -> 0.0049410588 | AE4: =IFERROR(_xlfn.STDEV.S(INDEX(benchmark!AE:AE, (ROW()-2)*averages!$B4+2):INDEX(benchmark!AE:AE, (ROW()-2)*averages!$B4+averages!$B4+1)), "") -> 0 | AF4: =IFERROR(_xlfn.STDEV.S(INDEX(benchmark!AF:AF, (ROW()-2)*averages!$B4+2):INDEX(benchmark!AF:AF, (ROW()-2)*averages!$B4+averages!$B4+1)), "") -> 0 | AG4: =IFERROR(_xlfn.STDEV.S(INDEX(benchmark!AG:AG, (ROW()-2)*averages!$B4+2):INDEX(benchmark!AG:AG, (ROW()-2)*averages!$B4+averages!$B4+1)), "") -> 0 | AH4: =IFERROR(_xlfn.STDEV.S(INDEX(benchmark!AH:AH, (ROW()-2)*averages!$B4+2):INDEX(benchmark!AH:AH, (ROW()-2)*averages!$B4+averages!$B4+1)), "") -> 0 | AI4: =IFERROR(_xlfn.STDEV.S(INDEX(benchmark!AI:AI, (ROW()-2)*averages!$B4+2):INDEX(benchmark!AI:AI, (ROW()-2)*averages!$B4+averages!$B4+1)), "") -> 1.825196e-05 | AJ4: =IFERROR(_xlfn.STDEV.S(INDEX(benchmark!AJ:AJ, (ROW()-2)*averages!$B4+2):INDEX(benchmark!AJ:AJ, (ROW()-2)*averages!$B4+averages!$B4+1)), "") -> 1.8179465e-05 | AK4: {=IFERROR(_xlfn.STDEV.S(INDEX(benchmark!W:W, (ROW()-2)*$B4+2):INDEX(benchmark!W:W, (ROW()-2)*$B4 + $B4+1) + INDEX(benchmark!AA:AA, (ROW()-2)*$B4+2):INDEX(benchmark!AA:AA, (ROW()-2)*$B4 + $B4+1)), "")} -> 0.018481522 | AL4: {=IFERROR(_xlfn.STDEV.S(MOD(VALUE(INDEX(benchmark!AJ:AJ, (ROW()-2)*$B4+2):INDEX(benchmark!AJ:AJ, (ROW()-2)*$B4 + $B4+1)) - VALUE(INDEX(benchmark!AI:AI, (ROW()-2)*$B4+2):INDEX(benchmark!AI:AI, (ROW()-2)*$B4 + $B4+1)), 1) * 86400), "")} -> 0.024585452 | AM4: =IFERROR(_xlfn.STDEV.S(INDEX(benchmark!S:S, (ROW()-2)*$B4+2):INDEX(benchmark!S:S, (ROW()-2)*$B4 + $B4+1)), "") -> 0.00081649658
A5: {=INDEX(benchmark!A:A, (ROW()-2)*$B5+2)} -> five-link-mc-kelly | B5: =COUNTIF(benchmark!A:A, benchmark!A5) -> 10 | C5: {=INDEX(benchmark!C:C, (ROW()-2)*$B5+2)} -> Ipopt | D5: {=INDEX(benchmark!D:D, (ROW()-2)*$B5+2)} -> 3.12.13 | E5: {=INDEX(benchmark!E:E, (ROW()-2)*$B5+2)} -> solved | F5: =IFERROR(_xlfn.STDEV.S(INDEX(benchmark!F:F, (ROW()-2)*averages!$B5+2):INDEX(benchmark!F:F, (ROW()-2)*averages!$B5+averages!$B5+1)), "") -> 0 | G5: =IFERROR(_xlfn.STDEV.S(INDEX(benchmark!G:G, (ROW()-2)*averages!$B5+2):INDEX(benchmark!G:G, (ROW()-2)*averages!$B5+averages!$B5+1)), "") -> 5.9918225e-14 | H5: =IFERROR(_xlfn.STDEV.S(INDEX(benchmark!H:H, (ROW()-2)*averages!$B5+2):INDEX(benchmark!H:H, (ROW()-2)*averages!$B5+averages!$B5+1)), "") | I5: =IFERROR(_xlfn.STDEV.S(INDEX(benchmark!I:I, (ROW()-2)*averages!$B5+2):INDEX(benchmark!I:I, (ROW()-2)*averages!$B5+averages!$B5+1)), "") -> 0 | J5: =IFERROR(_xlfn.STDEV.S(INDEX(benchmark!J:J, (ROW()-2)*averages!$B5+2):INDEX(benchmark!J:J, (ROW()-2)*averages!$B5+averages!$B5+1)), "") -> 0 | K5: =IFERROR(_xlfn.STDEV.S(INDEX(benchmark!K:K, (ROW()-2)*averages!$B5+2):INDEX(benchmark!K:K, (ROW()-2)*averages!$B5+averages!$B5+1)), "") -> 0 | L5: =IFERROR(_xlfn.STDEV.S(INDEX(benchmark!L:L, (ROW()-2)*averages!$B5+2):INDEX(benchmark!L:L, (ROW()-2)*averages!$B5+averages!$B5+1)), "") -> 0 | M5: =IFERROR(_xlfn.STDEV.S(INDEX(benchmark!M:M, (ROW()-2)*averages!$B5+2):INDEX(benchmark!M:M, (ROW()-2)*averages!$B5+averages!$B5+1)), "") -> 0 | N5: =IFERROR(_xlfn.STDEV.S(INDEX(benchmark!N:N, (ROW()-2)*averages!$B5+2):INDEX(benchmark!N:N, (ROW()-2)*averages!$B5+averages!$B5+1)), "") -> 0 | O5: =IFERROR(_xlfn.STDEV.S(INDEX(benchmark!O:O, (ROW()-2)*averages!$B5+2):INDEX(benchmark!O:O, (ROW()-2)*averages!$B5+averages!$B5+1)), "") -> 0 | P5: =IFERROR(_xlfn.STDEV.S(INDEX(benchmark!P:P, (ROW()-2)*averages!$B5+2):INDEX(benchmark!P:P, (ROW()-2)*averages!$B5+averages!$B5+1)), "") -> 0 | Q5: =IFERROR(_xlfn.STDEV.S(INDEX(benchmark!Q:Q, (ROW()-2)*averages!$B5+2):INDEX(benchmark!Q:Q, (ROW()-2)*averages!$B5+averages!$B5+1)), "") -> 0 | R5: =IFERROR(_xlfn.STDEV.S(INDEX(benchmark!R:R, (ROW()-2)*averages!$B5+2):INDEX(benchmark!R:R, (ROW()-2)*averages!$B5+averages!$B5+1)), "") -> 0.0030623158 | S5: =IFERROR(_xlfn.STDEV.S(INDEX(benchmark!S:S, (ROW()-2)*averages!$B5+2):INDEX(benchmark!S:S, (ROW()-2)*averages!$B5+averages!$B5+1)), "") -> 0.0022236107 | T5: =IFERROR(_xlfn.STDEV.S(INDEX(benchmark!T:T, (ROW()-2)*averages!$B5+2):INDEX(benchmark!T:T, (ROW()-2)*averages!$B5+averages!$B5+1)), "") -> 0 | U5: =IFERROR(_xlfn.STDEV.S(INDEX(benchmark!U:U, (ROW()-2)*averages!$B5+2):INDEX(benchmark!U:U, (ROW()-2)*averages!$B5+averages!$B5+1)), "") -> 0 | V5: =IFERROR(_xlfn.STDEV.S(INDEX(benchmark!V:V, (ROW()-2)*averages!$B5+2):INDEX(benchmark!V:V, (ROW()-2)*averages!$B5+averages!$B5+1)), "") -> 0 | W5: =IFERROR(_xlfn.STDEV.S(INDEX(benchmark!W:W, (ROW()-2)*averages!$B5+2):INDEX(benchmark!W:W, (ROW()-2)*averages!$B5+averages!$B5+1)), "") -> 0.077867123 | X5: =IFERROR(_xlfn.STDEV.S(INDEX(benchmark!X:X, (ROW()-2)*averages!$B5+2):INDEX(benchmark!X:X, (ROW()-2)*averages!$B5+averages!$B5+1)), "") -> 0.014823177 | Y5: =IFERROR(_xlfn.STDEV.S(INDEX(benchmark!Y:Y, (ROW()-2)*averages!$B5+2):INDEX(benchmark!Y:Y, (ROW()-2)*averages!$B5+averages!$B5+1)), "") -> 0.022642776 | Z5: =IFERROR(_xlfn.STDEV.S(INDEX(benchmark!Z:Z, (ROW()-2)*averages!$B5+2):INDEX(benchmark!Z:Z, (ROW()-2)*averages!$B5+averages!$B5+1)), "") -> 0.022341261 | AA5: =IFERROR(_xlfn.STDEV.S(INDEX(benchmark!AA:AA, (ROW()-2)*averages!$B5+2):INDEX(benchmark!AA:AA, (ROW()-2)*averages!$B5+averages!$B5+1)), "") -> 0.0074654761 | AB5: =IFERROR(_xlfn.STDEV.S(INDEX(benchmark!AB:AB, (ROW()-2)*averages!$B5+2):INDEX(benchmark!AB:AB, (ROW()-2)*averages!$B5+averages!$B5+1)), "") -> 0.015095184 | AC5: =IFERROR(_xlfn.STDEV.S(INDEX(benchmark!AC:AC, (ROW()-2)*averages!$B5+2):INDEX(benchmark!AC:AC, (ROW()-2)*averages!$B5+averages!$B5+1)), "") -> 0.021850184 | AD5: =IFERROR(_xlfn.STDEV.S(INDEX(benchmark!AD:AD, (ROW()-2)*averages!$B5+2):INDEX(benchmark!AD:AD, (ROW()-2)*averages!$B5+averages!$B5+1)), "") -> 0.010925092 | AE5: =IFERROR(_xlfn.STDEV.S(INDEX(benchmark!AE:AE, (ROW()-2)*averages!$B5+2):INDEX(benchmark!AE:AE, (ROW()-2)*averages!$B5+averages!$B5+1)), "") -> 0 | AF5: =IFERROR(_xlfn.STDEV.S(INDEX(benchmark!AF:AF, (ROW()-2)*averages!$B5+2):INDEX(benchmark!AF:AF, (ROW()-2)*averages!$B5+averages!$B5+1)), "") -> 0 | AG5: =IFERROR(_xlfn.STDEV.S(INDEX(benchmark!AG:AG, (ROW()-2)*averages!$B5+2):INDEX(benchmark!AG:AG, (ROW()-2)*averages!$B5+averages!$B5+1)), "") -> 0 | AH5: =IFERROR(_xlfn.STDEV.S(INDEX(benchmark!AH:AH, (ROW()-2)*averages!$B5+2):INDEX(benchmark!AH:AH, (ROW()-2)*averages!$B5+averages!$B5+1)), "") -> 0 | AI5: =IFERROR(_xlfn.STDEV.S(INDEX(benchmark!AI:AI, (ROW()-2)*averages!$B5+2):INDEX(benchmark!AI:AI, (ROW()-2)*averages!$B5+averages!$B5+1)), "") -> 2.8993778e-05 | AJ5: =IFERROR(_xlfn.STDEV.S(INDEX(benchmark!AJ:AJ, (ROW()-2)*averages!$B5+2):INDEX(benchmark!AJ:AJ, (ROW()-2)*averages!$B5+averages!$B5+1)), "") -> 2.7858147e-05 | AK5: {=IFERROR(_xlfn.STDEV.S(INDEX(benchmark!W:W, (ROW()-2)*$B5+2):INDEX(benchmark!W:W, (ROW()-2)*$B5 + $B5+1) + INDEX(benchmark!AA:AA, (ROW()-2)*$B5+2):INDEX(benchmark!AA:AA, (ROW()-2)*$B5 + $B5+1)), "")} -> 0.079728985 | AL5: {=IFERROR(_xlfn.STDEV.S(MOD(VALUE(INDEX(benchmark!AJ:AJ, (ROW()-2)*$B5+2):INDEX(benchmark!AJ:AJ, (ROW()-2)*$B5 + $B5+1)) - VALUE(INDEX(benchmark!AI:AI, (ROW()-2)*$B5+2):INDEX(benchmark!AI:AI, (ROW()-2)*$B5 + $B5+1)), 1) * 86400), "")} -> 0.18583445 | AM5: =IFERROR(_xlfn.STDEV.S(INDEX(benchmark!S:S, (ROW()-2)*$B5+2):INDEX(benchmark!S:S, (ROW()-2)*$B5 + $B5+1)), "") -> 0.0022236107
A6: {=INDEX(benchmark!A:A, (ROW()-2)*$B6+2)} -> five-link-phc-kelly | B6: =COUNTIF(benchmark!A:A, benchmark!A6) -> 10 | C6: {=INDEX(benchmark!C:C, (ROW()-2)*$B6+2)} -> Ipopt | D6: {=INDEX(benchmark!D:D, (ROW()-2)*$B6+2)} -> 3.12.13 | E6: {=INDEX(benchmark!E:E, (ROW()-2)*$B6+2)} -> solved | F6: =IFERROR(_xlfn.STDEV.S(INDEX(benchmark!F:F, (ROW()-2)*averages!$B6+2):INDEX(benchmark!F:F, (ROW()-2)*averages!$B6+averages!$B6+1)), "") -> 0 | G6: =IFERROR(_xlfn.STDEV.S(INDEX(benchmark!G:G, (ROW()-2)*averages!$B6+2):INDEX(benchmark!G:G, (ROW()-2)*averages!$B6+averages!$B6+1)), "") -> 1.1983645e-13 | H6: =IFERROR(_xlfn.STDEV.S(INDEX(benchmark!H:H, (ROW()-2)*averages!$B6+2):INDEX(benchmark!H:H, (ROW()-2)*averages!$B6+averages!$B6+1)), "") | I6: =IFERROR(_xlfn.STDEV.S(INDEX(benchmark!I:I, (ROW()-2)*averages!$B6+2):INDEX(benchmark!I:I, (ROW()-2)*averages!$B6+averages!$B6+1)), "") -> 0 | J6: =IFERROR(_xlfn.STDEV.S(INDEX(benchmark!J:J, (ROW()-2)*averages!$B6+2):INDEX(benchmark!J:J, (ROW()-2)*averages!$B6+averages!$B6+1)), "") -> 0 | K6: =IFERROR(_xlfn.STDEV.S(INDEX(benchmark!K:K, (ROW()-2)*averages!$B6+2):INDEX(benchmark!K:K, (ROW()-2)*averages!$B6+averages!$B6+1)), "") -> 0 | L6: =IFERROR(_xlfn.STDEV.S(INDEX(benchmark!L:L, (ROW()-2)*averages!$B6+2):INDEX(benchmark!L:L, (ROW()-2)*averages!$B6+averages!$B6+1)), "") -> 0 | M6: =IFERROR(_xlfn.STDEV.S(INDEX(benchmark!M:M, (ROW()-2)*averages!$B6+2):INDEX(benchmark!M:M, (ROW()-2)*averages!$B6+averages!$B6+1)), "") -> 0 | N6: =IFERROR(_xlfn.STDEV.S(INDEX(benchmark!N:N, (ROW()-2)*averages!$B6+2):INDEX(benchmark!N:N, (ROW()-2)*averages!$B6+averages!$B6+1)), "") -> 0 | O6: =IFERROR(_xlfn.STDEV.S(INDEX(benchmark!O:O, (ROW()-2)*averages!$B6+2):INDEX(benchmark!O:O, (ROW()-2)*averages!$B6+averages!$B6+1)), "") -> 0 | P6: =IFERROR(_xlfn.STDEV.S(INDEX(benchmark!P:P, (ROW()-2)*averages!$B6+2):INDEX(benchmark!P:P, (ROW()-2)*averages!$B6+averages!$B6+1)), "") -> 0 | Q6: =IFERROR(_xlfn.STDEV.S(INDEX(benchmark!Q:Q, (ROW()-2)*averages!$B6+2):INDEX(benchmark!Q:Q, (ROW()-2)*averages!$B6+averages!$B6+1)), "") -> 0 | R6: =IFERROR(_xlfn.STDEV.S(INDEX(benchmark!R:R, (ROW()-2)*averages!$B6+2):INDEX(benchmark!R:R, (ROW()-2)*averages!$B6+averages!$B6+1)), "") -> 0.0087692645 | S6: =IFERROR(_xlfn.STDEV.S(INDEX(benchmark!S:S, (ROW()-2)*averages!$B6+2):INDEX(benchmark!S:S, (ROW()-2)*averages!$B6+averages!$B6+1)), "") -> 0.0071561939 | T6: =IFERROR(_xlfn.STDEV.S(INDEX(benchmark!T:T, (ROW()-2)*averages!$B6+2):INDEX(benchmark!T:T, (ROW()-2)*averages!$B6+averages!$B6+1)), "") -> 0 | U6: =IFERROR(_xlfn.STDEV.S(INDEX(benchmark!U:U, (ROW()-2)*averages!$B6+2):INDEX(benchmark!U:U, (ROW()-2)*averages!$B6+averages!$B6+1)), "") -> 0 | V6: =IFERROR(_xlfn.STDEV.S(INDEX(benchmark!V:V, (ROW()-2)*averages!$B6+2):INDEX(benchmark!V:V, (ROW()-2)*averages!$B6+averages!$B6+1)), "") -> 0 | W6: =IFERROR(_xlfn.STDEV.S(INDEX(benchmark!W:W, (ROW()-2)*averages!$B6+2):INDEX(benchmark!W:W, (ROW()-2)*averages!$B6+averages!$B6+1)), "") -> 0.016345234 | X6: =IFERROR(_xlfn.STDEV.S(INDEX(benchmark!X:X, (ROW()-2)*averages!$B6+2):INDEX(benchmark!X:X, (ROW()-2)*averages!$B6+averages!$B6+1)), "") -> 0.018706547 | Y6: =IFERROR(_xlfn.STDEV.S(INDEX(benchmark!Y:Y, (ROW()-2)*averages!$B6+2):INDEX(benchmark!Y:Y, (ROW()-2)*averages!$B6+averages!$B6+1)), "") -> 0.025515518 | Z6: =IFERROR(_xlfn.STDEV.S(INDEX(benchmark!Z:Z, (ROW()-2)*averages!$B6+2):INDEX(benchmark!Z:Z, (ROW()-2)*averages!$B6+averages!$B6+1)), "") -> 0.024923929 | AA6: =IFERROR(_xlfn.STDEV.S(INDEX(benchmark!AA:AA, (ROW()-2)*averages!$B6+2):INDEX(benchmark!AA:AA, (ROW()-2)*averages!$B6+averages!$B6+1)), "") -> 0.020029145 | AB6: =IFERROR(_xlfn.STDEV.S(INDEX(benchmark!AB:AB, (ROW()-2)*averages!$B6+2):INDEX(benchmark!AB:AB, (ROW()-2)*averages!$B6+averages!$B6+1)), "") -> 0.019207384 | AC6: =IFERROR(_xlfn.STDEV.S(INDEX(benchmark!AC:AC, (ROW()-2)*averages!$B6+2):INDEX(benchmark!AC:AC, (ROW()-2)*averages!$B6+averages!$B6+1)), "") -> 0.014823177 | AD6: =IFERROR(_xlfn.STDEV.S(INDEX(benchmark!AD:AD, (ROW()-2)*averages!$B6+2):INDEX(benchmark!AD:AD, (ROW()-2)*averages!$B6+averages!$B6+1)), "") -> 0.013278697 | AE6: =IFERROR(_xlfn.STDEV.S(INDEX(benchmark!AE:AE, (ROW()-2)*averages!$B6+2):INDEX(benchmark!AE:AE, (ROW()-2)*averages!$B6+averages!$B6+1)), "") -> 0 | AF6: =IFERROR(_xlfn.STDEV.S(INDEX(benchmark!AF:AF, (ROW()-2)*averages!$B6+2):INDEX(benchmark!AF:AF, (ROW()-2)*averages!$B6+averages!$B6+1)), "") -> 0 | AG6: =IFERROR(_xlfn.STDEV.S(INDEX(benchmark!AG:AG, (ROW()-2)*averages!$B6+2):INDEX(benchmark!AG:AG, (ROW()-2)*averages!$B6+averages!$B6+1)), "") -> 0 | AH6: =IFERROR(_xlfn.STDEV.S(INDEX(benchmark!AH:AH, (ROW()-2)*averages!$B6+2):INDEX(benchmark!AH:AH, (ROW()-2)*averages!$B6+averages!$B6+1)), "") -> 0 | AI6: =IFERROR(_xlfn.STDEV.S(INDEX(benchmark!AI:AI, (ROW()-2)*averages!$B6+2):INDEX(benchmark!AI:AI, (ROW()-2)*averages!$B6+averages!$B6+1)), "") -> 2.7786942e-05 | AJ6: =IFERROR(_xlfn.STDEV.S(INDEX(benchmark!AJ:AJ, (ROW()-2)*averages!$B6+2):INDEX(benchmark!AJ:AJ, (ROW()-2)*averages!$B6+averages!$B6+1)), "") -> 2.7831203e-05 | AK6: {=IFERROR(_xlfn.STDEV.S(INDEX(benchmark!W:W, (ROW()-2)*$B6+2):INDEX(benchmark!W:W, (ROW()-2)*$B6 + $B6+1) + INDEX(benchmark!AA:AA, (ROW()-2)*$B6+2):INDEX(benchmark!AA:AA, (ROW()-2)*$B6 + $B6+1)), "")} -> 0.027648588 | AL6: {=IFERROR(_xlfn.STDEV.S(MOD(VALUE(INDEX(benchmark!AJ:AJ, (ROW()-2)*$B6+2):INDEX(benchmark!AJ:AJ, (ROW()-2)*$B6 + $B6+1)) - VALUE(INDEX(benchmark!AI:AI, (ROW()-2)*$B6+2):INDEX(benchmark!AI:AI, (ROW()-2)*$B6 + $B6+1)), 1) * 86400), "")} -> 0.029458068 | AM6: =IFERROR(_xlfn.STDEV.S(INDEX(benchmark!S:S, (ROW()-2)*$B6+2):INDEX(benchmark!S:S, (ROW()-2)*$B6 + $B6+1)), "") -> 0.0071561939
A7: {=INDEX(benchmark!A:A, (ROW()-2)*$B7+2)} -> five-link-tropic | B7: =COUNTIF(benchmark!A:A, benchmark!A7) -> 10 | C7: {=INDEX(benchmark!C:C, (ROW()-2)*$B7+2)} -> Ipopt | D7: {=INDEX(benchmark!D:D, (ROW()-2)*$B7+2)} -> 3.12.13 | E7: {=INDEX(benchmark!E:E, (ROW()-2)*$B7+2)} -> solved | F7: =IFERROR(_xlfn.STDEV.S(INDEX(benchmark!F:F, (ROW()-2)*averages!$B7+2):INDEX(benchmark!F:F, (ROW()-2)*averages!$B7+averages!$B7+1)), "") -> 0 | G7: =IFERROR(_xlfn.STDEV.S(INDEX(benchmark!G:G, (ROW()-2)*averages!$B7+2):INDEX(benchmark!G:G, (ROW()-2)*averages!$B7+averages!$B7+1)), "") -> 9.3622226e-16 | H7: =IFERROR(_xlfn.STDEV.S(INDEX(benchmark!H:H, (ROW()-2)*averages!$B7+2):INDEX(benchmark!H:H, (ROW()-2)*averages!$B7+averages!$B7+1)), "") | I7: =IFERROR(_xlfn.STDEV.S(INDEX(benchmark!I:I, (ROW()-2)*averages!$B7+2):INDEX(benchmark!I:I, (ROW()-2)*averages!$B7+averages!$B7+1)), "") -> 0 | J7: =IFERROR(_xlfn.STDEV.S(INDEX(benchmark!J:J, (ROW()-2)*averages!$B7+2):INDEX(benchmark!J:J, (ROW()-2)*averages!$B7+averages!$B7+1)), "") -> 0 | K7: =IFERROR(_xlfn.STDEV.S(INDEX(benchmark!K:K, (ROW()-2)*averages!$B7+2):INDEX(benchmark!K:K, (ROW()-2)*averages!$B7+averages!$B7+1)), "") -> 0 | L7: =IFERROR(_xlfn.STDEV.S(INDEX(benchmark!L:L, (ROW()-2)*averages!$B7+2):INDEX(benchmark!L:L, (ROW()-2)*averages!$B7+averages!$B7+1)), "") -> 0 | M7: =IFERROR(_xlfn.STDEV.S(INDEX(benchmark!M:M, (ROW()-2)*averages!$B7+2):INDEX(benchmark!M:M, (ROW()-2)*averages!$B7+averages!$B7+1)), "") -> 0 | N7: =IFERROR(_xlfn.STDEV.S(INDEX(benchmark!N:N, (ROW()-2)*averages!$B7+2):INDEX(benchmark!N:N, (ROW()-2)*averages!$B7+averages!$B7+1)), "") -> 0 | O7: =IFERROR(_xlfn.STDEV.S(INDEX(benchmark!O:O, (ROW()-2)*averages!$B7+2):INDEX(benchmark!O:O, (ROW()-2)*averages!$B7+averages!$B7+1)), "") -> 0 | P7: =IFERROR(_xlfn.STDEV.S(INDEX(benchmark!P:P, (ROW()-2)*averages!$B7+2):INDEX(benchmark!P:P, (ROW()-2)*averages!$B7+averages!$B7+1)), "") -> 0 | Q7: =IFERROR(_xlfn.STDEV.S(INDEX(benchmark!Q:Q, (ROW()-2)*averages!$B7+2):INDEX(benchmark!Q:Q, (ROW()-2)*averages!$B7+averages!$B7+1)), "") -> 0 | R7: =IFERROR(_xlfn.STDEV.S(INDEX(benchmark!R:R, (ROW()-2)*averages!$B7+2):INDEX(benchmark!R:R, (ROW()-2)*averages!$B7+averages!$B7+1)), "") -> 0.27690103 | S7: =IFERROR(_xlfn.STDEV.S(INDEX(benchmark!S:S, (ROW()-2)*averages!$B7+2):INDEX(benchmark!S:S, (ROW()-2)*averages!$B7+averages!$B7+1)), "") -> 0.29286335 | T7: =IFERROR(_xlfn.STDEV.S(INDEX(benchmark!T:T, (ROW()-2)*averages!$B7+2):INDEX(benchmark!T:T, (ROW()-2)*averages!$B7+averages!$B7+1)), "") -> 0 | U7: =IFERROR(_xlfn.STDEV.S(INDEX(benchmark!U:U, (ROW()-2)*averages!$B7+2):INDEX(benchmark!U:U, (ROW()-2)*averages!$B7+averages!$B7+1)), "") -> 0 | V7: =IFERROR(_xlfn.STDEV.S(INDEX(benchmark!V:V, (ROW()-2)*averages!$B7+2):INDEX(benchmark!V:V, (ROW()-2)*averages!$B7+averages!$B7+1)), "") -> 0 | W7: =IFERROR(_xlfn.STDEV.S(INDEX(benchmark!W:W, (ROW()-2)*averages!$B7+2):INDEX(benchmark!W:W, (ROW()-2)*averages!$B7+averages!$B7+1)), "") -> 0.14093482 | X7: =IFERROR(_xlfn.STDEV.S(INDEX(benchmark!X:X, (ROW()-2)*averages!$B7+2):INDEX(benchmark!X:X, (ROW()-2)*averages!$B7+averages!$B7+1)), "") -> 0.042440727 | Y7: =IFERROR(_xlfn.STDEV.S(INDEX(benchmark!Y:Y, (ROW()-2)*averages!$B7+2):INDEX(benchmark!Y:Y, (ROW()-2)*averages!$B7+averages!$B7+1)), "") -> 0.11604185 | Z7: =IFERROR(_xlfn.STDEV.S(INDEX(benchmark!Z:Z, (ROW()-2)*averages!$B7+2):INDEX(benchmark!Z:Z, (ROW()-2)*averages!$B7+averages!$B7+1)), "") -> 0.12125465 | AA7: =IFERROR(_xlfn.STDEV.S(INDEX(benchmark!AA:AA, (ROW()-2)*averages!$B7+2):INDEX(benchmark!AA:AA, (ROW()-2)*averages!$B7+averages!$B7+1)), "") -> 0.54056489 | AB7: =IFERROR(_xlfn.STDEV.S(INDEX(benchmark!AB:AB, (ROW()-2)*averages!$B7+2):INDEX(benchmark!AB:AB, (ROW()-2)*averages!$B7+averages!$B7+1)), "") -> 0.13139047 | AC7: =IFERROR(_xlfn.STDEV.S(INDEX(benchmark!AC:AC, (ROW()-2)*averages!$B7+2):INDEX(benchmark!AC:AC, (ROW()-2)*averages!$B7+averages!$B7+1)), "") -> 0.52051032 | AD7: =IFERROR(_xlfn.STDEV.S(INDEX(benchmark!AD:AD, (ROW()-2)*averages!$B7+2):INDEX(benchmark!AD:AD, (ROW()-2)*averages!$B7+averages!$B7+1)), "") -> 0.53603847 | AE7: =IFERROR(_xlfn.STDEV.S(INDEX(benchmark!AE:AE, (ROW()-2)*averages!$B7+2):INDEX(benchmark!AE:AE, (ROW()-2)*averages!$B7+averages!$B7+1)), "") -> 0 | AF7: =IFERROR(_xlfn.STDEV.S(INDEX(benchmark!AF:AF, (ROW()-2)*averages!$B7+2):INDEX(benchmark!AF:AF, (ROW()-2)*averages!$B7+averages!$B7+1)), "") -> 0 | AG7: =IFERROR(_xlfn.STDEV.S(INDEX(benchmark!AG:AG, (ROW()-2)*averages!$B7+2):INDEX(benchmark!AG:AG, (ROW()-2)*averages!$B7+averages!$B7+1)), "") -> 0 | AH7: =IFERROR(_xlfn.STDEV.S(INDEX(benchmark!AH:AH, (ROW()-2)*averages!$B7+2):INDEX(benchmark!AH:AH, (ROW()-2)*averages!$B7+averages!$B7+1)), "") -> 0 | AI7: =IFERROR(_xlfn.STDEV.S(INDEX(benchmark!AI:AI, (ROW()-2)*averages!$B7+2):INDEX(benchmark!AI:AI, (ROW()-2)*averages!$B7+averages!$B7+1)), "") -> 0.0011923971 | AJ7: =IFERROR(_xlfn.STDEV.S(INDEX(benchmark!AJ:AJ, (ROW()-2)*averages!$B7+2):INDEX(benchmark!AJ:AJ, (ROW()-2)*averages!$B7+averages!$B7+1)), "") -> 0.0011935502 | AK7: {=IFERROR(_xlfn.STDEV.S(INDEX(benchmark!W:W, (ROW()-2)*$B7+2):INDEX(benchmark!W:W, (ROW()-2)*$B7 + $B7+1) + INDEX(benchmark!AA:AA, (ROW()-2)*$B7+2):INDEX(benchmark!AA:AA, (ROW()-2)*$B7 + $B7+1)), "")} -> 0.63404665 | AL7: {=IFERROR(_xlfn.STDEV.S(MOD(VALUE(INDEX(benchmark!AJ:AJ, (ROW()-2)*$B7+2):INDEX(benchmark!AJ:AJ, (ROW()-2)*$B7 + $B7+1)) - VALUE(INDEX(benchmark!AI:AI, (ROW()-2)*$B7+2):INDEX(benchmark!AI:AI, (ROW()-2)*$B7 + $B7+1)), 1) * 86400), "")} -> 0.6030515 | AM7: =IFERROR(_xlfn.STDEV.S(INDEX(benchmark!S:S, (ROW()-2)*$B7+2):INDEX(benchmark!S:S, (ROW()-2)*$B7 + $B7+1)), "") -> 0.29286335
A8: {=INDEX(benchmark!A:A, (ROW()-2)*$B8+2)} -> grasp-cbc | B8: =COUNTIF(benchmark!A:A, benchmark!A8) -> 10 | C8: {=INDEX(benchmark!C:C, (ROW()-2)*$B8+2)} -> cbc | D8: {=INDEX(benchmark!D:D, (ROW()-2)*$B8+2)} -> 2.10.12 | E8: {=INDEX(benchmark!E:E, (ROW()-2)*$B8+2)} -> failure | F8: =IFERROR(_xlfn.STDEV.S(INDEX(benchmark!F:F, (ROW()-2)*averages!$B8+2):INDEX(benchmark!F:F, (ROW()-2)*averages!$B8+averages!$B8+1)), "") -> 0 | G8: =IFERROR(_xlfn.STDEV.S(INDEX(benchmark!G:G, (ROW()-2)*averages!$B8+2):INDEX(benchmark!G:G, (ROW()-2)*averages!$B8+averages!$B8+1)), "") -> 0 | H8: =IFERROR(_xlfn.STDEV.S(INDEX(benchmark!H:H, (ROW()-2)*averages!$B8+2):INDEX(benchmark!H:H, (ROW()-2)*averages!$B8+averages!$B8+1)), "") | I8: =IFERROR(_xlfn.STDEV.S(INDEX(benchmark!I:I, (ROW()-2)*averages!$B8+2):INDEX(benchmark!I:I, (ROW()-2)*averages!$B8+averages!$B8+1)), "") | J8: =IFERROR(_xlfn.STDEV.S(INDEX(benchmark!J:J, (ROW()-2)*averages!$B8+2):INDEX(benchmark!J:J, (ROW()-2)*averages!$B8+averages!$B8+1)), "") | K8: =IFERROR(_xlfn.STDEV.S(INDEX(benchmark!K:K, (ROW()-2)*averages!$B8+2):INDEX(benchmark!K:K, (ROW()-2)*averages!$B8+averages!$B8+1)), "") | L8: =IFERROR(_xlfn.STDEV.S(INDEX(benchmark!L:L, (ROW()-2)*averages!$B8+2):INDEX(benchmark!L:L, (ROW()-2)*averages!$B8+averages!$B8+1)), "") | M8: =IFERROR(_xlfn.STDEV.S(INDEX(benchmark!M:M, (ROW()-2)*averages!$B8+2):INDEX(benchmark!M:M, (ROW()-2)*averages!$B8+averages!$B8+1)), "") | N8: =IFERROR(_xlfn.STDEV.S(INDEX(benchmark!N:N, (ROW()-2)*averages!$B8+2):INDEX(benchmark!N:N, (ROW()-2)*averages!$B8+averages!$B8+1)), "") | O8: =IFERROR(_xlfn.STDEV.S(INDEX(benchmark!O:O, (ROW()-2)*averages!$B8+2):INDEX(benchmark!O:O, (ROW()-2)*averages!$B8+averages!$B8+1)), "") | P8: =IFERROR(_xlfn.STDEV.S(INDEX(benchmark!P:P, (ROW()-2)*averages!$B8+2):INDEX(benchmark!P:P, (ROW()-2)*averages!$B8+averages!$B8+1)), "") | Q8: =IFERROR(_xlfn.STDEV.S(INDEX(benchmark!Q:Q, (ROW()-2)*averages!$B8+2):INDEX(benchmark!Q:Q, (ROW()-2)*averages!$B8+averages!$B8+1)), "") | R8: =IFERROR(_xlfn.STDEV.S(INDEX(benchmark!R:R, (ROW()-2)*averages!$B8+2):INDEX(benchmark!R:R, (ROW()-2)*averages!$B8+averages!$B8+1)), "") | S8: =IFERROR(_xlfn.STDEV.S(INDEX(benchmark!S:S, (ROW()-2)*averages!$B8+2):INDEX(benchmark!S:S, (ROW()-2)*averages!$B8+averages!$B8+1)), "") | T8: =IFERROR(_xlfn.STDEV.S(INDEX(benchmark!T:T, (ROW()-2)*averages!$B8+2):INDEX(benchmark!T:T, (ROW()-2)*averages!$B8+averages!$B8+1)), "") | U8: =IFERROR(_xlfn.STDEV.S(INDEX(benchmark!U:U, (ROW()-2)*averages!$B8+2):INDEX(benchmark!U:U, (ROW()-2)*averages!$B8+averages!$B8+1)), "") | V8: =IFERROR(_xlfn.STDEV.S(INDEX(benchmark!V:V, (ROW()-2)*averages!$B8+2):INDEX(benchmark!V:V, (ROW()-2)*averages!$B8+averages!$B8+1)), "") | W8: =IFERROR(_xlfn.STDEV.S(INDEX(benchmark!W:W, (ROW()-2)*averages!$B8+2):INDEX(benchmark!W:W, (ROW()-2)*averages!$B8+averages!$B8+1)), "") -> 0.026712669 | X8: =IFERROR(_xlfn.STDEV.S(INDEX(benchmark!X:X, (ROW()-2)*averages!$B8+2):INDEX(benchmark!X:X, (ROW()-2)*averages!$B8+averages!$B8+1)), "") -> 0.01679637 | Y8: =IFERROR(_xlfn.STDEV.S(INDEX(benchmark!Y:Y, (ROW()-2)*averages!$B8+2):INDEX(benchmark!Y:Y, (ROW()-2)*averages!$B8+averages!$B8+1)), "") -> 0.013681172 | Z8: =IFERROR(_xlfn.STDEV.S(INDEX(benchmark!Z:Z, (ROW()-2)*averages!$B8+2):INDEX(benchmark!Z:Z, (ROW()-2)*averages!$B8+averages!$B8+1)), "") -> 0.014823177 | AA8: =IFERROR(_xlfn.STDEV.S(INDEX(benchmark!AA:AA, (ROW()-2)*averages!$B8+2):INDEX(benchmark!AA:AA, (ROW()-2)*averages!$B8+averages!$B8+1)), "") -> 0.0098115578 | AB8: =IFERROR(_xlfn.STDEV.S(INDEX(benchmark!AB:AB, (ROW()-2)*averages!$B8+2):INDEX(benchmark!AB:AB, (ROW()-2)*averages!$B8+averages!$B8+1)), "") -> 0.010925092 | AC8: =IFERROR(_xlfn.STDEV.S(INDEX(benchmark!AC:AC, (ROW()-2)*averages!$B8+2):INDEX(benchmark!AC:AC, (ROW()-2)*averages!$B8+averages!$B8+1)), "") -> 0.011048543 | AD8: =IFERROR(_xlfn.STDEV.S(INDEX(benchmark!AD:AD, (ROW()-2)*averages!$B8+2):INDEX(benchmark!AD:AD, (ROW()-2)*averages!$B8+averages!$B8+1)), "") -> 0.013681172 | AE8: =IFERROR(_xlfn.STDEV.S(INDEX(benchmark!AE:AE, (ROW()-2)*averages!$B8+2):INDEX(benchmark!AE:AE, (ROW()-2)*averages!$B8+averages!$B8+1)), "") -> 0 | AF8: =IFERROR(_xlfn.STDEV.S(INDEX(benchmark!AF:AF, (ROW()-2)*averages!$B8+2):INDEX(benchmark!AF:AF, (ROW()-2)*averages!$B8+averages!$B8+1)), "") -> 0 | AG8: =IFERROR(_xlfn.STDEV.S(INDEX(benchmark!AG:AG, (ROW()-2)*averages!$B8+2):INDEX(benchmark!AG:AG, (ROW()-2)*averages!$B8+averages!$B8+1)), "") -> 0 | AH8: =IFERROR(_xlfn.STDEV.S(INDEX(benchmark!AH:AH, (ROW()-2)*averages!$B8+2):INDEX(benchmark!AH:AH, (ROW()-2)*averages!$B8+averages!$B8+1)), "") -> 0 | AI8: =IFERROR(_xlfn.STDEV.S(INDEX(benchmark!AI:AI, (ROW()-2)*averages!$B8+2):INDEX(benchmark!AI:AI, (ROW()-2)*averages!$B8+averages!$B8+1)), "") -> 1.7530467e-05 | AJ8: =IFERROR(_xlfn.STDEV.S(INDEX(benchmark!AJ:AJ, (ROW()-2)*averages!$B8+2):INDEX(benchmark!AJ:AJ, (ROW()-2)*averages!$B8+averages!$B8+1)), "") -> 1.7517879e-05 | AK8: {=IFERROR(_xlfn.STDEV.S(INDEX(benchmark!W:W, (ROW()-2)*$B8+2):INDEX(benchmark!W:W, (ROW()-2)*$B8 + $B8+1) + INDEX(benchmark!AA:AA, (ROW()-2)*$B8+2):INDEX(benchmark!AA:AA, (ROW()-2)*$B8 + $B8+1)), "")} -> 0.02673512 | AL8: {=IFERROR(_xlfn.STDEV.S(MOD(VALUE(INDEX(benchmark!AJ:AJ, (ROW()-2)*$B8+2):INDEX(benchmark!AJ:AJ, (ROW()-2)*$B8 + $B8+1)) - VALUE(INDEX(benchmark!AI:AI, (ROW()-2)*$B8+2):INDEX(benchmark!AI:AI, (ROW()-2)*$B8 + $B8+1)), 1) * 86400), "")} -> 0.023475756 | AM8: =IFERROR(_xlfn.STDEV.S(INDEX(benchmark!S:S, (ROW()-2)*$B8+2):INDEX(benchmark!S:S, (ROW()-2)*$B8 + $B8+1)), "")
A9: {=INDEX(benchmark!A:A, (ROW()-2)*$B9+2)} -> grasp-conopt | B9: =COUNTIF(benchmark!A:A, benchmark!A9) -> 10 | C9: {=INDEX(benchmark!C:C, (ROW()-2)*$B9+2)} | D9: {=INDEX(benchmark!D:D, (ROW()-2)*$B9+2)} | E9: {=INDEX(benchmark!E:E, (ROW()-2)*$B9+2)} -> solved? | F9: =IFERROR(_xlfn.STDEV.S(INDEX(benchmark!F:F, (ROW()-2)*averages!$B9+2):INDEX(benchmark!F:F, (ROW()-2)*averages!$B9+averages!$B9+1)), "") -> 0 | G9: =IFERROR(_xlfn.STDEV.S(INDEX(benchmark!G:G, (ROW()-2)*averages!$B9+2):INDEX(benchmark!G:G, (ROW()-2)*averages!$B9+averages!$B9+1)), "") -> 0 | H9: =IFERROR(_xlfn.STDEV.S(INDEX(benchmark!H:H, (ROW()-2)*averages!$B9+2):INDEX(benchmark!H:H, (ROW()-2)*averages!$B9+averages!$B9+1)), "") | I9: =IFERROR(_xlfn.STDEV.S(INDEX(benchmark!I:I, (ROW()-2)*averages!$B9+2):INDEX(benchmark!I:I, (ROW()-2)*averages!$B9+averages!$B9+1)), "") | J9: =IFERROR(_xlfn.STDEV.S(INDEX(benchmark!J:J, (ROW()-2)*averages!$B9+2):INDEX(benchmark!J:J, (ROW()-2)*averages!$B9+averages!$B9+1)), "") | K9: =IFERROR(_xlfn.STDEV.S(INDEX(benchmark!K:K, (ROW()-2)*averages!$B9+2):INDEX(benchmark!K:K, (ROW()-2)*averages!$B9+averages!$B9+1)), "") | L9: =IFERROR(_xlfn.STDEV.S(INDEX(benchmark!L:L, (ROW()-2)*averages!$B9+2):INDEX(benchmark!L:L, (ROW()-2)*averages!$B9+averages!$B9+1)), "") | M9: =IFERROR(_xlfn.STDEV.S(INDEX(benchmark!M:M, (ROW()-2)*averages!$B9+2):INDEX(benchmark!M:M, (ROW()-2)*averages!$B9+averages!$B9+1)), "") | N9: =IFERROR(_xlfn.STDEV.S(INDEX(benchmark!N:N, (ROW()-2)*averages!$B9+2):INDEX(benchmark!N:N, (ROW()-2)*averages!$B9+averages!$B9+1)), "") | O9: =IFERROR(_xlfn.STDEV.S(INDEX(benchmark!O:O, (ROW()-2)*averages!$B9+2):INDEX(benchmark!O:O, (ROW()-2)*averages!$B9+averages!$B9+1)), "") | P9: =IFERROR(_xlfn.STDEV.S(INDEX(benchmark!P:P, (ROW()-2)*averages!$B9+2):INDEX(benchmark!P:P, (ROW()-2)*averages!$B9+averages!$B9+1)), "") | Q9: =IFERROR(_xlfn.STDEV.S(INDEX(benchmark!Q:Q, (ROW()-2)*averages!$B9+2):INDEX(benchmark!Q:Q, (ROW()-2)*averages!$B9+averages!$B9+1)), "") | R9: =IFERROR(_xlfn.STDEV.S(INDEX(benchmark!R:R, (ROW()-2)*averages!$B9+2):INDEX(benchmark!R:R, (ROW()-2)*averages!$B9+averages!$B9+1)), "") | S9: =IFERROR(_xlfn.STDEV.S(INDEX(benchmark!S:S, (ROW()-2)*averages!$B9+2):INDEX(benchmark!S:S, (ROW()-2)*averages!$B9+averages!$B9+1)), "") | T9: =IFERROR(_xlfn.STDEV.S(INDEX(benchmark!T:T, (ROW()-2)*averages!$B9+2):INDEX(benchmark!T:T, (ROW()-2)*averages!$B9+averages!$B9+1)), "") | U9: =IFERROR(_xlfn.STDEV.S(INDEX(benchmark!U:U, (ROW()-2)*averages!$B9+2):INDEX(benchmark!U:U, (ROW()-2)*averages!$B9+averages!$B9+1)), "") | V9: =IFERROR(_xlfn.STDEV.S(INDEX(benchmark!V:V, (ROW()-2)*averages!$B9+2):INDEX(benchmark!V:V, (ROW()-2)*averages!$B9+averages!$B9+1)), "") | W9: =IFERROR(_xlfn.STDEV.S(INDEX(benchmark!W:W, (ROW()-2)*averages!$B9+2):INDEX(benchmark!W:W, (ROW()-2)*averages!$B9+averages!$B9+1)), "") -> 0.024129512 | X9: =IFERROR(_xlfn.STDEV.S(INDEX(benchmark!X:X, (ROW()-2)*averages!$B9+2):INDEX(benchmark!X:X, (ROW()-2)*averages!$B9+averages!$B9+1)), "") -> 0.020104437 | Y9: =IFERROR(_xlfn.STDEV.S(INDEX(benchmark!Y:Y, (ROW()-2)*averages!$B9+2):INDEX(benchmark!Y:Y, (ROW()-2)*averages!$B9+averages!$B9+1)), "") -> 0.018340434 | Z9: =IFERROR(_xlfn.STDEV.S(INDEX(benchmark!Z:Z, (ROW()-2)*averages!$B9+2):INDEX(benchmark!Z:Z, (ROW()-2)*averages!$B9+averages!$B9+1)), "") -> 0.018414239 | AA9: =IFERROR(_xlfn.STDEV.S(INDEX(benchmark!AA:AA, (ROW()-2)*averages!$B9+2):INDEX(benchmark!AA:AA, (ROW()-2)*averages!$B9+averages!$B9+1)), "") -> 0.08722869 | AB9: =IFERROR(_xlfn.STDEV.S(INDEX(benchmark!AB:AB, (ROW()-2)*averages!$B9+2):INDEX(benchmark!AB:AB, (ROW()-2)*averages!$B9+averages!$B9+1)), "") -> 0.018042196 | AC9: =IFERROR(_xlfn.STDEV.S(INDEX(benchmark!AC:AC, (ROW()-2)*averages!$B9+2):INDEX(benchmark!AC:AC, (ROW()-2)*averages!$B9+averages!$B9+1)), "") -> 0.013681172 | AD9: =IFERROR(_xlfn.STDEV.S(INDEX(benchmark!AD:AD, (ROW()-2)*averages!$B9+2):INDEX(benchmark!AD:AD, (ROW()-2)*averages!$B9+averages!$B9+1)), "") -> 0.02701313 | AE9: =IFERROR(_xlfn.STDEV.S(INDEX(benchmark!AE:AE, (ROW()-2)*averages!$B9+2):INDEX(benchmark!AE:AE, (ROW()-2)*averages!$B9+averages!$B9+1)), "") -> 0 | AF9: =IFERROR(_xlfn.STDEV.S(INDEX(benchmark!AF:AF, (ROW()-2)*averages!$B9+2):INDEX(benchmark!AF:AF, (ROW()-2)*averages!$B9+averages!$B9+1)), "") -> 0 | AG9: =IFERROR(_xlfn.STDEV.S(INDEX(benchmark!AG:AG, (ROW()-2)*averages!$B9+2):INDEX(benchmark!AG:AG, (ROW()-2)*averages!$B9+averages!$B9+1)), "") -> 0 | AH9: =IFERROR(_xlfn.STDEV.S(INDEX(benchmark!AH:AH, (ROW()-2)*averages!$B9+2):INDEX(benchmark!AH:AH, (ROW()-2)*averages!$B9+averages!$B9+1)), "") -> 0 | AI9: =IFERROR(_xlfn.STDEV.S(INDEX(benchmark!AI:AI, (ROW()-2)*averages!$B9+2):INDEX(benchmark!AI:AI, (ROW()-2)*averages!$B9+averages!$B9+1)), "") -> 2.1518386e-05 | AJ9: =IFERROR(_xlfn.STDEV.S(INDEX(benchmark!AJ:AJ, (ROW()-2)*averages!$B9+2):INDEX(benchmark!AJ:AJ, (ROW()-2)*averages!$B9+averages!$B9+1)), "") -> 2.1466709e-05 | AK9: {=IFERROR(_xlfn.STDEV.S(INDEX(benchmark!W:W, (ROW()-2)*$B9+2):INDEX(benchmark!W:W, (ROW()-2)*$B9 + $B9+1) + INDEX(benchmark!AA:AA, (ROW()-2)*$B9+2):INDEX(benchmark!AA:AA, (ROW()-2)*$B9 + $B9+1)), "")} -> 0.076367896 | AL9: {=IFERROR(_xlfn.STDEV.S(MOD(VALUE(INDEX(benchmark!AJ:AJ, (ROW()-2)*$B9+2):INDEX(benchmark!AJ:AJ, (ROW()-2)*$B9 + $B9+1)) - VALUE(INDEX(benchmark!AI:AI, (ROW()-2)*$B9+2):INDEX(benchmark!AI:AI, (ROW()-2)*$B9 + $B9+1)), 1) * 86400), "")} -> 0.079888812 | AM9: =IFERROR(_xlfn.STDEV.S(INDEX(benchmark!S:S, (ROW()-2)*$B9+2):INDEX(benchmark!S:S, (ROW()-2)*$B9 + $B9+1)), "")
A10: {=INDEX(benchmark!A:A, (ROW()-2)*$B10+2)} -> grasp-gurobi | B10: =COUNTIF(benchmark!A:A, benchmark!A10) -> 10 | C10: {=INDEX(benchmark!C:C, (ROW()-2)*$B10+2)} -> Gurobi | D10: {=INDEX(benchmark!D:D, (ROW()-2)*$B10+2)} -> 12.0.3 | E10: {=INDEX(benchmark!E:E, (ROW()-2)*$B10+2)} -> solved | F10: =IFERROR(_xlfn.STDEV.S(INDEX(benchmark!F:F, (ROW()-2)*averages!$B10+2):INDEX(benchmark!F:F, (ROW()-2)*averages!$B10+averages!$B10+1)), "") -> 0 | G10: =IFERROR(_xlfn.STDEV.S(INDEX(benchmark!G:G, (ROW()-2)*averages!$B10+2):INDEX(benchmark!G:G, (ROW()-2)*averages!$B10+averages!$B10+1)), "") -> 0 | H10: =IFERROR(_xlfn.STDEV.S(INDEX(benchmark!H:H, (ROW()-2)*averages!$B10+2):INDEX(benchmark!H:H, (ROW()-2)*averages!$B10+averages!$B10+1)), "") | I10: =IFERROR(_xlfn.STDEV.S(INDEX(benchmark!I:I, (ROW()-2)*averages!$B10+2):INDEX(benchmark!I:I, (ROW()-2)*averages!$B10+averages!$B10+1)), "") | J10: =IFERROR(_xlfn.STDEV.S(INDEX(benchmark!J:J, (ROW()-2)*averages!$B10+2):INDEX(benchmark!J:J, (ROW()-2)*averages!$B10+averages!$B10+1)), "") | K10: =IFERROR(_xlfn.STDEV.S(INDEX(benchmark!K:K, (ROW()-2)*averages!$B10+2):INDEX(benchmark!K:K, (ROW()-2)*averages!$B10+averages!$B10+1)), "") | L10: =IFERROR(_xlfn.STDEV.S(INDEX(benchmark!L:L, (ROW()-2)*averages!$B10+2):INDEX(benchmark!L:L, (ROW()-2)*averages!$B10+averages!$B10+1)), "") | M10: =IFERROR(_xlfn.STDEV.S(INDEX(benchmark!M:M, (ROW()-2)*averages!$B10+2):INDEX(benchmark!M:M, (ROW()-2)*averages!$B10+averages!$B10+1)), "") | N10: =IFERROR(_xlfn.STDEV.S(INDEX(benchmark!N:N, (ROW()-2)*averages!$B10+2):INDEX(benchmark!N:N, (ROW()-2)*averages!$B10+averages!$B10+1)), "") | O10: =IFERROR(_xlfn.STDEV.S(INDEX(benchmark!O:O, (ROW()-2)*averages!$B10+2):INDEX(benchmark!O:O, (ROW()-2)*averages!$B10+averages!$B10+1)), "") | P10: =IFERROR(_xlfn.STDEV.S(INDEX(benchmark!P:P, (ROW()-2)*averages!$B10+2):INDEX(benchmark!P:P, (ROW()-2)*averages!$B10+averages!$B10+1)), "") | Q10: =IFERROR(_xlfn.STDEV.S(INDEX(benchmark!Q:Q, (ROW()-2)*averages!$B10+2):INDEX(benchmark!Q:Q, (ROW()-2)*averages!$B10+averages!$B10+1)), "") | R10: =IFERROR(_xlfn.STDEV.S(INDEX(benchmark!R:R, (ROW()-2)*averages!$B10+2):INDEX(benchmark!R:R, (ROW()-2)*averages!$B10+averages!$B10+1)), "") | S10: =IFERROR(_xlfn.STDEV.S(INDEX(benchmark!S:S, (ROW()-2)*averages!$B10+2):INDEX(benchmark!S:S, (ROW()-2)*averages!$B10+averages!$B10+1)), "") | T10: =IFERROR(_xlfn.STDEV.S(INDEX(benchmark!T:T, (ROW()-2)*averages!$B10+2):INDEX(benchmark!T:T, (ROW()-2)*averages!$B10+averages!$B10+1)), "") | U10: =IFERROR(_xlfn.STDEV.S(INDEX(benchmark!U:U, (ROW()-2)*averages!$B10+2):INDEX(benchmark!U:U, (ROW()-2)*averages!$B10+averages!$B10+1)), "") | V10: =IFERROR(_xlfn.STDEV.S(INDEX(benchmark!V:V, (ROW()-2)*averages!$B10+2):INDEX(benchmark!V:V, (ROW()-2)*averages!$B10+averages!$B10+1)), "") | W10: =IFERROR(_xlfn.STDEV.S(INDEX(benchmark!W:W, (ROW()-2)*averages!$B10+2):INDEX(benchmark!W:W, (ROW()-2)*averages!$B10+averages!$B10+1)), "") -> 0.030141149 | X10: =IFERROR(_xlfn.STDEV.S(INDEX(benchmark!X:X, (ROW()-2)*averages!$B10+2):INDEX(benchmark!X:X, (ROW()-2)*averages!$B10+averages!$B10+1)), "") -> 0.02115635 | Y10: =IFERROR(_xlfn.STDEV.S(INDEX(benchmark!Y:Y, (ROW()-2)*averages!$B10+2):INDEX(benchmark!Y:Y, (ROW()-2)*averages!$B10+averages!$B10+1)), "") -> 0.022097087 | Z10: =IFERROR(_xlfn.STDEV.S(INDEX(benchmark!Z:Z, (ROW()-2)*averages!$B10+2):INDEX(benchmark!Z:Z, (ROW()-2)*averages!$B10+averages!$B10+1)), "") -> 0.018414239 | AA10: =IFERROR(_xlfn.STDEV.S(INDEX(benchmark!AA:AA, (ROW()-2)*averages!$B10+2):INDEX(benchmark!AA:AA, (ROW()-2)*averages!$B10+averages!$B10+1)), "") -> 0.021806217 | AB10: =IFERROR(_xlfn.STDEV.S(INDEX(benchmark!AB:AB, (ROW()-2)*averages!$B10+2):INDEX(benchmark!AB:AB, (ROW()-2)*averages!$B10+averages!$B10+1)), "") -> 0.10100676 | AC10: =IFERROR(_xlfn.STDEV.S(INDEX(benchmark!AC:AC, (ROW()-2)*averages!$B10+2):INDEX(benchmark!AC:AC, (ROW()-2)*averages!$B10+averages!$B10+1)), "") -> 0.098944626 | AD10: =IFERROR(_xlfn.STDEV.S(INDEX(benchmark!AD:AD, (ROW()-2)*averages!$B10+2):INDEX(benchmark!AD:AD, (ROW()-2)*averages!$B10+averages!$B10+1)), "") -> 0.087400737 | AE10: =IFERROR(_xlfn.STDEV.S(INDEX(benchmark!AE:AE, (ROW()-2)*averages!$B10+2):INDEX(benchmark!AE:AE, (ROW()-2)*averages!$B10+averages!$B10+1)), "") -> 0 | AF10: =IFERROR(_xlfn.STDEV.S(INDEX(benchmark!AF:AF, (ROW()-2)*averages!$B10+2):INDEX(benchmark!AF:AF, (ROW()-2)*averages!$B10+averages!$B10+1)), "") -> 0 | AG10: =IFERROR(_xlfn.STDEV.S(INDEX(benchmark!AG:AG, (ROW()-2)*averages!$B10+2):INDEX(benchmark!AG:AG, (ROW()-2)*averages!$B10+averages!$B10+1)), "") -> 0 | AH10: =IFERROR(_xlfn.STDEV.S(INDEX(benchmark!AH:AH, (ROW()-2)*averages!$B10+2):INDEX(benchmark!AH:AH, (ROW()-2)*averages!$B10+averages!$B10+1)), "") -> 0 | AI10: =IFERROR(_xlfn.STDEV.S(INDEX(benchmark!AI:AI, (ROW()-2)*averages!$B10+2):INDEX(benchmark!AI:AI, (ROW()-2)*averages!$B10+averages!$B10+1)), "") -> 2.5208583e-05 | AJ10: =IFERROR(_xlfn.STDEV.S(INDEX(benchmark!AJ:AJ, (ROW()-2)*averages!$B10+2):INDEX(benchmark!AJ:AJ, (ROW()-2)*averages!$B10+averages!$B10+1)), "") -> 2.5010658e-05 | AK10: {=IFERROR(_xlfn.STDEV.S(INDEX(benchmark!W:W, (ROW()-2)*$B10+2):INDEX(benchmark!W:W, (ROW()-2)*$B10 + $B10+1) + INDEX(benchmark!AA:AA, (ROW()-2)*$B10+2):INDEX(benchmark!AA:AA, (ROW()-2)*$B10 + $B10+1)), "")} -> 0.040691796 | AL10: {=IFERROR(_xlfn.STDEV.S(MOD(VALUE(INDEX(benchmark!AJ:AJ, (ROW()-2)*$B10+2):INDEX(benchmark!AJ:AJ, (ROW()-2)*$B10 + $B10+1)) - VALUE(INDEX(benchmark!AI:AI, (ROW()-2)*$B10+2):INDEX(benchmark!AI:AI, (ROW()-2)*$B10 + $B10+1)), 1) * 86400), "")} -> 0.042700507 | AM10: =IFERROR(_xlfn.STDEV.S(INDEX(benchmark!S:S, (ROW()-2)*$B10+2):INDEX(benchmark!S:S, (ROW()-2)*$B10 + $B10+1)), "")
A11: {=INDEX(benchmark!A:A, (ROW()-2)*$B11+2)} -> grasp-highs | B11: =COUNTIF(benchmark!A:A, benchmark!A11) -> 10 | C11: {=INDEX(benchmark!C:C, (ROW()-2)*$B11+2)} -> HiGHS | D11: {=INDEX(benchmark!D:D, (ROW()-2)*$B11+2)} -> 1.11.0 | E11: {=INDEX(benchmark!E:E, (ROW()-2)*$B11+2)} -> failure | F11: =IFERROR(_xlfn.STDEV.S(INDEX(benchmark!F:F, (ROW()-2)*averages!$B11+2):INDEX(benchmark!F:F, (ROW()-2)*averages!$B11+averages!$B11+1)), "") -> 0 | G11: =IFERROR(_xlfn.STDEV.S(INDEX(benchmark!G:G, (ROW()-2)*averages!$B11+2):INDEX(benchmark!G:G, (ROW()-2)*averages!$B11+averages!$B11+1)), "") -> 0 | H11: =IFERROR(_xlfn.STDEV.S(INDEX(benchmark!H:H, (ROW()-2)*averages!$B11+2):INDEX(benchmark!H:H, (ROW()-2)*averages!$B11+averages!$B11+1)), "") | I11: =IFERROR(_xlfn.STDEV.S(INDEX(benchmark!I:I, (ROW()-2)*averages!$B11+2):INDEX(benchmark!I:I, (ROW()-2)*averages!$B11+averages!$B11+1)), "") | J11: =IFERROR(_xlfn.STDEV.S(INDEX(benchmark!J:J, (ROW()-2)*averages!$B11+2):INDEX(benchmark!J:J, (ROW()-2)*averages!$B11+averages!$B11+1)), "") | K11: =IFERROR(_xlfn.STDEV.S(INDEX(benchmark!K:K, (ROW()-2)*averages!$B11+2):INDEX(benchmark!K:K, (ROW()-2)*averages!$B11+averages!$B11+1)), "") | L11: =IFERROR(_xlfn.STDEV.S(INDEX(benchmark!L:L, (ROW()-2)*averages!$B11+2):INDEX(benchmark!L:L, (ROW()-2)*averages!$B11+averages!$B11+1)), "") | M11: =IFERROR(_xlfn.STDEV.S(INDEX(benchmark!M:M, (ROW()-2)*averages!$B11+2):INDEX(benchmark!M:M, (ROW()-2)*averages!$B11+averages!$B11+1)), "") | N11: =IFERROR(_xlfn.STDEV.S(INDEX(benchmark!N:N, (ROW()-2)*averages!$B11+2):INDEX(benchmark!N:N, (ROW()-2)*averages!$B11+averages!$B11+1)), "") | O11: =IFERROR(_xlfn.STDEV.S(INDEX(benchmark!O:O, (ROW()-2)*averages!$B11+2):INDEX(benchmark!O:O, (ROW()-2)*averages!$B11+averages!$B11+1)), "") | P11: =IFERROR(_xlfn.STDEV.S(INDEX(benchmark!P:P, (ROW()-2)*averages!$B11+2):INDEX(benchmark!P:P, (ROW()-2)*averages!$B11+averages!$B11+1)), "") | Q11: =IFERROR(_xlfn.STDEV.S(INDEX(benchmark!Q:Q, (ROW()-2)*averages!$B11+2):INDEX(benchmark!Q:Q, (ROW()-2)*averages!$B11+averages!$B11+1)), "") | R11: =IFERROR(_xlfn.STDEV.S(INDEX(benchmark!R:R, (ROW()-2)*averages!$B11+2):INDEX(benchmark!R:R, (ROW()-2)*averages!$B11+averages!$B11+1)), "") | S11: =IFERROR(_xlfn.STDEV.S(INDEX(benchmark!S:S, (ROW()-2)*averages!$B11+2):INDEX(benchmark!S:S, (ROW()-2)*averages!$B11+averages!$B11+1)), "") | T11: =IFERROR(_xlfn.STDEV.S(INDEX(benchmark!T:T, (ROW()-2)*averages!$B11+2):INDEX(benchmark!T:T, (ROW()-2)*averages!$B11+averages!$B11+1)), "") | U11: =IFERROR(_xlfn.STDEV.S(INDEX(benchmark!U:U, (ROW()-2)*averages!$B11+2):INDEX(benchmark!U:U, (ROW()-2)*averages!$B11+averages!$B11+1)), "") | V11: =IFERROR(_xlfn.STDEV.S(INDEX(benchmark!V:V, (ROW()-2)*averages!$B11+2):INDEX(benchmark!V:V, (ROW()-2)*averages!$B11+averages!$B11+1)), "") | W11: =IFERROR(_xlfn.STDEV.S(INDEX(benchmark!W:W, (ROW()-2)*averages!$B11+2):INDEX(benchmark!W:W, (ROW()-2)*averages!$B11+averages!$B11+1)), "") -> 0.020613911 | X11: =IFERROR(_xlfn.STDEV.S(INDEX(benchmark!X:X, (ROW()-2)*averages!$B11+2):INDEX(benchmark!X:X, (ROW()-2)*averages!$B11+averages!$B11+1)), "") -> 0.018340434 | Y11: =IFERROR(_xlfn.STDEV.S(INDEX(benchmark!Y:Y, (ROW()-2)*averages!$B11+2):INDEX(benchmark!Y:Y, (ROW()-2)*averages!$B11+averages!$B11+1)), "") -> 0.011048543 | Z11: =IFERROR(_xlfn.STDEV.S(INDEX(benchmark!Z:Z, (ROW()-2)*averages!$B11+2):INDEX(benchmark!Z:Z, (ROW()-2)*averages!$B11+averages!$B11+1)), "") -> 0.015537952 | AA11: =IFERROR(_xlfn.STDEV.S(INDEX(benchmark!AA:AA, (ROW()-2)*averages!$B11+2):INDEX(benchmark!AA:AA, (ROW()-2)*averages!$B11+averages!$B11+1)), "") -> 0.0050066622 | AB11: =IFERROR(_xlfn.STDEV.S(INDEX(benchmark!AB:AB, (ROW()-2)*averages!$B11+2):INDEX(benchmark!AB:AB, (ROW()-2)*averages!$B11+averages!$B11+1)), "") -> 0.010925092 | AC11: =IFERROR(_xlfn.STDEV.S(INDEX(benchmark!AC:AC, (ROW()-2)*averages!$B11+2):INDEX(benchmark!AC:AC, (ROW()-2)*averages!$B11+averages!$B11+1)), "") -> 0.013176157 | AD11: =IFERROR(_xlfn.STDEV.S(INDEX(benchmark!AD:AD, (ROW()-2)*averages!$B11+2):INDEX(benchmark!AD:AD, (ROW()-2)*averages!$B11+averages!$B11+1)), "") -> 0.020833333 | AE11: =IFERROR(_xlfn.STDEV.S(INDEX(benchmark!AE:AE, (ROW()-2)*averages!$B11+2):INDEX(benchmark!AE:AE, (ROW()-2)*averages!$B11+averages!$B11+1)), "") -> 0 | AF11: =IFERROR(_xlfn.STDEV.S(INDEX(benchmark!AF:AF, (ROW()-2)*averages!$B11+2):INDEX(benchmark!AF:AF, (ROW()-2)*averages!$B11+averages!$B11+1)), "") -> 0 | AG11: =IFERROR(_xlfn.STDEV.S(INDEX(benchmark!AG:AG, (ROW()-2)*averages!$B11+2):INDEX(benchmark!AG:AG, (ROW()-2)*averages!$B11+averages!$B11+1)), "") -> 0 | AH11: =IFERROR(_xlfn.STDEV.S(INDEX(benchmark!AH:AH, (ROW()-2)*averages!$B11+2):INDEX(benchmark!AH:AH, (ROW()-2)*averages!$B11+averages!$B11+1)), "") -> 0 | AI11: =IFERROR(_xlfn.STDEV.S(INDEX(benchmark!AI:AI, (ROW()-2)*averages!$B11+2):INDEX(benchmark!AI:AI, (ROW()-2)*averages!$B11+averages!$B11+1)), "") -> 1.7399563e-05 | AJ11: =IFERROR(_xlfn.STDEV.S(INDEX(benchmark!AJ:AJ, (ROW()-2)*averages!$B11+2):INDEX(benchmark!AJ:AJ, (ROW()-2)*averages!$B11+averages!$B11+1)), "") -> 1.7447748e-05 | AK11: {=IFERROR(_xlfn.STDEV.S(INDEX(benchmark!W:W, (ROW()-2)*$B11+2):INDEX(benchmark!W:W, (ROW()-2)*$B11 + $B11+1) + INDEX(benchmark!AA:AA, (ROW()-2)*$B11+2):INDEX(benchmark!AA:AA, (ROW()-2)*$B11 + $B11+1)), "")} -> 0.021054427 | AL11: {=IFERROR(_xlfn.STDEV.S(MOD(VALUE(INDEX(benchmark!AJ:AJ, (ROW()-2)*$B11+2):INDEX(benchmark!AJ:AJ, (ROW()-2)*$B11 + $B11+1)) - VALUE(INDEX(benchmark!AI:AI, (ROW()-2)*$B11+2):INDEX(benchmark!AI:AI, (ROW()-2)*$B11 + $B11+1)), 1) * 86400), "")} -> 0.017669811 | AM11: =IFERROR(_xlfn.STDEV.S(INDEX(benchmark!S:S, (ROW()-2)*$B11+2):INDEX(benchmark!S:S, (ROW()-2)*$B11 + $B11+1)), "")
A12: {=INDEX(benchmark!A:A, (ROW()-2)*$B12+2)} -> grasp-knitro | B12: =COUNTIF(benchmark!A:A, benchmark!A12) -> 10 | C12: {=INDEX(benchmark!C:C, (ROW()-2)*$B12+2)} -> Knitro | D12: {=INDEX(benchmark!D:D, (ROW()-2)*$B12+2)} -> 14.2.0 | E12: {=INDEX(benchmark!E:E, (ROW()-2)*$B12+2)} -> solved | F12: =IFERROR(_xlfn.STDEV.S(INDEX(benchmark!F:F, (ROW()-2)*averages!$B12+2):INDEX(benchmark!F:F, (ROW()-2)*averages!$B12+averages!$B12+1)), "") -> 0 | G12: =IFERROR(_xlfn.STDEV.S(INDEX(benchmark!G:G, (ROW()-2)*averages!$B12+2):INDEX(benchmark!G:G, (ROW()-2)*averages!$B12+averages!$B12+1)), "") -> 0 | H12: =IFERROR(_xlfn.STDEV.S(INDEX(benchmark!H:H, (ROW()-2)*averages!$B12+2):INDEX(benchmark!H:H, (ROW()-2)*averages!$B12+averages!$B12+1)), "") | I12: =IFERROR(_xlfn.STDEV.S(INDEX(benchmark!I:I, (ROW()-2)*averages!$B12+2):INDEX(benchmark!I:I, (ROW()-2)*averages!$B12+averages!$B12+1)), "") | J12: =IFERROR(_xlfn.STDEV.S(INDEX(benchmark!J:J, (ROW()-2)*averages!$B12+2):INDEX(benchmark!J:J, (ROW()-2)*averages!$B12+averages!$B12+1)), "") | K12: =IFERROR(_xlfn.STDEV.S(INDEX(benchmark!K:K, (ROW()-2)*averages!$B12+2):INDEX(benchmark!K:K, (ROW()-2)*averages!$B12+averages!$B12+1)), "") | L12: =IFERROR(_xlfn.STDEV.S(INDEX(benchmark!L:L, (ROW()-2)*averages!$B12+2):INDEX(benchmark!L:L, (ROW()-2)*averages!$B12+averages!$B12+1)), "") | M12: =IFERROR(_xlfn.STDEV.S(INDEX(benchmark!M:M, (ROW()-2)*averages!$B12+2):INDEX(benchmark!M:M, (ROW()-2)*averages!$B12+averages!$B12+1)), "") | N12: =IFERROR(_xlfn.STDEV.S(INDEX(benchmark!N:N, (ROW()-2)*averages!$B12+2):INDEX(benchmark!N:N, (ROW()-2)*averages!$B12+averages!$B12+1)), "") | O12: =IFERROR(_xlfn.STDEV.S(INDEX(benchmark!O:O, (ROW()-2)*averages!$B12+2):INDEX(benchmark!O:O, (ROW()-2)*averages!$B12+averages!$B12+1)), "") | P12: =IFERROR(_xlfn.STDEV.S(INDEX(benchmark!P:P, (ROW()-2)*averages!$B12+2):INDEX(benchmark!P:P, (ROW()-2)*averages!$B12+averages!$B12+1)), "") | Q12: =IFERROR(_xlfn.STDEV.S(INDEX(benchmark!Q:Q, (ROW()-2)*averages!$B12+2):INDEX(benchmark!Q:Q, (ROW()-2)*averages!$B12+averages!$B12+1)), "") | R12: =IFERROR(_xlfn.STDEV.S(INDEX(benchmark!R:R, (ROW()-2)*averages!$B12+2):INDEX(benchmark!R:R, (ROW()-2)*averages!$B12+averages!$B12+1)), "") | S12: =IFERROR(_xlfn.STDEV.S(INDEX(benchmark!S:S, (ROW()-2)*averages!$B12+2):INDEX(benchmark!S:S, (ROW()-2)*averages!$B12+averages!$B12+1)), "") | T12: =IFERROR(_xlfn.STDEV.S(INDEX(benchmark!T:T, (ROW()-2)*averages!$B12+2):INDEX(benchmark!T:T, (ROW()-2)*averages!$B12+averages!$B12+1)), "") | U12: =IFERROR(_xlfn.STDEV.S(INDEX(benchmark!U:U, (ROW()-2)*averages!$B12+2):INDEX(benchmark!U:U, (ROW()-2)*averages!$B12+averages!$B12+1)), "") | V12: =IFERROR(_xlfn.STDEV.S(INDEX(benchmark!V:V, (ROW()-2)*averages!$B12+2):INDEX(benchmark!V:V, (ROW()-2)*averages!$B12+averages!$B12+1)), "") | W12: =IFERROR(_xlfn.STDEV.S(INDEX(benchmark!W:W, (ROW()-2)*averages!$B12+2):INDEX(benchmark!W:W, (ROW()-2)*averages!$B12+averages!$B12+1)), "") -> 0.020038851 | X12: =IFERROR(_xlfn.STDEV.S(INDEX(benchmark!X:X, (ROW()-2)*averages!$B12+2):INDEX(benchmark!X:X, (ROW()-2)*averages!$B12+averages!$B12+1)), "") -> 0.019207384 | Y12: =IFERROR(_xlfn.STDEV.S(INDEX(benchmark!Y:Y, (ROW()-2)*averages!$B12+2):INDEX(benchmark!Y:Y, (ROW()-2)*averages!$B12+averages!$B12+1)), "") -> 0.026811537 | Z12: =IFERROR(_xlfn.STDEV.S(INDEX(benchmark!Z:Z, (ROW()-2)*averages!$B12+2):INDEX(benchmark!Z:Z, (ROW()-2)*averages!$B12+averages!$B12+1)), "") -> 0.019557274 | AA12: =IFERROR(_xlfn.STDEV.S(INDEX(benchmark!AA:AA, (ROW()-2)*averages!$B12+2):INDEX(benchmark!AA:AA, (ROW()-2)*averages!$B12+averages!$B12+1)), "") -> 0.032606918 | AB12: =IFERROR(_xlfn.STDEV.S(INDEX(benchmark!AB:AB, (ROW()-2)*averages!$B12+2):INDEX(benchmark!AB:AB, (ROW()-2)*averages!$B12+averages!$B12+1)), "") -> 0.066373051 | AC12: =IFERROR(_xlfn.STDEV.S(INDEX(benchmark!AC:AC, (ROW()-2)*averages!$B12+2):INDEX(benchmark!AC:AC, (ROW()-2)*averages!$B12+averages!$B12+1)), "") -> 0.12352647 | AD12: =IFERROR(_xlfn.STDEV.S(INDEX(benchmark!AD:AD, (ROW()-2)*averages!$B12+2):INDEX(benchmark!AD:AD, (ROW()-2)*averages!$B12+averages!$B12+1)), "") -> 0.18684056 | AE12: =IFERROR(_xlfn.STDEV.S(INDEX(benchmark!AE:AE, (ROW()-2)*averages!$B12+2):INDEX(benchmark!AE:AE, (ROW()-2)*averages!$B12+averages!$B12+1)), "") -> 0 | AF12: =IFERROR(_xlfn.STDEV.S(INDEX(benchmark!AF:AF, (ROW()-2)*averages!$B12+2):INDEX(benchmark!AF:AF, (ROW()-2)*averages!$B12+averages!$B12+1)), "") -> 0 | AG12: =IFERROR(_xlfn.STDEV.S(INDEX(benchmark!AG:AG, (ROW()-2)*averages!$B12+2):INDEX(benchmark!AG:AG, (ROW()-2)*averages!$B12+averages!$B12+1)), "") -> 0 | AH12: =IFERROR(_xlfn.STDEV.S(INDEX(benchmark!AH:AH, (ROW()-2)*averages!$B12+2):INDEX(benchmark!AH:AH, (ROW()-2)*averages!$B12+averages!$B12+1)), "") -> 0 | AI12: =IFERROR(_xlfn.STDEV.S(INDEX(benchmark!AI:AI, (ROW()-2)*averages!$B12+2):INDEX(benchmark!AI:AI, (ROW()-2)*averages!$B12+averages!$B12+1)), "") -> 1.9087423e-05 | AJ12: =IFERROR(_xlfn.STDEV.S(INDEX(benchmark!AJ:AJ, (ROW()-2)*averages!$B12+2):INDEX(benchmark!AJ:AJ, (ROW()-2)*averages!$B12+averages!$B12+1)), "") -> 1.9188839e-05 | AK12: {=IFERROR(_xlfn.STDEV.S(INDEX(benchmark!W:W, (ROW()-2)*$B12+2):INDEX(benchmark!W:W, (ROW()-2)*$B12 + $B12+1) + INDEX(benchmark!AA:AA, (ROW()-2)*$B12+2):INDEX(benchmark!AA:AA, (ROW()-2)*$B12 + $B12+1)), "")} -> 0.03696079 | AL12: {=IFERROR(_xlfn.STDEV.S(MOD(VALUE(INDEX(benchmark!AJ:AJ, (ROW()-2)*$B12+2):INDEX(benchmark!AJ:AJ, (ROW()-2)*$B12 + $B12+1)) - VALUE(INDEX(benchmark!AI:AI, (ROW()-2)*$B12+2):INDEX(benchmark!AI:AI, (ROW()-2)*$B12 + $B12+1)), 1) * 86400), "")} -> 0.041096093 | AM12: =IFERROR(_xlfn.STDEV.S(INDEX(benchmark!S:S, (ROW()-2)*$B12+2):INDEX(benchmark!S:S, (ROW()-2)*$B12 + $B12+1)), "")
A13: {=INDEX(benchmark!A:A, (ROW()-2)*$B13+2)} -> grasp-raposa | B13: =COUNTIF(benchmark!A:A, benchmark!A13) -> 10 | C13: {=INDEX(benchmark!C:C, (ROW()-2)*$B13+2)} -> RAPOSa | D13: {=INDEX(benchmark!D:D, (ROW()-2)*$B13+2)} -> v4.4.1 | E13: {=INDEX(benchmark!E:E, (ROW()-2)*$B13+2)} -> solved? | F13: =IFERROR(_xlfn.STDEV.S(INDEX(benchmark!F:F, (ROW()-2)*averages!$B13+2):INDEX(benchmark!F:F, (ROW()-2)*averages!$B13+averages!$B13+1)), "") -> 0 | G13: =IFERROR(_xlfn.STDEV.S(INDEX(benchmark!G:G, (ROW()-2)*averages!$B13+2):INDEX(benchmark!G:G, (ROW()-2)*averages!$B13+averages!$B13+1)), "") -> 0 | H13: =IFERROR(_xlfn.STDEV.S(INDEX(benchmark!H:H, (ROW()-2)*averages!$B13+2):INDEX(benchmark!H:H, (ROW()-2)*averages!$B13+averages!$B13+1)), "") | I13: =IFERROR(_xlfn.STDEV.S(INDEX(benchmark!I:I, (ROW()-2)*averages!$B13+2):INDEX(benchmark!I:I, (ROW()-2)*averages!$B13+averages!$B13+1)), "") | J13: =IFERROR(_xlfn.STDEV.S(INDEX(benchmark!J:J, (ROW()-2)*averages!$B13+2):INDEX(benchmark!J:J, (ROW()-2)*averages!$B13+averages!$B13+1)), "") | K13: =IFERROR(_xlfn.STDEV.S(INDEX(benchmark!K:K, (ROW()-2)*averages!$B13+2):INDEX(benchmark!K:K, (ROW()-2)*averages!$B13+averages!$B13+1)), "") | L13: =IFERROR(_xlfn.STDEV.S(INDEX(benchmark!L:L, (ROW()-2)*averages!$B13+2):INDEX(benchmark!L:L, (ROW()-2)*averages!$B13+averages!$B13+1)), "") | M13: =IFERROR(_xlfn.STDEV.S(INDEX(benchmark!M:M, (ROW()-2)*averages!$B13+2):INDEX(benchmark!M:M, (ROW()-2)*averages!$B13+averages!$B13+1)), "") | N13: =IFERROR(_xlfn.STDEV.S(INDEX(benchmark!N:N, (ROW()-2)*averages!$B13+2):INDEX(benchmark!N:N, (ROW()-2)*averages!$B13+averages!$B13+1)), "") | O13: =IFERROR(_xlfn.STDEV.S(INDEX(benchmark!O:O, (ROW()-2)*averages!$B13+2):INDEX(benchmark!O:O, (ROW()-2)*averages!$B13+averages!$B13+1)), "") | P13: =IFERROR(_xlfn.STDEV.S(INDEX(benchmark!P:P, (ROW()-2)*averages!$B13+2):INDEX(benchmark!P:P, (ROW()-2)*averages!$B13+averages!$B13+1)), "") | Q13: =IFERROR(_xlfn.STDEV.S(INDEX(benchmark!Q:Q, (ROW()-2)*averages!$B13+2):INDEX(benchmark!Q:Q, (ROW()-2)*averages!$B13+averages!$B13+1)), "") | R13: =IFERROR(_xlfn.STDEV.S(INDEX(benchmark!R:R, (ROW()-2)*averages!$B13+2):INDEX(benchmark!R:R, (ROW()-2)*averages!$B13+averages!$B13+1)), "") | S13: =IFERROR(_xlfn.STDEV.S(INDEX(benchmark!S:S, (ROW()-2)*averages!$B13+2):INDEX(benchmark!S:S, (ROW()-2)*averages!$B13+averages!$B13+1)), "") | T13: =IFERROR(_xlfn.STDEV.S(INDEX(benchmark!T:T, (ROW()-2)*averages!$B13+2):INDEX(benchmark!T:T, (ROW()-2)*averages!$B13+averages!$B13+1)), "") | U13: =IFERROR(_xlfn.STDEV.S(INDEX(benchmark!U:U, (ROW()-2)*averages!$B13+2):INDEX(benchmark!U:U, (ROW()-2)*averages!$B13+averages!$B13+1)), "") | V13: =IFERROR(_xlfn.STDEV.S(INDEX(benchmark!V:V, (ROW()-2)*averages!$B13+2):INDEX(benchmark!V:V, (ROW()-2)*averages!$B13+averages!$B13+1)), "") | W13: =IFERROR(_xlfn.STDEV.S(INDEX(benchmark!W:W, (ROW()-2)*averages!$B13+2):INDEX(benchmark!W:W, (ROW()-2)*averages!$B13+averages!$B13+1)), "") -> 0.024515075 | X13: =IFERROR(_xlfn.STDEV.S(INDEX(benchmark!X:X, (ROW()-2)*averages!$B13+2):INDEX(benchmark!X:X, (ROW()-2)*averages!$B13+averages!$B13+1)), "") -> 0.015537952 | Y13: =IFERROR(_xlfn.STDEV.S(INDEX(benchmark!Y:Y, (ROW()-2)*averages!$B13+2):INDEX(benchmark!Y:Y, (ROW()-2)*averages!$B13+averages!$B13+1)), "") -> 0.014358384 | Z13: =IFERROR(_xlfn.STDEV.S(INDEX(benchmark!Z:Z, (ROW()-2)*averages!$B13+2):INDEX(benchmark!Z:Z, (ROW()-2)*averages!$B13+averages!$B13+1)), "") -> 0.013681172 | AA13: =IFERROR(_xlfn.STDEV.S(INDEX(benchmark!AA:AA, (ROW()-2)*averages!$B13+2):INDEX(benchmark!AA:AA, (ROW()-2)*averages!$B13+averages!$B13+1)), "") -> 0.12220566 | AB13: =IFERROR(_xlfn.STDEV.S(INDEX(benchmark!AB:AB, (ROW()-2)*averages!$B13+2):INDEX(benchmark!AB:AB, (ROW()-2)*averages!$B13+averages!$B13+1)), "") -> 0.054650285 | AC13: =IFERROR(_xlfn.STDEV.S(INDEX(benchmark!AC:AC, (ROW()-2)*averages!$B13+2):INDEX(benchmark!AC:AC, (ROW()-2)*averages!$B13+averages!$B13+1)), "") -> 0.070821843 | AD13: =IFERROR(_xlfn.STDEV.S(INDEX(benchmark!AD:AD, (ROW()-2)*averages!$B13+2):INDEX(benchmark!AD:AD, (ROW()-2)*averages!$B13+averages!$B13+1)), "") -> 0.037413094 | AE13: =IFERROR(_xlfn.STDEV.S(INDEX(benchmark!AE:AE, (ROW()-2)*averages!$B13+2):INDEX(benchmark!AE:AE, (ROW()-2)*averages!$B13+averages!$B13+1)), "") -> 0 | AF13: =IFERROR(_xlfn.STDEV.S(INDEX(benchmark!AF:AF, (ROW()-2)*averages!$B13+2):INDEX(benchmark!AF:AF, (ROW()-2)*averages!$B13+averages!$B13+1)), "") -> 0 | AG13: =IFERROR(_xlfn.STDEV.S(INDEX(benchmark!AG:AG, (ROW()-2)*averages!$B13+2):INDEX(benchmark!AG:AG, (ROW()-2)*averages!$B13+averages!$B13+1)), "") -> 0 | AH13: =IFERROR(_xlfn.STDEV.S(INDEX(benchmark!AH:AH, (ROW()-2)*averages!$B13+2):INDEX(benchmark!AH:AH, (ROW()-2)*averages!$B13+averages!$B13+1)), "") -> 0 | AI13: =IFERROR(_xlfn.STDEV.S(INDEX(benchmark!AI:AI, (ROW()-2)*averages!$B13+2):INDEX(benchmark!AI:AI, (ROW()-2)*averages!$B13+averages!$B13+1)), "") -> 9.3702323e-05 | AJ13: =IFERROR(_xlfn.STDEV.S(INDEX(benchmark!AJ:AJ, (ROW()-2)*averages!$B13+2):INDEX(benchmark!AJ:AJ, (ROW()-2)*averages!$B13+averages!$B13+1)), "") -> 9.3378928e-05 | AK13: {=IFERROR(_xlfn.STDEV.S(INDEX(benchmark!W:W, (ROW()-2)*$B13+2):INDEX(benchmark!W:W, (ROW()-2)*$B13 + $B13+1) + INDEX(benchmark!AA:AA, (ROW()-2)*$B13+2):INDEX(benchmark!AA:AA, (ROW()-2)*$B13 + $B13+1)), "")} -> 0.11871764 | AL13: {=IFERROR(_xlfn.STDEV.S(MOD(VALUE(INDEX(benchmark!AJ:AJ, (ROW()-2)*$B13+2):INDEX(benchmark!AJ:AJ, (ROW()-2)*$B13 + $B13+1)) - VALUE(INDEX(benchmark!AI:AI, (ROW()-2)*$B13+2):INDEX(benchmark!AI:AI, (ROW()-2)*$B13 + $B13+1)), 1) * 86400), "")} -> 0.12886255 | AM13: =IFERROR(_xlfn.STDEV.S(INDEX(benchmark!S:S, (ROW()-2)*$B13+2):INDEX(benchmark!S:S, (ROW()-2)*$B13 + $B13+1)), "")
... A26: {=INDEX(benchmark!A:A, (ROW()-2)*$B26+2)} -> spot-rk1 | B26: =COUNTIF(benchmark!A:A, benchmark!A26) -> 10 | C26: {=INDEX(benchmark!C:C, (ROW()-2)*$B26+2)} -> Ipopt | D26: {=INDEX(benchmark!D:D, (ROW()-2)*$B26+2)} -> 3.12.13 | E26: {=INDEX(benchmark!E:E, (ROW()-2)*$B26+2)} -> solved | F26: =IFERROR(_xlfn.STDEV.S(INDEX(benchmark!F:F, (ROW()-2)*averages!$B26+2):INDEX(benchmark!F:F, (ROW()-2)*averages!$B26+averages!$B26+1)), "") -> 0 | G26: =IFERROR(_xlfn.STDEV.S(INDEX(benchmark!G:G, (ROW()-2)*averages!$B26+2):INDEX(benchmark!G:G, (ROW()-2)*averages!$B26+averages!$B26+1)), "") -> 0 | H26: =IFERROR(_xlfn.STDEV.S(INDEX(benchmark!H:H, (ROW()-2)*averages!$B26+2):INDEX(benchmark!H:H, (ROW()-2)*averages!$B26+averages!$B26+1)), "") -> 1.9173832e-12 | I26: =IFERROR(_xlfn.STDEV.S(INDEX(benchmark!I:I, (ROW()-2)*averages!$B26+2):INDEX(benchmark!I:I, (ROW()-2)*averages!$B26+averages!$B26+1)), "") -> 0 | J26: =IFERROR(_xlfn.STDEV.S(INDEX(benchmark!J:J, (ROW()-2)*averages!$B26+2):INDEX(benchmark!J:J, (ROW()-2)*averages!$B26+averages!$B26+1)), "") -> 0 | K26: =IFERROR(_xlfn.STDEV.S(INDEX(benchmark!K:K, (ROW()-2)*averages!$B26+2):INDEX(benchmark!K:K, (ROW()-2)*averages!$B26+averages!$B26+1)), "") -> 0 | L26: =IFERROR(_xlfn.STDEV.S(INDEX(benchmark!L:L, (ROW()-2)*averages!$B26+2):INDEX(benchmark!L:L, (ROW()-2)*averages!$B26+averages!$B26+1)), "") -> 0 | M26: =IFERROR(_xlfn.STDEV.S(INDEX(benchmark!M:M, (ROW()-2)*averages!$B26+2):INDEX(benchmark!M:M, (ROW()-2)*averages!$B26+averages!$B26+1)), "") -> 0 | N26: =IFERROR(_xlfn.STDEV.S(INDEX(benchmark!N:N, (ROW()-2)*averages!$B26+2):INDEX(benchmark!N:N, (ROW()-2)*averages!$B26+averages!$B26+1)), "") -> 0 | O26: =IFERROR(_xlfn.STDEV.S(INDEX(benchmark!O:O, (ROW()-2)*averages!$B26+2):INDEX(benchmark!O:O, (ROW()-2)*averages!$B26+averages!$B26+1)), "") -> 0 | P26: =IFERROR(_xlfn.STDEV.S(INDEX(benchmark!P:P, (ROW()-2)*averages!$B26+2):INDEX(benchmark!P:P, (ROW()-2)*averages!$B26+averages!$B26+1)), "") -> 0 | Q26: =IFERROR(_xlfn.STDEV.S(INDEX(benchmark!Q:Q, (ROW()-2)*averages!$B26+2):INDEX(benchmark!Q:Q, (ROW()-2)*averages!$B26+averages!$B26+1)), "") -> 0 | R26: =IFERROR(_xlfn.STDEV.S(INDEX(benchmark!R:R, (ROW()-2)*averages!$B26+2):INDEX(benchmark!R:R, (ROW()-2)*averages!$B26+averages!$B26+1)), "") -> 0.67596792 | S26: =IFERROR(_xlfn.STDEV.S(INDEX(benchmark!S:S, (ROW()-2)*averages!$B26+2):INDEX(benchmark!S:S, (ROW()-2)*averages!$B26+averages!$B26+1)), "") -> 3.8416228 | T26: =IFERROR(_xlfn.STDEV.S(INDEX(benchmark!T:T, (ROW()-2)*averages!$B26+2):INDEX(benchmark!T:T, (ROW()-2)*averages!$B26+averages!$B26+1)), "") -> 0 | U26: =IFERROR(_xlfn.STDEV.S(INDEX(benchmark!U:U, (ROW()-2)*averages!$B26+2):INDEX(benchmark!U:U, (ROW()-2)*averages!$B26+averages!$B26+1)), "") -> 0 | V26: =IFERROR(_xlfn.STDEV.S(INDEX(benchmark!V:V, (ROW()-2)*averages!$B26+2):INDEX(benchmark!V:V, (ROW()-2)*averages!$B26+averages!$B26+1)), "") -> 0 | W26: =IFERROR(_xlfn.STDEV.S(INDEX(benchmark!W:W, (ROW()-2)*averages!$B26+2):INDEX(benchmark!W:W, (ROW()-2)*averages!$B26+averages!$B26+1)), "") -> 0.27077469 | X26: =IFERROR(_xlfn.STDEV.S(INDEX(benchmark!X:X, (ROW()-2)*averages!$B26+2):INDEX(benchmark!X:X, (ROW()-2)*averages!$B26+averages!$B26+1)), "") -> 0.052730356 | Y26: =IFERROR(_xlfn.STDEV.S(INDEX(benchmark!Y:Y, (ROW()-2)*averages!$B26+2):INDEX(benchmark!Y:Y, (ROW()-2)*averages!$B26+averages!$B26+1)), "") -> 0.095768207 | Z26: =IFERROR(_xlfn.STDEV.S(INDEX(benchmark!Z:Z, (ROW()-2)*averages!$B26+2):INDEX(benchmark!Z:Z, (ROW()-2)*averages!$B26+averages!$B26+1)), "") -> 0.11310601 | AA26: =IFERROR(_xlfn.STDEV.S(INDEX(benchmark!AA:AA, (ROW()-2)*averages!$B26+2):INDEX(benchmark!AA:AA, (ROW()-2)*averages!$B26+averages!$B26+1)), "") -> 4.3532279 | AB26: =IFERROR(_xlfn.STDEV.S(INDEX(benchmark!AB:AB, (ROW()-2)*averages!$B26+2):INDEX(benchmark!AB:AB, (ROW()-2)*averages!$B26+averages!$B26+1)), "") -> 0.42694357 | AC26: =IFERROR(_xlfn.STDEV.S(INDEX(benchmark!AC:AC, (ROW()-2)*averages!$B26+2):INDEX(benchmark!AC:AC, (ROW()-2)*averages!$B26+averages!$B26+1)), "") -> 4.53938 | AD26: =IFERROR(_xlfn.STDEV.S(INDEX(benchmark!AD:AD, (ROW()-2)*averages!$B26+2):INDEX(benchmark!AD:AD, (ROW()-2)*averages!$B26+averages!$B26+1)), "") -> 4.4746771 | AE26: =IFERROR(_xlfn.STDEV.S(INDEX(benchmark!AE:AE, (ROW()-2)*averages!$B26+2):INDEX(benchmark!AE:AE, (ROW()-2)*averages!$B26+averages!$B26+1)), "") -> 0 | AF26: =IFERROR(_xlfn.STDEV.S(INDEX(benchmark!AF:AF, (ROW()-2)*averages!$B26+2):INDEX(benchmark!AF:AF, (ROW()-2)*averages!$B26+averages!$B26+1)), "") -> 0 | AG26: =IFERROR(_xlfn.STDEV.S(INDEX(benchmark!AG:AG, (ROW()-2)*averages!$B26+2):INDEX(benchmark!AG:AG, (ROW()-2)*averages!$B26+averages!$B26+1)), "") -> 0 | AH26: =IFERROR(_xlfn.STDEV.S(INDEX(benchmark!AH:AH, (ROW()-2)*averages!$B26+2):INDEX(benchmark!AH:AH, (ROW()-2)*averages!$B26+averages!$B26+1)), "") -> 0 | AI26: =IFERROR(_xlfn.STDEV.S(INDEX(benchmark!AI:AI, (ROW()-2)*averages!$B26+2):INDEX(benchmark!AI:AI, (ROW()-2)*averages!$B26+averages!$B26+1)), "") -> 0.0076000936 | AJ26: =IFERROR(_xlfn.STDEV.S(INDEX(benchmark!AJ:AJ, (ROW()-2)*averages!$B26+2):INDEX(benchmark!AJ:AJ, (ROW()-2)*averages!$B26+averages!$B26+1)), "") -> 0.007637988 | AK26: {=IFERROR(_xlfn.STDEV.S(INDEX(benchmark!W:W, (ROW()-2)*$B26+2):INDEX(benchmark!W:W, (ROW()-2)*$B26 + $B26+1) + INDEX(benchmark!AA:AA, (ROW()-2)*$B26+2):INDEX(benchmark!AA:AA, (ROW()-2)*$B26 + $B26+1)), "")} -> 4.3938344 | AL26: {=IFERROR(_xlfn.STDEV.S(MOD(VALUE(INDEX(benchmark!AJ:AJ, (ROW()-2)*$B26+2):INDEX(benchmark!AJ:AJ, (ROW()-2)*$B26 + $B26+1)) - VALUE(INDEX(benchmark!AI:AI, (ROW()-2)*$B26+2):INDEX(benchmark!AI:AI, (ROW()-2)*$B26 + $B26+1)), 1) * 86400), "")} -> 4.4048031 | AM26: =IFERROR(_xlfn.STDEV.S(INDEX(benchmark!S:S, (ROW()-2)*$B26+2):INDEX(benchmark!S:S, (ROW()-2)*$B26 + $B26+1)), "") -> 3.8416228
A27: {=INDEX(benchmark!A:A, (ROW()-2)*$B27+2)} -> spot-rk4 | B27: =COUNTIF(benchmark!A:A, benchmark!A261) -> 10 | C27: {=INDEX(benchmark!C:C, (ROW()-2)*$B27+2)} -> Ipopt | D27: {=INDEX(benchmark!D:D, (ROW()-2)*$B27+2)} -> 3.12.13 | E27: {=INDEX(benchmark!E:E, (ROW()-2)*$B27+2)} -> solved | F27: =IFERROR(_xlfn.STDEV.S(INDEX(benchmark!F:F, (ROW()-2)*averages!$B27+2):INDEX(benchmark!F:F, (ROW()-2)*averages!$B27+averages!$B27+1)), "") -> 0 | G27: =IFERROR(_xlfn.STDEV.S(INDEX(benchmark!G:G, (ROW()-2)*averages!$B27+2):INDEX(benchmark!G:G, (ROW()-2)*averages!$B27+averages!$B27+1)), "") -> 1.5339065e-11 | H27: =IFERROR(_xlfn.STDEV.S(INDEX(benchmark!H:H, (ROW()-2)*averages!$B27+2):INDEX(benchmark!H:H, (ROW()-2)*averages!$B27+averages!$B27+1)), "") -> 0 | I27: =IFERROR(_xlfn.STDEV.S(INDEX(benchmark!I:I, (ROW()-2)*averages!$B27+2):INDEX(benchmark!I:I, (ROW()-2)*averages!$B27+averages!$B27+1)), "") -> 0 | J27: =IFERROR(_xlfn.STDEV.S(INDEX(benchmark!J:J, (ROW()-2)*averages!$B27+2):INDEX(benchmark!J:J, (ROW()-2)*averages!$B27+averages!$B27+1)), "") -> 0 | K27: =IFERROR(_xlfn.STDEV.S(INDEX(benchmark!K:K, (ROW()-2)*averages!$B27+2):INDEX(benchmark!K:K, (ROW()-2)*averages!$B27+averages!$B27+1)), "") -> 0 | L27: =IFERROR(_xlfn.STDEV.S(INDEX(benchmark!L:L, (ROW()-2)*averages!$B27+2):INDEX(benchmark!L:L, (ROW()-2)*averages!$B27+averages!$B27+1)), "") -> 0 | M27: =IFERROR(_xlfn.STDEV.S(INDEX(benchmark!M:M, (ROW()-2)*averages!$B27+2):INDEX(benchmark!M:M, (ROW()-2)*averages!$B27+averages!$B27+1)), "") -> 0 | N27: =IFERROR(_xlfn.STDEV.S(INDEX(benchmark!N:N, (ROW()-2)*averages!$B27+2):INDEX(benchmark!N:N, (ROW()-2)*averages!$B27+averages!$B27+1)), "") -> 0 | O27: =IFERROR(_xlfn.STDEV.S(INDEX(benchmark!O:O, (ROW()-2)*averages!$B27+2):INDEX(benchmark!O:O, (ROW()-2)*averages!$B27+averages!$B27+1)), "") -> 0 | P27: =IFERROR(_xlfn.STDEV.S(INDEX(benchmark!P:P, (ROW()-2)*averages!$B27+2):INDEX(benchmark!P:P, (ROW()-2)*averages!$B27+averages!$B27+1)), "") -> 0 | Q27: =IFERROR(_xlfn.STDEV.S(INDEX(benchmark!Q:Q, (ROW()-2)*averages!$B27+2):INDEX(benchmark!Q:Q, (ROW()-2)*averages!$B27+averages!$B27+1)), "") -> 0 | R27: =IFERROR(_xlfn.STDEV.S(INDEX(benchmark!R:R, (ROW()-2)*averages!$B27+2):INDEX(benchmark!R:R, (ROW()-2)*averages!$B27+averages!$B27+1)), "") -> 0.46033823 | S27: =IFERROR(_xlfn.STDEV.S(INDEX(benchmark!S:S, (ROW()-2)*averages!$B27+2):INDEX(benchmark!S:S, (ROW()-2)*averages!$B27+averages!$B27+1)), "") -> 2.4609347 | T27: =IFERROR(_xlfn.STDEV.S(INDEX(benchmark!T:T, (ROW()-2)*averages!$B27+2):INDEX(benchmark!T:T, (ROW()-2)*averages!$B27+averages!$B27+1)), "") -> 0 | U27: =IFERROR(_xlfn.STDEV.S(INDEX(benchmark!U:U, (ROW()-2)*averages!$B27+2):INDEX(benchmark!U:U, (ROW()-2)*averages!$B27+averages!$B27+1)), "") -> 0 | V27: =IFERROR(_xlfn.STDEV.S(INDEX(benchmark!V:V, (ROW()-2)*averages!$B27+2):INDEX(benchmark!V:V, (ROW()-2)*averages!$B27+averages!$B27+1)), "") -> 0 | W27: =IFERROR(_xlfn.STDEV.S(INDEX(benchmark!W:W, (ROW()-2)*averages!$B27+2):INDEX(benchmark!W:W, (ROW()-2)*averages!$B27+averages!$B27+1)), "") -> 0.89577227 | X27: =IFERROR(_xlfn.STDEV.S(INDEX(benchmark!X:X, (ROW()-2)*averages!$B27+2):INDEX(benchmark!X:X, (ROW()-2)*averages!$B27+averages!$B27+1)), "") -> 0.13032287 | Y27: =IFERROR(_xlfn.STDEV.S(INDEX(benchmark!Y:Y, (ROW()-2)*averages!$B27+2):INDEX(benchmark!Y:Y, (ROW()-2)*averages!$B27+averages!$B27+1)), "") -> 0.45110301 | Z27: =IFERROR(_xlfn.STDEV.S(INDEX(benchmark!Z:Z, (ROW()-2)*averages!$B27+2):INDEX(benchmark!Z:Z, (ROW()-2)*averages!$B27+averages!$B27+1)), "") -> 0.47998402 | AA27: =IFERROR(_xlfn.STDEV.S(INDEX(benchmark!AA:AA, (ROW()-2)*averages!$B27+2):INDEX(benchmark!AA:AA, (ROW()-2)*averages!$B27+averages!$B27+1)), "") -> 2.8722483 | AB27: =IFERROR(_xlfn.STDEV.S(INDEX(benchmark!AB:AB, (ROW()-2)*averages!$B27+2):INDEX(benchmark!AB:AB, (ROW()-2)*averages!$B27+averages!$B27+1)), "") -> 0.27071311 | AC27: =IFERROR(_xlfn.STDEV.S(INDEX(benchmark!AC:AC, (ROW()-2)*averages!$B27+2):INDEX(benchmark!AC:AC, (ROW()-2)*averages!$B27+averages!$B27+1)), "") -> 2.9862223 | AD27: =IFERROR(_xlfn.STDEV.S(INDEX(benchmark!AD:AD, (ROW()-2)*averages!$B27+2):INDEX(benchmark!AD:AD, (ROW()-2)*averages!$B27+averages!$B27+1)), "") -> 2.8906034 | AE27: =IFERROR(_xlfn.STDEV.S(INDEX(benchmark!AE:AE, (ROW()-2)*averages!$B27+2):INDEX(benchmark!AE:AE, (ROW()-2)*averages!$B27+averages!$B27+1)), "") -> 0 | AF27: =IFERROR(_xlfn.STDEV.S(INDEX(benchmark!AF:AF, (ROW()-2)*averages!$B27+2):INDEX(benchmark!AF:AF, (ROW()-2)*averages!$B27+averages!$B27+1)), "") -> 0 | AG27: =IFERROR(_xlfn.STDEV.S(INDEX(benchmark!AG:AG, (ROW()-2)*averages!$B27+2):INDEX(benchmark!AG:AG, (ROW()-2)*averages!$B27+averages!$B27+1)), "") -> 0 | AH27: =IFERROR(_xlfn.STDEV.S(INDEX(benchmark!AH:AH, (ROW()-2)*averages!$B27+2):INDEX(benchmark!AH:AH, (ROW()-2)*averages!$B27+averages!$B27+1)), "") -> 0 | AI27: =IFERROR(_xlfn.STDEV.S(INDEX(benchmark!AI:AI, (ROW()-2)*averages!$B27+2):INDEX(benchmark!AI:AI, (ROW()-2)*averages!$B27+averages!$B27+1)), "") -> 0.0056213793 | AJ27: =IFERROR(_xlfn.STDEV.S(INDEX(benchmark!AJ:AJ, (ROW()-2)*averages!$B27+2):INDEX(benchmark!AJ:AJ, (ROW()-2)*averages!$B27+averages!$B27+1)), "") -> 0.0055988258 | AK27: {=IFERROR(_xlfn.STDEV.S(INDEX(benchmark!W:W, (ROW()-2)*$B27+2):INDEX(benchmark!W:W, (ROW()-2)*$B27 + $B27+1) + INDEX(benchmark!AA:AA, (ROW()-2)*$B27+2):INDEX(benchmark!AA:AA, (ROW()-2)*$B27 + $B27+1)), "")} -> 2.9478735 | AL27: {=IFERROR(_xlfn.STDEV.S(MOD(VALUE(INDEX(benchmark!AJ:AJ, (ROW()-2)*$B27+2):INDEX(benchmark!AJ:AJ, (ROW()-2)*$B27 + $B27+1)) - VALUE(INDEX(benchmark!AI:AI, (ROW()-2)*$B27+2):INDEX(benchmark!AI:AI, (ROW()-2)*$B27 + $B27+1)), 1) * 86400), "")} -> 2.9700513 | AM27: =IFERROR(_xlfn.STDEV.S(INDEX(benchmark!S:S, (ROW()-2)*$B27+2):INDEX(benchmark!S:S, (ROW()-2)*$B27 + $B27+1)), "") -> 2.4609347

Sheet table_ot
A1: Demo | B1: Library | C1: Solver | D1: RK Method | E1: Objective | F1: Wall Time (s) | G1: Wall Time Min | H1: Wall Time Max | I1: Wall Time Std. Dev | J1: Iterates | K1: # Vars. | L1: # Eq. Cons. | M1: # of Ineq. Constr. | N1: Order | O1: Row
A2: Acrobot | B2: Amplify | C2: =averages!C2 & " " & averages!D2 -> Ipopt 3.12.13 | D2: TRAP | E2: {=INDEX(averages!G:G, $O2)} -> 69.877642 | F2: {=INDEX(averages!AK:AK, $O2)} -> 0.2328 | G2: {=INDEX(averages!AL:AL, $O2)} -> 0.203 | H2: {=INDEX(averages!AM:AM, $O2)} -> 0.297 | I2: {=INDEX('std. dev'!AK:AK, $O2)} -> 0.029977028 | J2: {=INDEX(averages!I:I, $O2)} -> 14 | K2: {=INDEX(averages!T:T, $O2)} -> 132 | L2: {=INDEX(averages!U:U, $O2)} -> 116 | M2: {=INDEX(averages!V:V, $O2)} -> 18 | N2: 1.2 | O2: 2
A3: Cart-Pole (force) | B3: Amplify | C3: =averages!C4 & " " & averages!D4 -> Ipopt 3.12.13 | D3: TRAP | E3: {=INDEX(averages!G:G, $O3)} -> 229.29128 | F3: {=INDEX(averages!AK:AK, $O3)} -> 0.2283 | G3: {=INDEX(averages!AL:AL, $O3)} -> 0.203 | H3: {=INDEX(averages!AM:AM, $O3)} -> 0.266 | I3: {=INDEX('std. dev'!AK:AK, $O3)} -> 0.018481522 | J3: {=INDEX(averages!I:I, $O3)} -> 12 | K3: {=INDEX(averages!T:T, $O3)} -> 202 | L3: {=INDEX(averages!U:U, $O3)} -> 176 | M3: {=INDEX(averages!V:V, $O3)} -> 0 | N3: 2.2 | O3: 4
A4: Cart-Pole (time) | B4: Amplify | C4: =averages!C3 & " " & averages!D3 -> Ipopt 3.12.13 | D4: TRAP | E4: {=INDEX(averages!G:G, $O4)} -> 1.1459373 | F4: {=INDEX(averages!AK:AK, $O4)} -> 0.2187 | G4: {=INDEX(averages!AL:AL, $O4)} -> 0.203 | H4: {=INDEX(averages!AM:AM, $O4)} -> 0.25 | I4: {=INDEX('std. dev'!AK:AK, $O4)} -> 0.018000309 | J4: {=INDEX(averages!I:I, $O4)} -> 30 | K4: {=INDEX(averages!T:T, $O4)} -> 80 | L4: {=INDEX(averages!U:U, $O4)} -> 74 | M4: {=INDEX(averages!V:V, $O4)} -> 0 | N4: 3.2 | O4: 3
A5: Moving Block | B5: Amplify | C5: =averages!C24 & " " & averages!D24 -> Ipopt 3.12.13 | D5: TRAP | E5: {=INDEX(averages!G:G, $O5)} -> 12.055858 | F5: {=INDEX(averages!AK:AK, $O5)} -> 0.1781 | G5: {=INDEX(averages!AL:AL, $O5)} -> 0.156 | H5: {=INDEX(averages!AM:AM, $O5)} -> 0.203 | I5: {=INDEX('std. dev'!AK:AK, $O5)} -> 0.015029231 | J5: {=INDEX(averages!I:I, $O5)} -> 7 | K5: {=INDEX(averages!T:T, $O5)} -> 116 | L5: {=INDEX(averages!U:U, $O5)} -> 88 | M5: {=INDEX(averages!V:V, $O5)} -> 0 | N5: 4.2 | O5: 24
A6: Five-Link Biped (5 DOF) | B6: Amplify | C6: =averages!C5 & " " & averages!D5 -> Ipopt 3.12.13 | D6: HS | E6: {=INDEX(averages!G:G, $O6)} -> 260.43009 | F6: {=INDEX(averages!AK:AK, $O6)} -> 0.5046 | G6: {=INDEX(averages!AL:AL, $O6)} -> 0.453 | H6: {=INDEX(averages!AM:AM, $O6)} -> 0.718 | I6: {=INDEX('std. dev'!AK:AK, $O6)} -> 0.079728985 | J6: {=INDEX(averages!I:I, $O6)} -> 11 | K6: {=INDEX(averages!T:T, $O6)} -> 266 | L6: {=INDEX(averages!U:U, $O6)} -> 212 | M6: {=INDEX(averages!V:V, $O6)} -> 2 | N6: 5.2 | O6: 5
A7: Five-Link Biped (7 DOF) | B7: Amplify | C7: =averages!C6 & " " & averages!D6 -> Ipopt 3.12.13 | D7: HS | E7: {=INDEX(averages!G:G, $O7)} -> 443.14228 | F7: {=INDEX(averages!AK:AK, $O7)} -> 0.525 | G7: {=INDEX(averages!AL:AL, $O7)} -> 0.485 | H7: {=INDEX(averages!AM:AM, $O7)} -> 0.578 | I7: {=INDEX('std. dev'!AK:AK, $O7)} -> 0.027648588 | J7: {=INDEX(averages!I:I, $O7)} -> 13 | K7: {=INDEX(averages!T:T, $O7)} -> 326 | L7: {=INDEX(averages!U:U, $O7)} -> 300 | M7: {=INDEX(averages!V:V, $O7)} -> 2 | N7: 6.2 | O7: 6

Sheet table_tc
A1: Demo | B1: Library | C1: Solver | D1: ODE | E1: Objective | F1: Wall Time | G1: Wall Time Min | H1: Wall Time Max | I1: Wall Time Std. Dev | J1: Eval. Time | K1: Eval. Time Min | L1: Eval. Time Max | M1: Eval. Time Std. Dev. | N1: Iterations | O1: Variables | P1: Eq. Constr. | Q1: Ineq. Constr. | R1: Note | S1: Order
A2: Five-Link Biped (7 DOF) | B2: Amplify | C2: =averages!C7 & " " & averages!D7 -> Ipopt 3.12.13 | D2: HS | E2: =averages!G7 -> 5.7300002 | F2: =averages!AK7 -> 31.9544 | G2: =averages!AL7 -> 30.765 | H2: =averages!AM7 -> 33.093 | I2: ='std. dev'!AK7 -> 0.63404665 | J2: =averages!AQ7 -> 11.9045 | K2: =averages!AR7 -> 11.284 | L2: =averages!AS7 -> 12.42 | M2: ='std. dev'!AM7 -> 0.29286335 | N2: =averages!I7 -> 206 | O2: =averages!T7 -> 2345 | P2: =averages!U7 -> 2331 | Q2: =averages!V7 -> 206 | R2: Ipopt defaults with equality constraints | S2: 1.2

Sheet table_hn
A1: Demo | B1: Library | C1: Solver | D1: RK Method | E1: Converged? | F1: Objective | G1: Wall Time | H1: Wall Time Min | I1: Wall Time Max | J1: Wall Time Std. Dev | K1: Eval. Time | L1: Eval. Time Min | M1: Eval. Time Max | N1: Eval. Time Std. Dev. | O1: Iterations | P1: Variables | Q1: Eq. Constr. | R1: Ineq. Constr. | S1: Order
A2: spot | B2: Amplify | C2: =averages!C25 & " " & averages!D25 -> Ipopt 3.12.13 | D2: COL3 | E2: Yes | F2: =averages!H25 -> 13250.853 | G2: =averages!AK25 -> 199.739 | H2: =averages!AL25 -> 196.484 | I2: =averages!AM25 -> 203.563 | J2: ='std. dev'!AK25 -> 2.1081676 | K2: =averages!AQ25 -> 152.0159 | L2: =averages!AR25 -> 150.34 | M2: =averages!AS25 -> 154.443 | N2: ='std. dev'!AM25 -> 1.1963879 | O2: =averages!I25 -> 172 | P2: =averages!T25 -> 14854 | Q2: =averages!U25 -> 14228 | R2: =averages!V25 -> 480 | S2: 1.2
A3: spot | B3: Amplify | C3: =averages!C26 & " " & averages!D26 -> Ipopt 3.12.13 | D3: RK1 | E3: Yes | F3: =averages!H26 -> 13087.319 | G3: =averages!AK26 -> 217.5641 | H3: =averages!AL26 -> 212.469 | I3: =averages!AM26 -> 226.953 | J3: ='std. dev'!AK26 -> 4.3938344 | K3: =averages!AQ26 -> 168.9746 | L3: =averages!AR26 -> 165.077 | M3: =averages!AS26 -> 177.812 | N3: ='std. dev'!AM26 -> 3.8416228 | O3: =averages!I26 -> 201 | P3: =averages!T26 -> 3706 | Q3: =averages!U26 -> 3080 | R3: =averages!V26 -> 480 | S3: 2.2
A4: spot | B4: Amplify | C4: =averages!C27 & " " & averages!D27 -> Ipopt 3.12.13 | D4: RK4 | E4: Yes | F4: =averages!H27 -> 13343.081 | G4: =averages!AK27 -> 159.8299 | H4: =averages!AL27 -> 157.344 | I4: =averages!AM27 -> 167.344 | J4: ='std. dev'!AK27 -> 2.9478735 | K4: =averages!AQ27 -> 119.6144 | L4: =averages!AR27 -> 115.982 | M4: =averages!AS27 -> 124.925 | N4: ='std. dev'!AM27 -> 2.4609347 | O4: =averages!I27 -> 136 | P4: =averages!T27 -> 14836 | Q4: =averages!U27 -> 14210 | R4: =averages!V27 -> 480 | S4: 3.2

Sheet table_pre
A1: Demo | B1: ODE | C1: Initial Variables | D1: Presolve Variables | E1: Variables Relative Reduction | F1: Initial Constraints | G1: Presolve Constraints | H1: Constraints Relative Reduction | I1: Local/NEOS Wall Time | J1: NEOS Round Trip | K1: AMPL Time | L1: Solve Time | M1: Time Ratio
A2: acrobot | B2: TRAP | C2: =averages!AE2 -> 8779 | D2: =averages!AF2 -> 132 | E2: =IFERROR((C2 - D2) / C2, "") -> 0.98496412 | F2: =averages!AG2 -> 8824 | G2: =averages!AH2 -> 134 | H2: =IFERROR((F2 - G2) / F2, "") -> 0.98481414 | I2: =averages!AK2 -> 0.2328 | K2: =averages!Z2 -> 0.0453125 | L2: =averages!AD2 -> 0.0203125 | M2: =IFERROR(K2/L2, "") -> 2.2307692
A3: cart-pendulum-time | B3: TRAP | C3: =averages!AE3 -> 4388 | D3: =averages!AF3 -> 80 | E3: =IFERROR((C3 - D3) / C3, "") -> 0.98176846 | F3: =averages!AG3 -> 4413 | G3: =averages!AH3 -> 74 | H3: =IFERROR((F3 - G3) / F3, "") -> 0.98323136 | I3: =averages!AK3 -> 0.2187 | K3: =averages!Z3 -> 0.0265625 | L3: =averages!AD3 -> 0.0265625 | M3: =IFERROR(K3/L3, "") -> 1
