Workbook

Sheet neos_benchmark
A1: model | B1: run | C1: solver | D1: version | E1: exit_status | F1: exit_code | G1: obj1 | H1: obj2 | I1: iterations | J1: obj_eval | K1: grad_eval | L1: eq_eval | M1: ineq_eval | N1: eq_jac | O1: ineq_jac | P1: hess_eval | Q1: constraint_violation_unscaled | R1: cpu_ipopt | S1: cpu_nlp | T1: total_vars | U1: total_eq | V1: total_ineq | W1: ampl_elapsed_time | X1: ampl_system_time | Y1: ampl_user_time | Z1: ampl_time | AA1: solve_elapsed_time | AB1: solve_system_time | AC1: solve_user_time | AD1: solve_time | AE1: nvars | AF1: snvars | AG1: ncons | AH1: sncons | AI1: tic | AJ1: toc
A2: acrobot | B2: 1 | C2: Ipopt | D2: 3.14.12 | E2: solved | F2: 0 | G2: 69.877642 | I2: 14 | J2: 26 | K2: 15 | L2: 26 | M2: 26 | N2: 15 | O2: 15 | P2: 14 | Q2: 1.4210855e-14 | R2: 0.018 | S2: 0.006 | T2: 132 | U2: 116 | V2: 18 | W2: 0.038211 | X2: 0.01416 | Y2: 0.027291 | Z2: 0.041451 | AA2: 0.031125 | AB2: 0.002807 | AC2: 0.027783 | AD2: 0.03059 | AE2: 8779 | AF2: 132 | AG2: 8824 | AH2: 134 | AI2: 32920 | AJ2: 44187
A3: acrobot | B3: 2 | C3: Ipopt | D3: 3.14.12 | E3: solved | F3: 0 | G3: 69.877642 | I3: 14 | J3: 26 | K3: 15 | L3: 26 | M3: 26 | N3: 15 | O3: 15 | P3: 14 | Q3: 1.4210855e-14 | R3: 0.017 | S3: 0.004 | T3: 132 | U3: 116 | V3: 18 | W3: 0.037901 | X3: 0.014852 | Y3: 0.026756 | Z3: 0.041608 | AA3: 0.029714 | AB3: 0.004004 | AC3: 0.024964 | AD3: 0.028968 | AE3: 8779 | AF3: 132 | AG3: 8824 | AH3: 134 | AI3: 41485 | AJ3: 61666
A4: acrobot | B4: 3 | C4: Ipopt | D4: 3.14.12 | E4: solved | F4: 0 | G4: 69.877642 | I4: 14 | J4: 26 | K4: 15 | L4: 26 | M4: 26 | N4: 15 | O4: 15 | P4: 14 | Q4: 1.4210855e-14 | R4: 0.032 | S4: 0.009 | T4: 132 | U4: 116 | V4: 18 | W4: 0.053498 | X4: 0.015087 | Y4: 0.043291 | Z4: 0.058378 | AA4: 0.051543 | AB4: 0.004097 | AC4: 0.046618 | AD4: 0.050715 | AE4: 8779 | AF4: 132 | AG4: 8824 | AH4: 134 | AI4: 81147 | AJ4: 85112
A5: acrobot | B5: 4 | C5: Ipopt | D5: 3.14.12 | E5: solved | F5: 0 | G5: 69.877642 | I5: 14 | J5: 26 | K5: 15 | L5: 26 | M5: 26 | N5: 15 | O5: 15 | P5: 14 | Q5: 1.4210855e-14 | R5: 0.032 | S5: 0.009 | T5: 132 | U5: 116 | V5: 18 | W5: 0.056793 | X5: 0.01204 | Y5: 0.049242 | Z5: 0.061282 | AA5: 0.052472 | AB5: 0.009855 | AC5: 0.04137 | AD5: 0.051225 | AE5: 8779 | AF5: 132 | AG5: 8824 | AH5: 134 | AI5: 98738 | AJ5: 352965
A6: acrobot | B6: 5 | C6: Ipopt | D6: 3.14.12 | E6: solved | F6: 0 | G6: 69.877642 | I6: 14 | J6: 26 | K6: 15 | L6: 26 | M6: 26 | N6: 15 | O6: 15 | P6: 14 | Q6: 1.4210855e-14 | R6: 0.018 | S6: 0.005 | T6: 132 | U6: 116 | V6: 18 | W6: 0.039805 | X6: 0.014773 | Y6: 0.028559 | Z6: 0.043332 | AA6: 0.030536 | AB6: 0.004101 | AC6: 0.025622 | AD6: 0.029723 | AE6: 8779 | AF6: 132 | AG6: 8824 | AH6: 134 | AI6: 102311 | AJ6: 354627
A7: acrobot | B7: 6 | C7: Ipopt | D7: 3.14.12 | E7: solved | F7: 0 | G7: 69.877642 | I7: 14 | J7: 26 | K7: 15 | L7: 26 | M7: 26 | N7: 15 | O7: 15 | P7: 14 | Q7: 1.4210855e-14 | R7: 0.018 | S7: 0.005 | T7: 132 | U7: 116 | V7: 18 | W7: 0.04189 | X7: 0.01299 | Y7: 0.032975 | Z7: 0.045965 | AA7: 0.031031 | AB7: 0.006076 | AC7: 0.02414 | AD7: 0.030216 | AE7: 8779 | AF7: 132 | AG7: 8824 | AH7: 134 | AI7: 641339 | AJ7: 655878
A8: acrobot | B8: 7 | C8: Ipopt | D8: 3.14.12 | E8: solved | F8: 0 | G8: 69.877642 | I8: 14 | J8: 26 | K8: 15 | L8: 26 | M8: 26 | N8: 15 | O8: 15 | P8: 14 | Q8: 1.4210855e-14 | R8: 0.019 | S8: 0.007 | T8: 132 | U8: 116 | V8: 18 | W8: 0.040088 | X8: 0.015018 | Y8: 0.029009 | Z8: 0.044027 | AA8: 0.034499 | AB8: 0.007947 | AC8: 0.025802 | AD8: 0.033749 | AE8: 8779 | AF8: 132 | AG8: 8824 | AH8: 134 | AI8: 642853 | AJ8: 655941
A9: acrobot | B9: 8 | C9: Ipopt | D9: 3.14.12 | E9: solved | F9: 0 | G9: 69.877642 | I9: 14 | J9: 26 | K9: 15 | L9: 26 | M9: 26 | N9: 15 | O9: 15 | P9: 14 | Q9: 1.4210855e-14 | R9: 0.021 | S9: 0.007 | T9: 132 | U9: 116 | V9: 18 | W9: 0.042942 | X9: 0.012916 | Y9: 0.033779 | Z9: 0.046695 | AA9: 0.035668 | AB9: 0.005265 | AC9: 0.029795 | AD9: 0.03506 | AE9: 8779 | AF9: 132 | AG9: 8824 | AH9: 134 | AI9: 919653 | AJ9: 924481
A10: acrobot | B10: 9 | C10: Ipopt | D10: 3.14.12 | E10: solved | F10: 0 | G10: 69.877642 | I10: 14 | J10: 26 | K10: 15 | L10: 26 | M10: 26 | N10: 15 | O10: 15 | P10: 14 | Q10: 1.4210855e-14 | R10: 0.016 | S10: 0.004 | T10: 132 | U10: 116 | V10: 18 | W10: 0.03306 | X10: 0.015026 | Y10: 0.021013 | Z10: 0.036039 | AA10: 0.027373 | AB10: 0.004293 | AC10: 0.022561 | AD10: 0.026854 | AE10: 8779 | AF10: 132 | AG10: 8824 | AH10: 134 | AI10: 920163 | AJ10: 930915
A11: acrobot | B11: 10 | C11: Ipopt | D11: 3.14.12 | E11: solved | F11: 0 | G11: 69.877642 | I11: 14 | J11: 26 | K11: 15 | L11: 26 | M11: 26 | N11: 15 | O11: 15 | P11: 14 | Q11: 1.4210855e-14 | R11: 0.018 | S11: 0.005 | T11: 132 | U11: 116 | V11: 18 | W11: 0.041002 | X11: 0.012942 | Y11: 0.031884 | Z11: 0.044826 | AA11: 0.031231 | AB11: 0.003037 | AC11: 0.027618 | AD11: 0.030655 | AE11: 8779 | AF11: 132 | AG11: 8824 | AH11: 134 | AI11: 1278576 | AJ11: 1309409
A12: cart-pendulum-time | B12: 1 | C12: Ipopt | D12: 3.14.12 | E12: solved | F12: 0 | G12: 1.1459373 | I12: 43 | J12: 59 | K12: 44 | L12: 59 | M12: 0 | N12: 44 | O12: 0 | P12: 43 | Q12: 5.8264504e-12 | R12: 0.042 | S12: 0.003 | T12: 80 | U12: 74 | V12: 0 | W12: 0.019386 | X12: 0.004097 | Y12: 0.01845 | Z12: 0.022547 | AA12: 0.050745 | AB12: 0.00573 | AC12: 0.044317 | AD12: 0.050047 | AE12: 4388 | AF12: 80 | AG12: 4413 | AH12: 74 | AI12: 32921 | AJ12: 41066
A13: cart-pendulum-time | B13: 2 | C13: Ipopt | D13: 3.14.12 | E13: solved | F13: 0 | G13: 1.1459373 | I13: 43 | J13: 59 | K13: 44 | L13: 59 | M13: 0 | N13: 44 | O13: 0 | P13: 43 | Q13: 5.8264504e-12 | R13: 0.052 | S13: 0.004 | T13: 80 | U13: 74 | V13: 0 | W13: 0.02113 | X13: 0.005844 | Y13: 0.019105 | Z13: 0.024949 | AA13: 0.063163 | AB13: 0.011086 | AC13: 0.051406 | AD13: 0.062492 | AE13: 4388 | AF13: 80 | AG13: 4413 | AH13: 74 | AI13: 44495 | AJ13: 61605
... A61: five-link-tropic | B61: 10 | C61: Ipopt | D61: 3.14.12 | E61: solved | F61: 0 | G61: 5.7300002 | I61: 161 | J61: 186 | K61: 162 | L61: 186 | M61: 186 | N61: 164 | O61: 164 | P61: 161 | Q61: 4.8149573e-10 | R61: 13.235 | S61: 19.77 | T61: 2345 | U61: 2331 | V61: 206 | W61: 2.824127 | X61: 0.358226 | Y61: 2.474052 | Z61: 2.832278 | AA61: 33.345775 | AB61: 0.093748 | AC61: 33.162352 | AD61: 33.2561 | AE61: 371155 | AF61: 2345 | AG61: 372492 | AH61: 2537 | AI61: 1221459 | AJ61: 1311980
A62: grasp-cbc | B62: 1 | C62: CBC | D62: 2.10.10 | AI62: 32921 | AJ62: 45819
A63: grasp-cbc | B63: 2 | C63: CBC | D63: 2.10.10 | AI63: 448261 | AJ63: 474579
A64: grasp-cbc | B64: 3 | C64: CBC | D64: 2.10.10 | AI64: 474988 | AJ64: 514456
A65: grasp-cbc | B65: 4 | C65: CBC | D65: 2.10.10 | AI65: 792636 | AJ65: 837576
A66: grasp-cbc | B66: 5 | C66: CBC | D66: 2.10.10 | AI66: 838577 | AJ66: 895438
A67: grasp-cbc | B67: 6 | C67: CBC | D67: 2.10.10 | AI67: 855390 | AJ67: 906382
A68: grasp-cbc | B68: 7 | C68: CBC | D68: 2.10.10 | AI68: 1244212 | AJ68: 1275671
A69: grasp-cbc | B69: 8 | C69: CBC | D69: 2.10.10 | AI69: 1244715 | AJ69: 1276043
A70: grasp-cbc | B70: 9 | C70: CBC | D70: 2.10.10 | AI70: 1338177 | AJ70: 1411599
A71: grasp-cbc | B71: 10 | C71: CBC | D71: 2.10.10 | AI71: 1372854 | AJ71: 1411657
A72: grasp-conopt | B72: 1 | C72: CONOPT | D72: 4.38.1 | E72: solved? | F72: 100 | G72: 6 | W72: 0.124119 | X72: 0.023983 | Y72: 0.102934 | Z72: 0.126917 | AA72: 0.005573 | AB72: 0.002014 | AC72: 0.003024 | AD72: 0.005038 | AE72: 29729 | AF72: 73 | AG72: 29766 | AH72: 80 | AI72: 32921 | AJ72: 44187
A73: grasp-conopt | B73: 2 | C73: CONOPT | D73: 4.38.1 | E73: solved? | F73: 100 | G73: 6 | W73: 0.14917 | X73: 0.027839 | Y73: 0.125239 | Z73: 0.153078 | AA73: 0.006883 | AB73: 0.001999 | AC73: 0.004003 | AD73: 0.006002 | AE73: 29729 | AF73: 73 | AG73: 29766 | AH73: 80 | AI73: 452307 | AJ73: 474630
A74: grasp-conopt | B74: 3 | C74: CONOPT | D74: 4.38.1 | E74: solved? | F74: 100 | G74: 6 | W74: 0.152169 | X74: 0.015925 | Y74: 0.140364 | Z74: 0.156289 | AA74: 0.007 | AB74: 0.003033 | AC74: 0.003035 | AD74: 0.006068 | AE74: 29729 | AF74: 73 | AG74: 29766 | AH74: 80 | AI74: 500284 | AJ74: 534640
A75: grasp-conopt | B75: 4 | C75: CONOPT | D75: 4.38.1 | E75: solved? | F75: 100 | G75: 6 | W75: 0.11801 | X75: 0.018029 | Y75: 0.103149 | Z75: 0.121178 | AA75: 0.006465 | AB75: 0.003607 | AC75: 0.001802 | AD75: 0.005409 | AE75: 29729 | AF75: 73 | AG75: 29766 | AH75: 80 | AI75: 504832 | AJ75: 540381
A76: grasp-conopt | B76: 5 | C76: CONOPT | D76: 4.38.1 | E76: solved? | F76: 100 | G76: 6 | W76: 0.145595 | X76: 0.032802 | Y76: 0.11652 | Z76: 0.149322 | AA76: 0.00779 | AB76: 0.002188 | AC76: 0.004381 | AD76: 0.006569 | AE76: 29729 | AF76: 73 | AG76: 29766 | AH76: 80 | AI76: 540646 | AJ76: 548123
A77: grasp-conopt | B77: 6 | C77: CONOPT | D77: 4.38.1 | E77: solved? | F77: 100 | G77: 6 | W77: 0.144662 | X77: 0.02391 | Y77: 0.124558 | Z77: 0.148468 | AA77: 0.007798 | AB77: 0.002217 | AC77: 0.004447 | AD77: 0.006664 | AE77: 29729 | AF77: 73 | AG77: 29766 | AH77: 80 | AI77: 544180 | AJ77: 552463
A78: grasp-conopt | B78: 7 | C78: CONOPT | D78: 4.38.1 | E78: solved? | F78: 100 | G78: 6 | W78: 0.120047 | X78: 0.01894 | Y78: 0.104646 | Z78: 0.123586 | AA78: 0.006226 | AB78: 0.003156 | AC78: 0.002098 | AD78: 0.005254 | AE78: 29729 | AF78: 73 | AG78: 29766 | AH78: 80 | AI78: 587016 | AJ78: 591734
A79: grasp-conopt | B79: 8 | C79: CONOPT | D79: 4.38.1 | E79: solved? | F79: 100 | G79: 6 | W79: 0.215372 | X79: 0.025657 | Y79: 0.194829 | Z79: 0.220486 | AA79: 0.146006 | AB79: 0.007425 | AC79: 0.004625 | AD79: 0.01205 | AE79: 29729 | AF79: 73 | AG79: 29766 | AH79: 80 | AI79: 590530 | AJ79: 595715
A80: grasp-conopt | B80: 9 | C80: CONOPT | D80: 4.38.1 | E80: solved? | F80: 100 | G80: 6 | W80: 0.218618 | X80: 0.027936 | Y80: 0.19565 | Z80: 0.223586 | AA80: 0.01133 | AB80: 0.003929 | AC80: 0.005894 | AD80: 0.009823 | AE80: 29729 | AF80: 73 | AG80: 29766 | AH80: 80 | AI80: 592042 | AJ80: 597223
A81: grasp-conopt | B81: 10 | C81: CONOPT | D81: 4.38.1 | E81: solved? | F81: 100 | G81: 6 | W81: 0.116789 | X81: 0.013123 | Y81: 0.107022 | Z81: 0.120145 | AA81: 0.00652 | AB81: 0.002737 | AC81: 0.002733 | AD81: 0.00547 | AE81: 29729 | AF81: 73 | AG81: 29766 | AH81: 80 | AI81: 594568 | AJ81: 606212
A82: grasp-gurobi | B82: 1 | E82: XML-RPC rejected | AI82: 32921 | AJ82: 45817
A83: grasp-gurobi | B83: 2 | E83: XML-RPC rejected | AI83: 514648 | AJ83: 540434
A84: grasp-gurobi | B84: 3 | E84: XML-RPC rejected | AI84: 534600 | AJ84: 540472
A85: grasp-gurobi | B85: 4 | E85: XML-RPC rejected | AI85: 539171 | AJ85: 541901
A86: grasp-gurobi | B86: 5 | E86: XML-RPC rejected | AI86: 541679 | AJ86: 544073
A87: grasp-gurobi | B87: 6 | E87: XML-RPC rejected | AI87: 551213 | AJ87: 554123
A88: grasp-gurobi | B88: 7 | E88: XML-RPC rejected | AI88: 552729 | AJ88: 557788
A89: grasp-gurobi | B89: 8 | E89: XML-RPC rejected | AI89: 554233 | AJ89: 575065
A90: grasp-gurobi | B90: 9 | E90: XML-RPC rejected | AI90: 584988 | AJ90: 589353
A91: grasp-gurobi | B91: 10 | E91: XML-RPC rejected | AI91: 589530 | AJ91: 593123
A92: grasp-highs | B92: 1 | C92: HiGHS | D92: 1.11.0 | E92: failure | F92: 500 | G92: 0 | W92: 0.126248 | X92: 0.021727 | Y92: 0.107604 | Z92: 0.129331 | AA92: 0.008452 | AB92: 0.002239 | AC92: 0.005596 | AD92: 0.007835 | AE92: 29729 | AF92: 73 | AG92: 29766 | AH92: 80 | AI92: 32922 | AJ92: 44187
A93: grasp-highs | B93: 2 | C93: HiGHS | D93: 1.11.0 | E93: failure | F93: 500 | G93: 0 | W93: 0.117151 | X93: 0.020071 | Y93: 0.100351 | Z93: 0.120422 | AA93: 0.009179 | AB93: 0.002035 | AC93: 0.006099 | AD93: 0.008134 | AE93: 29729 | AF93: 73 | AG93: 29766 | AH93: 80 | AI93: 514649 | AJ93: 541666
A94: grasp-highs | B94: 3 | C94: HiGHS | D94: 1.11.0 | E94: failure | F94: 500 | G94: 0 | W94: 0.140447 | X94: 0.027909 | Y94: 0.116631 | Z94: 0.14454 | AA94: 0.010329 | AB94: 0.002028 | AC94: 0.007098 | AD94: 0.009126 | AE94: 29729 | AF94: 73 | AG94: 29766 | AH94: 80 | AI94: 540646 | AJ94: 546735
A95: grasp-highs | B95: 4 | C95: HiGHS | D95: 1.11.0 | E95: failure | F95: 500 | G95: 0 | W95: 0.140665 | X95: 0.022862 | Y95: 0.122272 | Z95: 0.145134 | AA95: 0.010558 | AB95: 0.002079 | AC95: 0.007274 | AD95: 0.009353 | AE95: 29729 | AF95: 73 | AG95: 29766 | AH95: 80 | AI95: 542166 | AJ95: 549594
A96: grasp-highs | B96: 5 | C96: HiGHS | D96: 1.11.0 | E96: failure | F96: 500 | G96: 0 | W96: 0.119917 | X96: 0.02408 | Y96: 0.099361 | Z96: 0.123441 | AA96: 0.009207 | AB96: 0.002038 | AC96: 0.006111 | AD96: 0.008149 | AE96: 29729 | AF96: 73 | AG96: 29766 | AH96: 80 | AI96: 588020 | AJ96: 593066
A97: grasp-highs | B97: 6 | C97: HiGHS | D97: 1.11.0 | E97: failure | F97: 500 | G97: 0 | W97: 0.142872 | X97: 0.025026 | Y97: 0.121119 | Z97: 0.146145 | AA97: 0.00953 | AB97: 0.001883 | AC97: 0.00657 | AD97: 0.008453 | AE97: 29729 | AF97: 73 | AG97: 29766 | AH97: 80 | AI97: 589529 | AJ97: 594417
A98: grasp-highs | B98: 7 | C98: HiGHS | D98: 1.11.0 | E98: failure | F98: 500 | G98: 0 | W98: 0.117642 | X98: 0.029726 | Y98: 0.091169 | Z98: 0.120895 | AA98: 0.009075 | AB98: 0.003992 | AC98: 0.003991 | AD98: 0.007983 | AE98: 29729 | AF98: 73 | AG98: 29766 | AH98: 80 | AI98: 592042 | AJ98: 600418
A99: grasp-highs | B99: 8 | C99: HiGHS | D99: 1.11.0 | E99: failure | F99: 500 | G99: 0 | W99: 0.210862 | X99: 0.024997 | Y99: 0.191079 | Z99: 0.216076 | AA99: 0.090637 | AB99: 0.007082 | AC99: 0.007938 | AD99: 0.01502 | AE99: 29729 | AF99: 73 | AG99: 29766 | AH99: 80 | AI99: 597586 | AJ99: 605389
A100: grasp-highs | B100: 9 | C100: HiGHS | D100: 1.11.0 | E100: failure | F100: 500 | G100: 0 | W100: 0.117342 | X100: 0.024975 | Y100: 0.095886 | Z100: 0.120861 | AA100: 0.009127 | AB100: 0.00302 | AC100: 0.005028 | AD100: 0.008048 | AE100: 29729 | AF100: 73 | AG100: 29766 | AH100: 80 | AI100: 599104 | AJ100: 607506
A101: grasp-highs | B101: 10 | C101: HiGHS | D101: 1.11.0 | E101: failure | F101: 500 | G101: 0 | W101: 0.214335 | X101: 0.031787 | Y101: 0.187807 | Z101: 0.219594 | AA101: 0.015318 | AB101: 0.003169 | AC101: 0.010559 | AD101: 0.013728 | AE101: 29729 | AF101: 73 | AG101: 29766 | AH101: 80 | AI101: 600619 | AJ101: 608074
A102: grasp-knitro | B102: 1 | C102: Knitro | D102: 15.1.0 | E102: solved | F102: 0 | G102: 33 | W102: 0.135609 | X102: 0.026842 | Y102: 0.112346 | Z102: 0.139188 | AA102: 0.014854 | AB102: 0.005899 | AC102: 0.012746 | AD102: 0.018645 | AE102: 29729 | AF102: 73 | AG102: 29766 | AH102: 80 | AI102: 45987 | AJ102: 61690
A103: grasp-knitro | B103: 2 | C103: Knitro | D103: 15.1.0 | E103: solved | F103: 0 | G103: 33 | W103: 0.124774 | X103: 0.023829 | Y103: 0.104258 | Z103: 0.128087 | AA103: 0.015164 | AB103: 0.005482 | AC103: 0.012534 | AD103: 0.018016 | AE103: 29729 | AF103: 73 | AG103: 29766 | AH103: 80 | AI103: 91223 | AJ103: 97105
... A111: grasp-knitro | B111: 10 | C111: Knitro | D111: 15.1.0 | E111: solved | F111: 0 | G111: 33 | W111: 1.985209 | X111: 0.081054 | Y111: 0.19747 | Z111: 0.278524 | AA111: 3.541968 | AB111: 0.080884 | AC111: 0.662024 | AD111: 0.742908 | AE111: 29729 | AF111: 73 | AG111: 29766 | AH111: 80 | AI111: 1421853 | AJ111: 1574612
A112: grasp-raposa | B112: 1 | C112: RAPOSa | D112: v4.4.1 | AI112: 45987 | AJ112: 64130
A113: grasp-raposa | B113: 2 | C113: RAPOSa | D113: v4.4.1 | AI113: 353338 | AJ113: 415307
A114: grasp-raposa | B114: 3 | C114: RAPOSa | D114: v4.4.1 | AI114: 390591 | AJ114: 423450
A115: grasp-raposa | B115: 4 | C115: RAPOSa | D115: v4.4.1 | AI115: 407868 | AJ115: 427032
A116: grasp-raposa | B116: 5 | C116: RAPOSa | D116: v4.4.1 | AI116: 410382 | AJ116: 430848
A117: grasp-raposa | B117: 6 | C117: RAPOSa | D117: v4.4.1 | AI117: 411886 | AJ117: 434580
A118: grasp-raposa | B118: 7 | C118: RAPOSa | D118: v4.4.1 | AI118: 415415 | AJ118: 448113
A119: grasp-raposa | B119: 8 | C119: RAPOSa | D119: v4.4.1 | AI119: 423995 | AJ119: 451882
A120: grasp-raposa | B120: 9 | C120: RAPOSa | D120: v4.4.1 | AI120: 427530 | AJ120: 455634
A121: grasp-raposa | B121: 10 | C121: RAPOSa | D121: v4.4.1 | AI121: 700003 | AJ121: 796792
A122: grasp-scip | B122: 1 | C122: SCIP | D122: 9.2.2 | AI122: 45987 | AJ122: 77928
A123: grasp-scip | B123: 2 | C123: SCIP | D123: 9.2.2 | AI123: 431059 | AJ123: 464088
... A131: grasp-scip | B131: 10 | C131: SCIP | D131: 9.2.2 | AI131: 578393 | AJ131: 599095
A132: kinematic-car-conopt | B132: 1 | C132: CONOPT | D132: 4.38.1 | E132: solved? | F132: 100 | G132: 1.9590243 | W132: 0.073255 | X132: 0.024418 | Y132: 0.05189 | Z132: 0.076308 | AA132: 0.07469 | AB132: 0.006889 | AC132: 0.066832 | AD132: 0.073721 | AE132: 16623 | AF132: 391 | AG132: 16624 | AH132: 341 | AI132: 45988 | AJ132: 61671
A133: kinematic-car-conopt | B133: 2 | C133: CONOPT | D133: 4.38.1 | E133: solved? | F133: 100 | G133: 1.9590243 | W133: 0.069262 | X133: 0.025213 | Y133: 0.047391 | Z133: 0.072604 | AA133: 0.068896 | AB133: 0.00695 | AC133: 0.060529 | AD133: 0.067479 | AE133: 16623 | AF133: 391 | AG133: 16624 | AH133: 341 | AI133: 435097 | AJ133: 465419
A134: kinematic-car-conopt | B134: 3 | C134: CONOPT | D134: 4.38.1 | E134: solved? | F134: 100 | G134: 1.9590243 | W134: 0.085895 | X134: 0.025742 | Y134: 0.064342 | Z134: 0.090084 | AA134: 0.098542 | AB134: 0.011904 | AC134: 0.085335 | AD134: 0.097239 | AE134: 16623 | AF134: 391 | AG134: 16624 | AH134: 341 | AI134: 465891 | AJ134: 499973
A135: kinematic-car-conopt | B135: 4 | C135: CONOPT | D135: 4.38.1 | E135: solved? | F135: 100 | G135: 1.9590243 | W135: 0.091066 | X135: 0.027703 | Y135: 0.067344 | Z135: 0.095047 | AA135: 0.098959 | AB135: 0.01098 | AC135: 0.086759 | AD135: 0.097739 | AE135: 16623 | AF135: 391 | AG135: 16624 | AH135: 341 | AI135: 487480 | AJ135: 514558
A136: kinematic-car-conopt | B136: 5 | C136: CONOPT | D136: 4.38.1 | E136: solved? | F136: 100 | G136: 1.9590243 | W136: 0.069921 | X136: 0.020185 | Y136: 0.053464 | Z136: 0.073649 | AA136: 0.069583 | AB136: 0.008912 | AC136: 0.059421 | AD136: 0.068333 | AE136: 16623 | AF136: 391 | AG136: 16624 | AH136: 341 | AI136: 500059 | AJ136: 534499
A137: kinematic-car-conopt | B137: 6 | C137: CONOPT | D137: 4.38.1 | E137: solved? | F137: 100 | G137: 1.9590243 | W137: 0.113171 | X137: 0.028825 | Y137: 0.089454 | Z137: 0.118279 | AA137: 0.142877 | AB137: 0.011937 | AC137: 0.129397 | AD137: 0.141334 | AE137: 16623 | AF137: 391 | AG137: 16624 | AH137: 341 | AI137: 792636 | AJ137: 837576
A138: kinematic-car-conopt | B138: 7 | C138: CONOPT | D138: 4.38.1 | E138: solved? | F138: 100 | G138: 1.9590243 | W138: 0.113 | X138: 0.027948 | Y138: 0.088991 | Z138: 0.116939 | AA138: 0.111198 | AB138: 0.008926 | AC138: 0.101124 | AD138: 0.11005 | AE138: 16623 | AF138: 391 | AG138: 16624 | AH138: 341 | AI138: 843626 | AJ138: 895438
A139: kinematic-car-conopt | B139: 8 | C139: CONOPT | D139: 4.38.1 | E139: solved? | F139: 100 | G139: 1.9590243 | W139: 0.084987 | X139: 0.018093 | Y139: 0.070353 | Z139: 0.088446 | AA139: 0.074729 | AB139: 0.012949 | AC139: 0.060797 | AD139: 0.073746 | AE139: 16623 | AF139: 391 | AG139: 16624 | AH139: 341 | AI139: 855389 | AJ139: 904830
A140: kinematic-car-conopt | B140: 9 | C140: CONOPT | D140: 4.38.1 | E140: solved? | F140: 100 | G140: 1.9590243 | W140: 0.100162 | X140: 0.027971 | Y140: 0.076941 | Z140: 0.104912 | AA140: 0.109713 | AB140: 0.010986 | AC140: 0.096983 | AD140: 0.107969 | AE140: 16623 | AF140: 391 | AG140: 16624 | AH140: 341 | AI140: 1231685 | AJ140: 1273817
A141: kinematic-car-conopt | B141: 10 | C141: CONOPT | D141: 4.38.1 | E141: solved? | F141: 100 | G141: 1.9590243 | W141: 0.085896 | X141: 0.024891 | Y141: 0.064743 | Z141: 0.089634 | AA141: 0.090804 | AB141: 0.012967 | AC141: 0.076776 | AD141: 0.089743 | AE141: 16623 | AF141: 391 | AG141: 16624 | AH141: 341 | AI141: 1375593 | AJ141: 1414777
A142: kinematic-car-filter | B142: 1 | C142: filterSQP | D142: 20020316 | E142: infeasible | F142: 201 | G142: 0 | W142: 0.080992 | X142: 0.023711 | Y142: 0.061237 | Z142: 0.084948 | AA142: 0.010444 | AB142: 0.005208 | AC142: 0.004157 | AD142: 0.009365 | AE142: 16623 | AF142: 391 | AG142: 16624 | AH142: 341 | AI142: 66999 | AJ142: 77287
A143: kinematic-car-filter | B143: 2 | C143: filterSQP | D143: 20020316 | E143: infeasible | F143: 201 | G143: 0 | W143: 0.082912 | X143: 0.029991 | Y143: 0.056983 | Z143: 0.086974 | AA143: 0.010137 | AB143: 0.003999 | AC143: 0.004998 | AD143: 0.008997 | AE143: 16623 | AF143: 391 | AG143: 16624 | AH143: 341 | AI143: 67513 | AJ143: 81047
... A151: kinematic-car-filter | B151: 10 | C151: filterSQP | D151: 20020316 | E151: infeasible | F151: 201 | G151: 0 | W151: 0.070134 | X151: 0.021858 | Y151: 0.05167 | Z151: 0.073528 | AA151: 0.009507 | AB151: 0.00525 | AC151: 0.003152 | AD151: 0.008402 | AE151: 16623 | AF151: 391 | AG151: 16624 | AH151: 341 | AI151: 624750 | AJ151: 634667
A152: kinematic-car-gurobi | B152: 1 | E152: XML-RPC rejected | AI152: 66999 | AJ152: 67293
A153: kinematic-car-gurobi | B153: 2 | E153: XML-RPC rejected | AI153: 77621 | AJ153: 81017
A154: kinematic-car-gurobi | B154: 3 | E154: XML-RPC rejected | AI154: 78131 | AJ154: 81018
A155: kinematic-car-gurobi | B155: 4 | E155: XML-RPC rejected | AI155: 89686 | AJ155: 94275
A156: kinematic-car-gurobi | B156: 5 | E156: XML-RPC rejected | AI156: 91201 | AJ156: 94349
A157: kinematic-car-gurobi | B157: 6 | E157: XML-RPC rejected | AI157: 589117 | AJ157: 591785
A158: kinematic-car-gurobi | B158: 7 | E158: XML-RPC rejected | AI158: 611694 | AJ158: 615199
A159: kinematic-car-gurobi | B159: 8 | E159: XML-RPC rejected | AI159: 615229 | AJ159: 616612
A160: kinematic-car-gurobi | B160: 9 | E160: XML-RPC rejected | AI160: 656000 | AJ160: 792315
A161: kinematic-car-gurobi | B161: 10 | E161: XML-RPC rejected | AI161: 921675 | AJ161: 931156
A162: kinematic-car-ipopt | B162: 1 | C162: Ipopt | D162: 3.14.12 | E162: solved | F162: 0 | G162: 1.9589705 | I162: 70 | J162: 307 | K162: 68 | L162: 307 | M162: 0 | N162: 73 | O162: 0 | P162: 70 | Q162: 4.7723631e-13 | R162: 0.519 | S162: 0.053 | T162: 391 | U162: 341 | V162: 0 | W162: 0.111501 | X162: 0.031067 | Y162: 0.085579 | Z162: 0.116646 | AA162: 0.585154 | AB162: 0.015938 | AC162: 0.564758 | AD162: 0.580696 | AE162: 16623 | AF162: 391 | AG162: 16624 | AH162: 341 | AI162: 67000 | AJ162: 81388
A163: kinematic-car-ipopt | B163: 2 | C163: Ipopt | D163: 3.14.12 | E163: solved | F163: 0 | G163: 1.9589705 | I163: 70 | J163: 307 | K163: 68 | L163: 307 | M163: 0 | N163: 73 | O163: 0 | P163: 70 | Q163: 4.7723631e-13 | R163: 0.267 | S163: 0.037 | T163: 391 | U163: 341 | V163: 0 | W163: 0.078558 | X163: 0.014863 | Y163: 0.067385 | Z163: 0.082248 | AA163: 0.312602 | AB163: 0.019979 | AC163: 0.290399 | AD163: 0.310378 | AE163: 16623 | AF163: 391 | AG163: 16624 | AH163: 341 | AI163: 78625 | AJ163: 82532
A164: kinematic-car-ipopt | B164: 3 | C164: Ipopt | D164: 3.14.12 | E164: solved | F164: 0 | G164: 1.9589705 | I164: 70 | J164: 307 | K164: 68 | L164: 307 | M164: 0 | N164: 73 | O164: 0 | P164: 70 | Q164: 4.7723631e-13 | R164: 0.523 | S164: 0.053 | T164: 391 | U164: 341 | V164: 0 | W164: 0.116449 | X164: 0.029714 | Y164: 0.092367 | Z164: 0.122081 | AA164: 0.588598 | AB164: 0.017907 | AC164: 0.566254 | AD164: 0.584161 | AE164: 16623 | AF164: 391 | AG164: 16624 | AH164: 341 | AI164: 81146 | AJ164: 83800
A165: kinematic-car-ipopt | B165: 4 | C165: Ipopt | D165: 3.14.12 | E165: solved | F165: 0 | G165: 1.9589705 | I165: 70 | J165: 307 | K165: 68 | L165: 307 | M165: 0 | N165: 73 | O165: 0 | P165: 70 | Q165: 4.7723631e-13 | R165: 0.258 | S165: 0.028 | T165: 391 | U165: 341 | V165: 0 | W165: 0.080765 | X165: 0.02599 | Y165: 0.05894 | Z165: 0.08493 | AA165: 0.29437 | AB165: 0.016937 | AC165: 0.275082 | AD165: 0.292019 | AE165: 16623 | AF165: 391 | AG165: 16624 | AH165: 341 | AI165: 94720 | AJ165: 101876
A166: kinematic-car-ipopt | B166: 5 | C166: Ipopt | D166: 3.14.12 | E166: solved | F166: 0 | G166: 1.9589705 | I166: 70 | J166: 307 | K166: 68 | L166: 307 | M166: 0 | N166: 73 | O166: 0 | P166: 70 | Q166: 4.7723631e-13 | R166: 0.509 | S166: 0.053 | T166: 391 | U166: 341 | V166: 0 | W166: 0.112233 | X166: 0.02199 | Y166: 0.094987 | Z166: 0.116977 | AA166: 0.573474 | AB166: 0.018895 | AC166: 0.551049 | AD166: 0.569944 | AE166: 16623 | AF166: 391 | AG166: 16624 | AH166: 341 | AI166: 96247 | AJ166: 102260
A167: kinematic-car-ipopt | B167: 6 | C167: Ipopt | D167: 3.14.12 | E167: solved | F167: 0 | G167: 1.9589705 | I167: 70 | J167: 307 | K167: 68 | L167: 307 | M167: 0 | N167: 73 | O167: 0 | P167: 70 | Q167: 4.7723631e-13 | R167: 0.235 | S167: 0.026 | T167: 391 | U167: 341 | V167: 0 | W167: 0.069923 | X167: 0.02085 | Y167: 0.052607 | Z167: 0.073457 | AA167: 0.268801 | AB167: 0.011874 | AC167: 0.255032 | AD167: 0.266906 | AE167: 16623 | AF167: 391 | AG167: 16624 | AH167: 341 | AI167: 632290 | AJ167: 636922
A168: kinematic-car-ipopt | B168: 7 | C168: Ipopt | D168: 3.14.12 | E168: solved | F168: 0 | G168: 1.9589705 | I168: 70 | J168: 307 | K168: 68 | L168: 307 | M168: 0 | N168: 73 | O168: 0 | P168: 70 | Q168: 4.7723631e-13 | R168: 0.237 | S168: 0.026 | T168: 391 | U168: 341 | V168: 0 | W168: 0.070612 | X168: 0.022038 | Y168: 0.052117 | Z168: 0.074155 | AA168: 0.271316 | AB168: 0.011801 | AC168: 0.25755 | AD168: 0.269351 | AE168: 16623 | AF168: 391 | AG168: 16624 | AH168: 341 | AI168: 633803 | AJ168: 638435
...

Sheet averages
A1: =neos_benchmark!A1 -> model | B1: =neos_benchmark!B1 -> run | C1: =neos_benchmark!C1 -> solver | D1: =neos_benchmark!D1 -> version | E1: =neos_benchmark!E1 -> exit_status | F1: =neos_benchmark!F1 -> exit_code | G1: =neos_benchmark!G1 -> obj1 | H1: =neos_benchmark!H1 -> obj2 | ... AJ1: =neos_benchmark!AJ1 -> toc | AK1: avg. elapsed time | AL1: min elapsed time | AM1: max elapsed time | AN1: avg. tic-toc | AO1: min tic-toc | AP1: max tic-toc
A2: {=INDEX(neos_benchmark!A:A, (ROW()-2)*$B2+2)} -> acrobot | B2: =COUNTIF(neos_benchmark!A:A, neos_benchmark!A2) -> 10 | C2: {=INDEX(neos_benchmark!C:C, (ROW()-2)*$B2+2)} -> Ipopt | D2: {=INDEX(neos_benchmark!D:D, (ROW()-2)*$B2+2)} -> 3.14.12 | E2: {=INDEX(neos_benchmark!E:E, (ROW()-2)*$B2+2)} -> solved | F2: =IFERROR(AVERAGE(INDEX(neos_benchmark!F:F, (ROW()-2)*$B2+2):INDEX(neos_benchmark!F:F, (ROW()-2)*$B2 + $B2+1)), "") -> 0 | G2: =IFERROR(AVERAGE(INDEX(neos_benchmark!G:G, (ROW()-2)*$B2+2):INDEX(neos_benchmark!G:G, (ROW()-2)*$B2 + $B2+1)), "") -> 69.877642 | H2: =IFERROR(AVERAGE(INDEX(neos_benchmark!H:H, (ROW()-2)*$B2+2):INDEX(neos_benchmark!H:H, (ROW()-2)*$B2 + $B2+1)), "") | I2: =IFERROR(AVERAGE(INDEX(neos_benchmark!I:I, (ROW()-2)*$B2+2):INDEX(neos_benchmark!I:I, (ROW()-2)*$B2 + $B2+1)), "") -> 14 | J2: =IFERROR(AVERAGE(INDEX(neos_benchmark!J:J, (ROW()-2)*$B2+2):INDEX(neos_benchmark!J:J, (ROW()-2)*$B2 + $B2+1)), "") -> 26 | K2: =IFERROR(AVERAGE(INDEX(neos_benchmark!K:K, (ROW()-2)*$B2+2):INDEX(neos_benchmark!K:K, (ROW()-2)*$B2 + $B2+1)), "") -> 15 | L2: =IFERROR(AVERAGE(INDEX(neos_benchmark!L:L, (ROW()-2)*$B2+2):INDEX(neos_benchmark!L:L, (ROW()-2)*$B2 + $B2+1)), "") -> 26 | M2: =IFERROR(AVERAGE(INDEX(neos_benchmark!M:M, (ROW()-2)*$B2+2):INDEX(neos_benchmark!M:M, (ROW()-2)*$B2 + $B2+1)), "") -> 26 | N2: =IFERROR(AVERAGE(INDEX(neos_benchmark!N:N, (ROW()-2)*$B2+2):INDEX(neos_benchmark!N:N, (ROW()-2)*$B2 + $B2+1)), "") -> 15 | O2: =IFERROR(AVERAGE(INDEX(neos_benchmark!O:O, (ROW()-2)*$B2+2):INDEX(neos_benchmark!O:O, (ROW()-2)*$B2 + $B2+1)), "") -> 15 | P2: =IFERROR(AVERAGE(INDEX(neos_benchmark!P:P, (ROW()-2)*$B2+2):INDEX(neos_benchmark!P:P, (ROW()-2)*$B2 + $B2+1)), "") -> 14 | Q2: =IFERROR(AVERAGE(INDEX(neos_benchmark!Q:Q, (ROW()-2)*$B2+2):INDEX(neos_benchmark!Q:Q, (ROW()-2)*$B2 + $B2+1)), "") -> 1.4210855e-14 | R2: =IFERROR(AVERAGE(INDEX(neos_benchmark!R:R, (ROW()-2)*$B2+2):INDEX(neos_benchmark!R:R, (ROW()-2)*$B2 + $B2+1)), "") -> 0.0209 | S2: =IFERROR(AVERAGE(INDEX(neos_benchmark!S:S, (ROW()-2)*$B2+2):INDEX(neos_benchmark!S:S, (ROW()-2)*$B2 + $B2+1)), "") -> 0.0061 | T2: =IFERROR(AVERAGE(INDEX(neos_benchmark!T:T, (ROW()-2)*$B2+2):INDEX(neos_benchmark!T:T, (ROW()-2)*$B2 + $B2+1)), "") -> 132 | U2: =IFERROR(AVERAGE(INDEX(neos_benchmark!U:U, (ROW()-2)*$B2+2):INDEX(neos_benchmark!U:U, (ROW()-2)*$B2 + $B2+1)), "") -> 116 | V2: =IFERROR(AVERAGE(INDEX(neos_benchmark!V:V, (ROW()-2)*$B2+2):INDEX(neos_benchmark!V:V, (ROW()-2)*$B2 + $B2+1)), "") -> 18 | W2: =IFERROR(AVERAGE(INDEX(neos_benchmark!W:W, (ROW()-2)*$B2+2):INDEX(neos_benchmark!W:W, (ROW()-2)*$B2 + $B2+1)), "") -> 0.042519 | X2: =IFERROR(AVERAGE(INDEX(neos_benchmark!X:X, (ROW()-2)*$B2+2):INDEX(neos_benchmark!X:X, (ROW()-2)*$B2 + $B2+1)), "") -> 0.0139804 | Y2: =IFERROR(AVERAGE(INDEX(neos_benchmark!Y:Y, (ROW()-2)*$B2+2):INDEX(neos_benchmark!Y:Y, (ROW()-2)*$B2 + $B2+1)), "") -> 0.0323799 | Z2: =IFERROR(AVERAGE(INDEX(neos_benchmark!Z:Z, (ROW()-2)*$B2+2):INDEX(neos_benchmark!Z:Z, (ROW()-2)*$B2 + $B2+1)), "") -> 0.0463603 | AA2: =IFERROR(AVERAGE(INDEX(neos_benchmark!AA:AA, (ROW()-2)*$B2+2):INDEX(neos_benchmark!AA:AA, (ROW()-2)*$B2 + $B2+1)), "") -> 0.0355192 | AB2: =IFERROR(AVERAGE(INDEX(neos_benchmark!AB:AB, (ROW()-2)*$B2+2):INDEX(neos_benchmark!AB:AB, (ROW()-2)*$B2 + $B2+1)), "") -> 0.0051482 | AC2: =IFERROR(AVERAGE(INDEX(neos_benchmark!AC:AC, (ROW()-2)*$B2+2):INDEX(neos_benchmark!AC:AC, (ROW()-2)*$B2 + $B2+1)), "") -> 0.0296273 | AD2: =IFERROR(AVERAGE(INDEX(neos_benchmark!AD:AD, (ROW()-2)*$B2+2):INDEX(neos_benchmark!AD:AD, (ROW()-2)*$B2 + $B2+1)), "") -> 0.0347755 | AE2: =IFERROR(AVERAGE(INDEX(neos_benchmark!AE:AE, (ROW()-2)*$B2+2):INDEX(neos_benchmark!AE:AE, (ROW()-2)*$B2 + $B2+1)), "") -> 8779 | AF2: =IFERROR(AVERAGE(INDEX(neos_benchmark!AF:AF, (ROW()-2)*$B2+2):INDEX(neos_benchmark!AF:AF, (ROW()-2)*$B2 + $B2+1)), "") -> 132 | AG2: =IFERROR(AVERAGE(INDEX(neos_benchmark!AG:AG, (ROW()-2)*$B2+2):INDEX(neos_benchmark!AG:AG, (ROW()-2)*$B2 + $B2+1)), "") -> 8824 | AH2: =IFERROR(AVERAGE(INDEX(neos_benchmark!AH:AH, (ROW()-2)*$B2+2):INDEX(neos_benchmark!AH:AH, (ROW()-2)*$B2 + $B2+1)), "") -> 134 | AI2: =IFERROR(AVERAGE(INDEX(neos_benchmark!AI:AI, (ROW()-2)*$B2+2):INDEX(neos_benchmark!AI:AI, (ROW()-2)*$B2 + $B2+1)), "") -> 475918.5 | AJ2: =IFERROR(AVERAGE(INDEX(neos_benchmark!AJ:AJ, (ROW()-2)*$B2+2):INDEX(neos_benchmark!AJ:AJ, (ROW()-2)*$B2 + $B2+1)), "") -> 537518.1 | AK2: {=IFERROR(AVERAGE(INDEX(neos_benchmark!W:W, (ROW()-2)*$B2+2):INDEX(neos_benchmark!W:W, (ROW()-2)*$B2 + $B2+1) + INDEX(neos_benchmark!AA:AA, (ROW()-2)*$B2+2):INDEX(neos_benchmark!AA:AA, (ROW()-2)*$B2 + $B2+1)), "")} -> 0.0780382 | AL2: {=IFERROR(MIN(INDEX(neos_benchmark!W:W, (ROW()-2)*$B2+2):INDEX(neos_benchmark!W:W, (ROW()-2)*$B2 + $B2+1) + INDEX(neos_benchmark!AA:AA, (ROW()-2)*$B2+2):INDEX(neos_benchmark!AA:AA, (ROW()-2)*$B2 + $B2+1)), "")} -> 0.060433 | AM2: {=IFERROR(MAX(INDEX(neos_benchmark!W:W, (ROW()-2)*$B2+2):INDEX(neos_benchmark!W:W, (ROW()-2)*$B2 + $B2+1) + INDEX(neos_benchmark!AA:AA, (ROW()-2)*$B2+2):INDEX(neos_benchmark!AA:AA, (ROW()-2)*$B2 + $B2+1)), "")} -> 0.109265 | AN2: {=IFERROR(AVERAGE((INDEX(neos_benchmark!AJ:AJ, (ROW()-2)*$B2+2):INDEX(neos_benchmark!AJ:AJ, (ROW()-2)*$B2 + $B2+1) - INDEX(neos_benchmark!AI:AI, (ROW()-2)*$B2+2):INDEX(neos_benchmark!AI:AI, (ROW()-2)*$B2 + $B2+1)) / 1000), "")} -> 61.5996 | AO2: {=IFERROR(MIN((INDEX(neos_benchmark!AJ:AJ, (ROW()-2)*$B2+2):INDEX(neos_benchmark!AJ:AJ, (ROW()-2)*$B2 + $B2+1) - INDEX(neos_benchmark!AI:AI, (ROW()-2)*$B2+2):INDEX(neos_benchmark!AI:AI, (ROW()-2)*$B2 + $B2+1)) / 1000), "")} -> 3.965 | AP2: {=IFERROR(MAX((INDEX(neos_benchmark!AJ:AJ, (ROW()-2)*$B2+2):INDEX(neos_benchmark!AJ:AJ, (ROW()-2)*$B2 + $B2+1) - INDEX(neos_benchmark!AI:AI, (ROW()-2)*$B2+2):INDEX(neos_benchmark!AI:AI, (ROW()-2)*$B2 + $B2+1)) / 1000), "")} -> 254.227
A3: {=INDEX(neos_benchmark!A:A, (ROW()-2)*$B3+2)} -> cart-pendulum-time | B3: =COUNTIF(neos_benchmark!A:A, neos_benchmark!A3) -> 10 | C3: {=INDEX(neos_benchmark!C:C, (ROW()-2)*$B3+2)} -> Ipopt | D3: {=INDEX(neos_benchmark!D:D, (ROW()-2)*$B3+2)} -> 3.14.12 | E3: {=INDEX(neos_benchmark!E:E, (ROW()-2)*$B3+2)} -> solved | F3: =IFERROR(AVERAGE(INDEX(neos_benchmark!F:F, (ROW()-2)*$B3+2):INDEX(neos_benchmark!F:F, (ROW()-2)*$B3 + $B3+1)), "") -> 0 | G3: =IFERROR(AVERAGE(INDEX(neos_benchmark!G:G, (ROW()-2)*$B3+2):INDEX(neos_benchmark!G:G, (ROW()-2)*$B3 + $B3+1)), "") -> 1.1459373 | H3: =IFERROR(AVERAGE(INDEX(neos_benchmark!H:H, (ROW()-2)*$B3+2):INDEX(neos_benchmark!H:H, (ROW()-2)*$B3 + $B3+1)), "") | I3: =IFERROR(AVERAGE(INDEX(neos_benchmark!I:I, (ROW()-2)*$B3+2):INDEX(neos_benchmark!I:I, (ROW()-2)*$B3 + $B3+1)), "") -> 43 | J3: =IFERROR(AVERAGE(INDEX(neos_benchmark!J:J, (ROW()-2)*$B3+2):INDEX(neos_benchmark!J:J, (ROW()-2)*$B3 + $B3+1)), "") -> 59 | K3: =IFERROR(AVERAGE(INDEX(neos_benchmark!K:K, (ROW()-2)*$B3+2):INDEX(neos_benchmark!K:K, (ROW()-2)*$B3 + $B3+1)), "") -> 44 | L3: =IFERROR(AVERAGE(INDEX(neos_benchmark!L:L, (ROW()-2)*$B3+2):INDEX(neos_benchmark!L:L, (ROW()-2)*$B3 + $B3+1)), "") -> 59 | M3: =IFERROR(AVERAGE(INDEX(neos_benchmark!M:M, (ROW()-2)*$B3+2):INDEX(neos_benchmark!M:M, (ROW()-2)*$B3 + $B3+1)), "") -> 0 | N3: =IFERROR(AVERAGE(INDEX(neos_benchmark!N:N, (ROW()-2)*$B3+2):INDEX(neos_benchmark!N:N, (ROW()-2)*$B3 + $B3+1)), "") -> 44 | O3: =IFERROR(AVERAGE(INDEX(neos_benchmark!O:O, (ROW()-2)*$B3+2):INDEX(neos_benchmark!O:O, (ROW()-2)*$B3 + $B3+1)), "") -> 0 | P3: =IFERROR(AVERAGE(INDEX(neos_benchmark!P:P, (ROW()-2)*$B3+2):INDEX(neos_benchmark!P:P, (ROW()-2)*$B3 + $B3+1)), "") -> 43 | Q3: =IFERROR(AVERAGE(INDEX(neos_benchmark!Q:Q, (ROW()-2)*$B3+2):INDEX(neos_benchmark!Q:Q, (ROW()-2)*$B3 + $B3+1)), "") -> 5.8264504e-12 | R3: =IFERROR(AVERAGE(INDEX(neos_benchmark!R:R, (ROW()-2)*$B3+2):INDEX(neos_benchmark!R:R, (ROW()-2)*$B3 + $B3+1)), "") -> 0.0443 | S3: =IFERROR(AVERAGE(INDEX(neos_benchmark!S:S, (ROW()-2)*$B3+2):INDEX(neos_benchmark!S:S, (ROW()-2)*$B3 + $B3+1)), "") -> 0.0032 | T3: =IFERROR(AVERAGE(INDEX(neos_benchmark!T:T, (ROW()-2)*$B3+2):INDEX(neos_benchmark!T:T, (ROW()-2)*$B3 + $B3+1)), "") -> 80 | U3: =IFERROR(AVERAGE(INDEX(neos_benchmark!U:U, (ROW()-2)*$B3+2):INDEX(neos_benchmark!U:U, (ROW()-2)*$B3 + $B3+1)), "") -> 74 | V3: =IFERROR(AVERAGE(INDEX(neos_benchmark!V:V, (ROW()-2)*$B3+2):INDEX(neos_benchmark!V:V, (ROW()-2)*$B3 + $B3+1)), "") -> 0 | W3: =IFERROR(AVERAGE(INDEX(neos_benchmark!W:W, (ROW()-2)*$B3+2):INDEX(neos_benchmark!W:W, (ROW()-2)*$B3 + $B3+1)), "") -> 0.0191089 | X3: =IFERROR(AVERAGE(INDEX(neos_benchmark!X:X, (ROW()-2)*$B3+2):INDEX(neos_benchmark!X:X, (ROW()-2)*$B3 + $B3+1)), "") -> 0.0072645 | Y3: =IFERROR(AVERAGE(INDEX(neos_benchmark!Y:Y, (ROW()-2)*$B3+2):INDEX(neos_benchmark!Y:Y, (ROW()-2)*$B3 + $B3+1)), "") -> 0.0150399 | Z3: =IFERROR(AVERAGE(INDEX(neos_benchmark!Z:Z, (ROW()-2)*$B3+2):INDEX(neos_benchmark!Z:Z, (ROW()-2)*$B3 + $B3+1)), "") -> 0.0223044 | AA3: =IFERROR(AVERAGE(INDEX(neos_benchmark!AA:AA, (ROW()-2)*$B3+2):INDEX(neos_benchmark!AA:AA, (ROW()-2)*$B3 + $B3+1)), "") -> 0.0531001 | AB3: =IFERROR(AVERAGE(INDEX(neos_benchmark!AB:AB, (ROW()-2)*$B3+2):INDEX(neos_benchmark!AB:AB, (ROW()-2)*$B3 + $B3+1)), "") -> 0.0058382 | AC3: =IFERROR(AVERAGE(INDEX(neos_benchmark!AC:AC, (ROW()-2)*$B3+2):INDEX(neos_benchmark!AC:AC, (ROW()-2)*$B3 + $B3+1)), "") -> 0.0466557 | AD3: =IFERROR(AVERAGE(INDEX(neos_benchmark!AD:AD, (ROW()-2)*$B3+2):INDEX(neos_benchmark!AD:AD, (ROW()-2)*$B3 + $B3+1)), "") -> 0.0524939 | AE3: =IFERROR(AVERAGE(INDEX(neos_benchmark!AE:AE, (ROW()-2)*$B3+2):INDEX(neos_benchmark!AE:AE, (ROW()-2)*$B3 + $B3+1)), "") -> 4388 | AF3: =IFERROR(AVERAGE(INDEX(neos_benchmark!AF:AF, (ROW()-2)*$B3+2):INDEX(neos_benchmark!AF:AF, (ROW()-2)*$B3 + $B3+1)), "") -> 80 | AG3: =IFERROR(AVERAGE(INDEX(neos_benchmark!AG:AG, (ROW()-2)*$B3+2):INDEX(neos_benchmark!AG:AG, (ROW()-2)*$B3 + $B3+1)), "") -> 4413 | AH3: =IFERROR(AVERAGE(INDEX(neos_benchmark!AH:AH, (ROW()-2)*$B3+2):INDEX(neos_benchmark!AH:AH, (ROW()-2)*$B3 + $B3+1)), "") -> 74 | AI3: =IFERROR(AVERAGE(INDEX(neos_benchmark!AI:AI, (ROW()-2)*$B3+2):INDEX(neos_benchmark!AI:AI, (ROW()-2)*$B3 + $B3+1)), "") -> 537109 | AJ3: =IFERROR(AVERAGE(INDEX(neos_benchmark!AJ:AJ, (ROW()-2)*$B3+2):INDEX(neos_benchmark!AJ:AJ, (ROW()-2)*$B3 + $B3+1)), "") -> 564523.2 | AK3: {=IFERROR(AVERAGE(INDEX(neos_benchmark!W:W, (ROW()-2)*$B3+2):INDEX(neos_benchmark!W:W, (ROW()-2)*$B3 + $B3+1) + INDEX(neos_benchmark!AA:AA, (ROW()-2)*$B3+2):INDEX(neos_benchmark!AA:AA, (ROW()-2)*$B3 + $B3+1)), "")} -> 0.072209 | AL3: {=IFERROR(MIN(INDEX(neos_benchmark!W:W, (ROW()-2)*$B3+2):INDEX(neos_benchmark!W:W, (ROW()-2)*$B3 + $B3+1) + INDEX(neos_benchmark!AA:AA, (ROW()-2)*$B3+2):INDEX(neos_benchmark!AA:AA, (ROW()-2)*$B3 + $B3+1)), "")} -> 0.064511 | AM3: {=IFERROR(MAX(INDEX(neos_benchmark!W:W, (ROW()-2)*$B3+2):INDEX(neos_benchmark!W:W, (ROW()-2)*$B3 + $B3+1) + INDEX(neos_benchmark!AA:AA, (ROW()-2)*$B3+2):INDEX(neos_benchmark!AA:AA, (ROW()-2)*$B3 + $B3+1)), "")} -> 0.086952 | AN3: {=IFERROR(AVERAGE((INDEX(neos_benchmark!AJ:AJ, (ROW()-2)*$B3+2):INDEX(neos_benchmark!AJ:AJ, (ROW()-2)*$B3 + $B3+1) - INDEX(neos_benchmark!AI:AI, (ROW()-2)*$B3+2):INDEX(neos_benchmark!AI:AI, (ROW()-2)*$B3 + $B3+1)) / 1000), "")} -> 27.4142 | AO3: {=IFERROR(MIN((INDEX(neos_benchmark!AJ:AJ, (ROW()-2)*$B3+2):INDEX(neos_benchmark!AJ:AJ, (ROW()-2)*$B3 + $B3+1) - INDEX(neos_benchmark!AI:AI, (ROW()-2)*$B3+2):INDEX(neos_benchmark!AI:AI, (ROW()-2)*$B3 + $B3+1)) / 1000), "")} -> 4.605 | AP3: {=IFERROR(MAX((INDEX(neos_benchmark!AJ:AJ, (ROW()-2)*$B3+2):INDEX(neos_benchmark!AJ:AJ, (ROW()-2)*$B3 + $B3+1) - INDEX(neos_benchmark!AI:AI, (ROW()-2)*$B3+2):INDEX(neos_benchmark!AI:AI, (ROW()-2)*$B3 + $B3+1)) / 1000), "")} -> 102.771
A4: {=INDEX(neos_benchmark!A:A, (ROW()-2)*$B4+2)} -> cart-pendulum-utot | B4: =COUNTIF(neos_benchmark!A:A, neos_benchmark!A4) -> 10 | C4: {=INDEX(neos_benchmark!C:C, (ROW()-2)*$B4+2)} -> Ipopt | D4: {=INDEX(neos_benchmark!D:D, (ROW()-2)*$B4+2)} -> 3.14.12 | E4: {=INDEX(neos_benchmark!E:E, (ROW()-2)*$B4+2)} -> solved | F4: =IFERROR(AVERAGE(INDEX(neos_benchmark!F:F, (ROW()-2)*$B4+2):INDEX(neos_benchmark!F:F, (ROW()-2)*$B4 + $B4+1)), "") -> 0 | G4: =IFERROR(AVERAGE(INDEX(neos_benchmark!G:G, (ROW()-2)*$B4+2):INDEX(neos_benchmark!G:G, (ROW()-2)*$B4 + $B4+1)), "") -> 229.29128 | H4: =IFERROR(AVERAGE(INDEX(neos_benchmark!H:H, (ROW()-2)*$B4+2):INDEX(neos_benchmark!H:H, (ROW()-2)*$B4 + $B4+1)), "") | I4: =IFERROR(AVERAGE(INDEX(neos_benchmark!I:I, (ROW()-2)*$B4+2):INDEX(neos_benchmark!I:I, (ROW()-2)*$B4 + $B4+1)), "") -> 12 | J4: =IFERROR(AVERAGE(INDEX(neos_benchmark!J:J, (ROW()-2)*$B4+2):INDEX(neos_benchmark!J:J, (ROW()-2)*$B4 + $B4+1)), "") -> 15 | K4: =IFERROR(AVERAGE(INDEX(neos_benchmark!K:K, (ROW()-2)*$B4+2):INDEX(neos_benchmark!K:K, (ROW()-2)*$B4 + $B4+1)), "") -> 13 | L4: =IFERROR(AVERAGE(INDEX(neos_benchmark!L:L, (ROW()-2)*$B4+2):INDEX(neos_benchmark!L:L, (ROW()-2)*$B4 + $B4+1)), "") -> 15 | M4: =IFERROR(AVERAGE(INDEX(neos_benchmark!M:M, (ROW()-2)*$B4+2):INDEX(neos_benchmark!M:M, (ROW()-2)*$B4 + $B4+1)), "") -> 0 | N4: =IFERROR(AVERAGE(INDEX(neos_benchmark!N:N, (ROW()-2)*$B4+2):INDEX(neos_benchmark!N:N, (ROW()-2)*$B4 + $B4+1)), "") -> 13 | O4: =IFERROR(AVERAGE(INDEX(neos_benchmark!O:O, (ROW()-2)*$B4+2):INDEX(neos_benchmark!O:O, (ROW()-2)*$B4 + $B4+1)), "") -> 0 | P4: =IFERROR(AVERAGE(INDEX(neos_benchmark!P:P, (ROW()-2)*$B4+2):INDEX(neos_benchmark!P:P, (ROW()-2)*$B4 + $B4+1)), "") -> 12 | Q4: =IFERROR(AVERAGE(INDEX(neos_benchmark!Q:Q, (ROW()-2)*$B4+2):INDEX(neos_benchmark!Q:Q, (ROW()-2)*$B4 + $B4+1)), "") -> 2.8421709e-14 | R4: =IFERROR(AVERAGE(INDEX(neos_benchmark!R:R, (ROW()-2)*$B4+2):INDEX(neos_benchmark!R:R, (ROW()-2)*$B4 + $B4+1)), "") -> 0.0206 | S4: =IFERROR(AVERAGE(INDEX(neos_benchmark!S:S, (ROW()-2)*$B4+2):INDEX(neos_benchmark!S:S, (ROW()-2)*$B4 + $B4+1)), "") -> 0.0028 | T4: =IFERROR(AVERAGE(INDEX(neos_benchmark!T:T, (ROW()-2)*$B4+2):INDEX(neos_benchmark!T:T, (ROW()-2)*$B4 + $B4+1)), "") -> 202 | U4: =IFERROR(AVERAGE(INDEX(neos_benchmark!U:U, (ROW()-2)*$B4+2):INDEX(neos_benchmark!U:U, (ROW()-2)*$B4 + $B4+1)), "") -> 176 | V4: =IFERROR(AVERAGE(INDEX(neos_benchmark!V:V, (ROW()-2)*$B4+2):INDEX(neos_benchmark!V:V, (ROW()-2)*$B4 + $B4+1)), "") -> 0 | W4: =IFERROR(AVERAGE(INDEX(neos_benchmark!W:W, (ROW()-2)*$B4+2):INDEX(neos_benchmark!W:W, (ROW()-2)*$B4 + $B4+1)), "") -> 0.0582422 | X4: =IFERROR(AVERAGE(INDEX(neos_benchmark!X:X, (ROW()-2)*$B4+2):INDEX(neos_benchmark!X:X, (ROW()-2)*$B4 + $B4+1)), "") -> 0.0192288 | Y4: =IFERROR(AVERAGE(INDEX(neos_benchmark!Y:Y, (ROW()-2)*$B4+2):INDEX(neos_benchmark!Y:Y, (ROW()-2)*$B4 + $B4+1)), "") -> 0.0427763 | Z4: =IFERROR(AVERAGE(INDEX(neos_benchmark!Z:Z, (ROW()-2)*$B4+2):INDEX(neos_benchmark!Z:Z, (ROW()-2)*$B4 + $B4+1)), "") -> 0.0620051 | AA4: =IFERROR(AVERAGE(INDEX(neos_benchmark!AA:AA, (ROW()-2)*$B4+2):INDEX(neos_benchmark!AA:AA, (ROW()-2)*$B4 + $B4+1)), "") -> 0.0318301 | AB4: =IFERROR(AVERAGE(INDEX(neos_benchmark!AB:AB, (ROW()-2)*$B4+2):INDEX(neos_benchmark!AB:AB, (ROW()-2)*$B4 + $B4+1)), "") -> 0.0048311 | AC4: =IFERROR(AVERAGE(INDEX(neos_benchmark!AC:AC, (ROW()-2)*$B4+2):INDEX(neos_benchmark!AC:AC, (ROW()-2)*$B4 + $B4+1)), "") -> 0.0260395 | AD4: =IFERROR(AVERAGE(INDEX(neos_benchmark!AD:AD, (ROW()-2)*$B4+2):INDEX(neos_benchmark!AD:AD, (ROW()-2)*$B4 + $B4+1)), "") -> 0.0308706 | AE4: =IFERROR(AVERAGE(INDEX(neos_benchmark!AE:AE, (ROW()-2)*$B4+2):INDEX(neos_benchmark!AE:AE, (ROW()-2)*$B4 + $B4+1)), "") -> 13169 | AF4: =IFERROR(AVERAGE(INDEX(neos_benchmark!AF:AF, (ROW()-2)*$B4+2):INDEX(neos_benchmark!AF:AF, (ROW()-2)*$B4 + $B4+1)), "") -> 202 | AG4: =IFERROR(AVERAGE(INDEX(neos_benchmark!AG:AG, (ROW()-2)*$B4+2):INDEX(neos_benchmark!AG:AG, (ROW()-2)*$B4 + $B4+1)), "") -> 13234 | AH4: =IFERROR(AVERAGE(INDEX(neos_benchmark!AH:AH, (ROW()-2)*$B4+2):INDEX(neos_benchmark!AH:AH, (ROW()-2)*$B4 + $B4+1)), "") -> 176 | AI4: =IFERROR(AVERAGE(INDEX(neos_benchmark!AI:AI, (ROW()-2)*$B4+2):INDEX(neos_benchmark!AI:AI, (ROW()-2)*$B4 + $B4+1)), "") -> 577777.1 | AJ4: =IFERROR(AVERAGE(INDEX(neos_benchmark!AJ:AJ, (ROW()-2)*$B4+2):INDEX(neos_benchmark!AJ:AJ, (ROW()-2)*$B4 + $B4+1)), "") -> 600161.5 | AK4: {=IFERROR(AVERAGE(INDEX(neos_benchmark!W:W, (ROW()-2)*$B4+2):INDEX(neos_benchmark!W:W, (ROW()-2)*$B4 + $B4+1) + INDEX(neos_benchmark!AA:AA, (ROW()-2)*$B4+2):INDEX(neos_benchmark!AA:AA, (ROW()-2)*$B4 + $B4+1)), "")} -> 0.0900723 | AL4: {=IFERROR(MIN(INDEX(neos_benchmark!W:W, (ROW()-2)*$B4+2):INDEX(neos_benchmark!W:W, (ROW()-2)*$B4 + $B4+1) + INDEX(neos_benchmark!AA:AA, (ROW()-2)*$B4+2):INDEX(neos_benchmark!AA:AA, (ROW()-2)*$B4 + $B4+1)), "")} -> 0.072109 | AM4: {=IFERROR(MAX(INDEX(neos_benchmark!W:W, (ROW()-2)*$B4+2):INDEX(neos_benchmark!W:W, (ROW()-2)*$B4 + $B4+1) + INDEX(neos_benchmark!AA:AA, (ROW()-2)*$B4+2):INDEX(neos_benchmark!AA:AA, (ROW()-2)*$B4 + $B4+1)), "")} -> 0.127163 | AN4: {=IFERROR(AVERAGE((INDEX(neos_benchmark!AJ:AJ, (ROW()-2)*$B4+2):INDEX(neos_benchmark!AJ:AJ, (ROW()-2)*$B4 + $B4+1) - INDEX(neos_benchmark!AI:AI, (ROW()-2)*$B4+2):INDEX(neos_benchmark!AI:AI, (ROW()-2)*$B4 + $B4+1)) / 1000), "")} -> 22.3844 | AO4: {=IFERROR(MIN((INDEX(neos_benchmark!AJ:AJ, (ROW()-2)*$B4+2):INDEX(neos_benchmark!AJ:AJ, (ROW()-2)*$B4 + $B4+1) - INDEX(neos_benchmark!AI:AI, (ROW()-2)*$B4+2):INDEX(neos_benchmark!AI:AI, (ROW()-2)*$B4 + $B4+1)) / 1000), "")} -> 4.453 | AP4: {=IFERROR(MAX((INDEX(neos_benchmark!AJ:AJ, (ROW()-2)*$B4+2):INDEX(neos_benchmark!AJ:AJ, (ROW()-2)*$B4 + $B4+1) - INDEX(neos_benchmark!AI:AI, (ROW()-2)*$B4+2):INDEX(neos_benchmark!AI:AI, (ROW()-2)*$B4 + $B4+1)) / 1000), "")} -> 136.307
A5: {=INDEX(neos_benchmark!A:A, (ROW()-2)*$B5+2)} -> five-link-mc-kelly | B5: =COUNTIF(neos_benchmark!A:A, neos_benchmark!A5) -> 10 | C5: {=INDEX(neos_benchmark!C:C, (ROW()-2)*$B5+2)} -> Ipopt | D5: {=INDEX(neos_benchmark!D:D, (ROW()-2)*$B5+2)} -> 3.14.12 | E5: {=INDEX(neos_benchmark!E:E, (ROW()-2)*$B5+2)} -> solved | F5: =IFERROR(AVERAGE(INDEX(neos_benchmark!F:F, (ROW()-2)*$B5+2):INDEX(neos_benchmark!F:F, (ROW()-2)*$B5 + $B5+1)), "") -> 0 | G5: =IFERROR(AVERAGE(INDEX(neos_benchmark!G:G, (ROW()-2)*$B5+2):INDEX(neos_benchmark!G:G, (ROW()-2)*$B5 + $B5+1)), "") -> 260.43009 | H5: =IFERROR(AVERAGE(INDEX(neos_benchmark!H:H, (ROW()-2)*$B5+2):INDEX(neos_benchmark!H:H, (ROW()-2)*$B5 + $B5+1)), "") | I5: =IFERROR(AVERAGE(INDEX(neos_benchmark!I:I, (ROW()-2)*$B5+2):INDEX(neos_benchmark!I:I, (ROW()-2)*$B5 + $B5+1)), "") -> 11 | J5: =IFERROR(AVERAGE(INDEX(neos_benchmark!J:J, (ROW()-2)*$B5+2):INDEX(neos_benchmark!J:J, (ROW()-2)*$B5 + $B5+1)), "") -> 12 | K5: =IFERROR(AVERAGE(INDEX(neos_benchmark!K:K, (ROW()-2)*$B5+2):INDEX(neos_benchmark!K:K, (ROW()-2)*$B5 + $B5+1)), "") -> 12 | L5: =IFERROR(AVERAGE(INDEX(neos_benchmark!L:L, (ROW()-2)*$B5+2):INDEX(neos_benchmark!L:L, (ROW()-2)*$B5 + $B5+1)), "") -> 12 | M5: =IFERROR(AVERAGE(INDEX(neos_benchmark!M:M, (ROW()-2)*$B5+2):INDEX(neos_benchmark!M:M, (ROW()-2)*$B5 + $B5+1)), "") -> 12 | N5: =IFERROR(AVERAGE(INDEX(neos_benchmark!N:N, (ROW()-2)*$B5+2):INDEX(neos_benchmark!N:N, (ROW()-2)*$B5 + $B5+1)), "") -> 12 | O5: =IFERROR(AVERAGE(INDEX(neos_benchmark!O:O, (ROW()-2)*$B5+2):INDEX(neos_benchmark!O:O, (ROW()-2)*$B5 + $B5+1)), "") -> 12 | P5: =IFERROR(AVERAGE(INDEX(neos_benchmark!P:P, (ROW()-2)*$B5+2):INDEX(neos_benchmark!P:P, (ROW()-2)*$B5 + $B5+1)), "") -> 11 | Q5: =IFERROR(AVERAGE(INDEX(neos_benchmark!Q:Q, (ROW()-2)*$B5+2):INDEX(neos_benchmark!Q:Q, (ROW()-2)*$B5 + $B5+1)), "") -> 1.0452084e-12 | R5: =IFERROR(AVERAGE(INDEX(neos_benchmark!R:R, (ROW()-2)*$B5+2):INDEX(neos_benchmark!R:R, (ROW()-2)*$B5 + $B5+1)), "") -> 0.0359 | S5: =IFERROR(AVERAGE(INDEX(neos_benchmark!S:S, (ROW()-2)*$B5+2):INDEX(neos_benchmark!S:S, (ROW()-2)*$B5 + $B5+1)), "") -> 0.0942 | T5: =IFERROR(AVERAGE(INDEX(neos_benchmark!T:T, (ROW()-2)*$B5+2):INDEX(neos_benchmark!T:T, (ROW()-2)*$B5 + $B5+1)), "") -> 266 | U5: =IFERROR(AVERAGE(INDEX(neos_benchmark!U:U, (ROW()-2)*$B5+2):INDEX(neos_benchmark!U:U, (ROW()-2)*$B5 + $B5+1)), "") -> 212 | V5: =IFERROR(AVERAGE(INDEX(neos_benchmark!V:V, (ROW()-2)*$B5+2):INDEX(neos_benchmark!V:V, (ROW()-2)*$B5 + $B5+1)), "") -> 2 | W5: =IFERROR(AVERAGE(INDEX(neos_benchmark!W:W, (ROW()-2)*$B5+2):INDEX(neos_benchmark!W:W, (ROW()-2)*$B5 + $B5+1)), "") -> 0.5183703 | X5: =IFERROR(AVERAGE(INDEX(neos_benchmark!X:X, (ROW()-2)*$B5+2):INDEX(neos_benchmark!X:X, (ROW()-2)*$B5 + $B5+1)), "") -> 0.0794248 | Y5: =IFERROR(AVERAGE(INDEX(neos_benchmark!Y:Y, (ROW()-2)*$B5+2):INDEX(neos_benchmark!Y:Y, (ROW()-2)*$B5 + $B5+1)), "") -> 0.4433167 | Z5: =IFERROR(AVERAGE(INDEX(neos_benchmark!Z:Z, (ROW()-2)*$B5+2):INDEX(neos_benchmark!Z:Z, (ROW()-2)*$B5 + $B5+1)), "") -> 0.5227415 | AA5: =IFERROR(AVERAGE(INDEX(neos_benchmark!AA:AA, (ROW()-2)*$B5+2):INDEX(neos_benchmark!AA:AA, (ROW()-2)*$B5 + $B5+1)), "") -> 0.1684638 | AB5: =IFERROR(AVERAGE(INDEX(neos_benchmark!AB:AB, (ROW()-2)*$B5+2):INDEX(neos_benchmark!AB:AB, (ROW()-2)*$B5 + $B5+1)), "") -> 0.0128779 | AC5: =IFERROR(AVERAGE(INDEX(neos_benchmark!AC:AC, (ROW()-2)*$B5+2):INDEX(neos_benchmark!AC:AC, (ROW()-2)*$B5 + $B5+1)), "") -> 0.1522315 | AD5: =IFERROR(AVERAGE(INDEX(neos_benchmark!AD:AD, (ROW()-2)*$B5+2):INDEX(neos_benchmark!AD:AD, (ROW()-2)*$B5 + $B5+1)), "") -> 0.1651094 | AE5: =IFERROR(AVERAGE(INDEX(neos_benchmark!AE:AE, (ROW()-2)*$B5+2):INDEX(neos_benchmark!AE:AE, (ROW()-2)*$B5 + $B5+1)), "") -> 99109 | AF5: =IFERROR(AVERAGE(INDEX(neos_benchmark!AF:AF, (ROW()-2)*$B5+2):INDEX(neos_benchmark!AF:AF, (ROW()-2)*$B5 + $B5+1)), "") -> 266 | AG5: =IFERROR(AVERAGE(INDEX(neos_benchmark!AG:AG, (ROW()-2)*$B5+2):INDEX(neos_benchmark!AG:AG, (ROW()-2)*$B5 + $B5+1)), "") -> 98877 | AH5: =IFERROR(AVERAGE(INDEX(neos_benchmark!AH:AH, (ROW()-2)*$B5+2):INDEX(neos_benchmark!AH:AH, (ROW()-2)*$B5 + $B5+1)), "") -> 214 | AI5: =IFERROR(AVERAGE(INDEX(neos_benchmark!AI:AI, (ROW()-2)*$B5+2):INDEX(neos_benchmark!AI:AI, (ROW()-2)*$B5 + $B5+1)), "") -> 573076.1 | AJ5: =IFERROR(AVERAGE(INDEX(neos_benchmark!AJ:AJ, (ROW()-2)*$B5+2):INDEX(neos_benchmark!AJ:AJ, (ROW()-2)*$B5 + $B5+1)), "") -> 583232.5 | AK5: {=IFERROR(AVERAGE(INDEX(neos_benchmark!W:W, (ROW()-2)*$B5+2):INDEX(neos_benchmark!W:W, (ROW()-2)*$B5 + $B5+1) + INDEX(neos_benchmark!AA:AA, (ROW()-2)*$B5+2):INDEX(neos_benchmark!AA:AA, (ROW()-2)*$B5 + $B5+1)), "")} -> 0.6868341 | AL5: {=IFERROR(MIN(INDEX(neos_benchmark!W:W, (ROW()-2)*$B5+2):INDEX(neos_benchmark!W:W, (ROW()-2)*$B5 + $B5+1) + INDEX(neos_benchmark!AA:AA, (ROW()-2)*$B5+2):INDEX(neos_benchmark!AA:AA, (ROW()-2)*$B5 + $B5+1)), "")} -> 0.511757 | AM5: {=IFERROR(MAX(INDEX(neos_benchmark!W:W, (ROW()-2)*$B5+2):INDEX(neos_benchmark!W:W, (ROW()-2)*$B5 + $B5+1) + INDEX(neos_benchmark!AA:AA, (ROW()-2)*$B5+2):INDEX(neos_benchmark!AA:AA, (ROW()-2)*$B5 + $B5+1)), "")} -> 0.934226 | AN5: {=IFERROR(AVERAGE((INDEX(neos_benchmark!AJ:AJ, (ROW()-2)*$B5+2):INDEX(neos_benchmark!AJ:AJ, (ROW()-2)*$B5 + $B5+1) - INDEX(neos_benchmark!AI:AI, (ROW()-2)*$B5+2):INDEX(neos_benchmark!AI:AI, (ROW()-2)*$B5 + $B5+1)) / 1000), "")} -> 10.1564 | AO5: {=IFERROR(MIN((INDEX(neos_benchmark!AJ:AJ, (ROW()-2)*$B5+2):INDEX(neos_benchmark!AJ:AJ, (ROW()-2)*$B5 + $B5+1) - INDEX(neos_benchmark!AI:AI, (ROW()-2)*$B5+2):INDEX(neos_benchmark!AI:AI, (ROW()-2)*$B5 + $B5+1)) / 1000), "")} -> 5.603 | AP5: {=IFERROR(MAX((INDEX(neos_benchmark!AJ:AJ, (ROW()-2)*$B5+2):INDEX(neos_benchmark!AJ:AJ, (ROW()-2)*$B5 + $B5+1) - INDEX(neos_benchmark!AI:AI, (ROW()-2)*$B5+2):INDEX(neos_benchmark!AI:AI, (ROW()-2)*$B5 + $B5+1)) / 1000), "")} -> 21.165
A6: {=INDEX(neos_benchmark!A:A, (ROW()-2)*$B6+2)} -> five-link-phc-kelly | B6: =COUNTIF(neos_benchmark!A:A, neos_benchmark!A6) -> 10 | C6: {=INDEX(neos_benchmark!C:C, (ROW()-2)*$B6+2)} -> Ipopt | D6: {=INDEX(neos_benchmark!D:D, (ROW()-2)*$B6+2)} -> 3.14.12 | E6: {=INDEX(neos_benchmark!E:E, (ROW()-2)*$B6+2)} -> solved | F6: =IFERROR(AVERAGE(INDEX(neos_benchmark!F:F, (ROW()-2)*$B6+2):INDEX(neos_benchmark!F:F, (ROW()-2)*$B6 + $B6+1)), "") -> 0 | G6: =IFERROR(AVERAGE(INDEX(neos_benchmark!G:G, (ROW()-2)*$B6+2):INDEX(neos_benchmark!G:G, (ROW()-2)*$B6 + $B6+1)), "") -> 443.14228 | H6: =IFERROR(AVERAGE(INDEX(neos_benchmark!H:H, (ROW()-2)*$B6+2):INDEX(neos_benchmark!H:H, (ROW()-2)*$B6 + $B6+1)), "") | I6: =IFERROR(AVERAGE(INDEX(neos_benchmark!I:I, (ROW()-2)*$B6+2):INDEX(neos_benchmark!I:I, (ROW()-2)*$B6 + $B6+1)), "") -> 14 | J6: =IFERROR(AVERAGE(INDEX(neos_benchmark!J:J, (ROW()-2)*$B6+2):INDEX(neos_benchmark!J:J, (ROW()-2)*$B6 + $B6+1)), "") -> 15 | K6: =IFERROR(AVERAGE(INDEX(neos_benchmark!K:K, (ROW()-2)*$B6+2):INDEX(neos_benchmark!K:K, (ROW()-2)*$B6 + $B6+1)), "") -> 15 | L6: =IFERROR(AVERAGE(INDEX(neos_benchmark!L:L, (ROW()-2)*$B6+2):INDEX(neos_benchmark!L:L, (ROW()-2)*$B6 + $B6+1)), "") -> 15 | M6: =IFERROR(AVERAGE(INDEX(neos_benchmark!M:M, (ROW()-2)*$B6+2):INDEX(neos_benchmark!M:M, (ROW()-2)*$B6 + $B6+1)), "") -> 15 | N6: =IFERROR(AVERAGE(INDEX(neos_benchmark!N:N, (ROW()-2)*$B6+2):INDEX(neos_benchmark!N:N, (ROW()-2)*$B6 + $B6+1)), "") -> 15 | O6: =IFERROR(AVERAGE(INDEX(neos_benchmark!O:O, (ROW()-2)*$B6+2):INDEX(neos_benchmark!O:O, (ROW()-2)*$B6 + $B6+1)), "") -> 15 | P6: =IFERROR(AVERAGE(INDEX(neos_benchmark!P:P, (ROW()-2)*$B6+2):INDEX(neos_benchmark!P:P, (ROW()-2)*$B6 + $B6+1)), "") -> 14 | Q6: =IFERROR(AVERAGE(INDEX(neos_benchmark!Q:Q, (ROW()-2)*$B6+2):INDEX(neos_benchmark!Q:Q, (ROW()-2)*$B6 + $B6+1)), "") -> 1.4551915e-11 | R6: =IFERROR(AVERAGE(INDEX(neos_benchmark!R:R, (ROW()-2)*$B6+2):INDEX(neos_benchmark!R:R, (ROW()-2)*$B6 + $B6+1)), "") -> 0.1011 | S6: =IFERROR(AVERAGE(INDEX(neos_benchmark!S:S, (ROW()-2)*$B6+2):INDEX(neos_benchmark!S:S, (ROW()-2)*$B6 + $B6+1)), "") -> 0.2022 | T6: =IFERROR(AVERAGE(INDEX(neos_benchmark!T:T, (ROW()-2)*$B6+2):INDEX(neos_benchmark!T:T, (ROW()-2)*$B6 + $B6+1)), "") -> 326 | U6: =IFERROR(AVERAGE(INDEX(neos_benchmark!U:U, (ROW()-2)*$B6+2):INDEX(neos_benchmark!U:U, (ROW()-2)*$B6 + $B6+1)), "") -> 300 | V6: =IFERROR(AVERAGE(INDEX(neos_benchmark!V:V, (ROW()-2)*$B6+2):INDEX(neos_benchmark!V:V, (ROW()-2)*$B6 + $B6+1)), "") -> 2 | W6: =IFERROR(AVERAGE(INDEX(neos_benchmark!W:W, (ROW()-2)*$B6+2):INDEX(neos_benchmark!W:W, (ROW()-2)*$B6 + $B6+1)), "") -> 0.3052884 | X6: =IFERROR(AVERAGE(INDEX(neos_benchmark!X:X, (ROW()-2)*$B6+2):INDEX(neos_benchmark!X:X, (ROW()-2)*$B6 + $B6+1)), "") -> 0.0548487 | Y6: =IFERROR(AVERAGE(INDEX(neos_benchmark!Y:Y, (ROW()-2)*$B6+2):INDEX(neos_benchmark!Y:Y, (ROW()-2)*$B6 + $B6+1)), "") -> 0.2550113 | Z6: =IFERROR(AVERAGE(INDEX(neos_benchmark!Z:Z, (ROW()-2)*$B6+2):INDEX(neos_benchmark!Z:Z, (ROW()-2)*$B6 + $B6+1)), "") -> 0.30986 | AA6: =IFERROR(AVERAGE(INDEX(neos_benchmark!AA:AA, (ROW()-2)*$B6+2):INDEX(neos_benchmark!AA:AA, (ROW()-2)*$B6 + $B6+1)), "") -> 0.3563615 | AB6: =IFERROR(AVERAGE(INDEX(neos_benchmark!AB:AB, (ROW()-2)*$B6+2):INDEX(neos_benchmark!AB:AB, (ROW()-2)*$B6 + $B6+1)), "") -> 0.0128023 | AC6: =IFERROR(AVERAGE(INDEX(neos_benchmark!AC:AC, (ROW()-2)*$B6+2):INDEX(neos_benchmark!AC:AC, (ROW()-2)*$B6 + $B6+1)), "") -> 0.3364702 | AD6: =IFERROR(AVERAGE(INDEX(neos_benchmark!AD:AD, (ROW()-2)*$B6+2):INDEX(neos_benchmark!AD:AD, (ROW()-2)*$B6 + $B6+1)), "") -> 0.3492725 | AE6: =IFERROR(AVERAGE(INDEX(neos_benchmark!AE:AE, (ROW()-2)*$B6+2):INDEX(neos_benchmark!AE:AE, (ROW()-2)*$B6 + $B6+1)), "") -> 46821 | AF6: =IFERROR(AVERAGE(INDEX(neos_benchmark!AF:AF, (ROW()-2)*$B6+2):INDEX(neos_benchmark!AF:AF, (ROW()-2)*$B6 + $B6+1)), "") -> 326 | AG6: =IFERROR(AVERAGE(INDEX(neos_benchmark!AG:AG, (ROW()-2)*$B6+2):INDEX(neos_benchmark!AG:AG, (ROW()-2)*$B6 + $B6+1)), "") -> 46820 | AH6: =IFERROR(AVERAGE(INDEX(neos_benchmark!AH:AH, (ROW()-2)*$B6+2):INDEX(neos_benchmark!AH:AH, (ROW()-2)*$B6 + $B6+1)), "") -> 302 | AI6: =IFERROR(AVERAGE(INDEX(neos_benchmark!AI:AI, (ROW()-2)*$B6+2):INDEX(neos_benchmark!AI:AI, (ROW()-2)*$B6 + $B6+1)), "") -> 568841.4 | AJ6: =IFERROR(AVERAGE(INDEX(neos_benchmark!AJ:AJ, (ROW()-2)*$B6+2):INDEX(neos_benchmark!AJ:AJ, (ROW()-2)*$B6 + $B6+1)), "") -> 581257.1 | AK6: {=IFERROR(AVERAGE(INDEX(neos_benchmark!W:W, (ROW()-2)*$B6+2):INDEX(neos_benchmark!W:W, (ROW()-2)*$B6 + $B6+1) + INDEX(neos_benchmark!AA:AA, (ROW()-2)*$B6+2):INDEX(neos_benchmark!AA:AA, (ROW()-2)*$B6 + $B6+1)), "")} -> 0.6616499 | AL6: {=IFERROR(MIN(INDEX(neos_benchmark!W:W, (ROW()-2)*$B6+2):INDEX(neos_benchmark!W:W, (ROW()-2)*$B6 + $B6+1) + INDEX(neos_benchmark!AA:AA, (ROW()-2)*$B6+2):INDEX(neos_benchmark!AA:AA, (ROW()-2)*$B6 + $B6+1)), "")} -> 0.447201 | AM6: {=IFERROR(MAX(INDEX(neos_benchmark!W:W, (ROW()-2)*$B6+2):INDEX(neos_benchmark!W:W, (ROW()-2)*$B6 + $B6+1) + INDEX(neos_benchmark!AA:AA, (ROW()-2)*$B6+2):INDEX(neos_benchmark!AA:AA, (ROW()-2)*$B6 + $B6+1)), "")} -> 0.917913 | AN6: {=IFERROR(AVERAGE((INDEX(neos_benchmark!AJ:AJ, (ROW()-2)*$B6+2):INDEX(neos_benchmark!AJ:AJ, (ROW()-2)*$B6 + $B6+1) - INDEX(neos_benchmark!AI:AI, (ROW()-2)*$B6+2):INDEX(neos_benchmark!AI:AI, (ROW()-2)*$B6 + $B6+1)) / 1000), "")} -> 12.4157 | AO6: {=IFERROR(MIN((INDEX(neos_benchmark!AJ:AJ, (ROW()-2)*$B6+2):INDEX(neos_benchmark!AJ:AJ, (ROW()-2)*$B6 + $B6+1) - INDEX(neos_benchmark!AI:AI, (ROW()-2)*$B6+2):INDEX(neos_benchmark!AI:AI, (ROW()-2)*$B6 + $B6+1)) / 1000), "")} -> 6.426 | AP6: {=IFERROR(MAX((INDEX(neos_benchmark!AJ:AJ, (ROW()-2)*$B6+2):INDEX(neos_benchmark!AJ:AJ, (ROW()-2)*$B6 + $B6+1) - INDEX(neos_benchmark!AI:AI, (ROW()-2)*$B6+2):INDEX(neos_benchmark!AI:AI, (ROW()-2)*$B6 + $B6+1)) / 1000), "")} -> 17.665
A7: {=INDEX(neos_benchmark!A:A, (ROW()-2)*$B7+2)} -> five-link-tropic | B7: =COUNTIF(neos_benchmark!A:A, neos_benchmark!A7) -> 10 | C7: {=INDEX(neos_benchmark!C:C, (ROW()-2)*$B7+2)} -> Ipopt | D7: {=INDEX(neos_benchmark!D:D, (ROW()-2)*$B7+2)} -> 3.14.12 | E7: {=INDEX(neos_benchmark!E:E, (ROW()-2)*$B7+2)} -> solved | F7: =IFERROR(AVERAGE(INDEX(neos_benchmark!F:F, (ROW()-2)*$B7+2):INDEX(neos_benchmark!F:F, (ROW()-2)*$B7 + $B7+1)), "") -> 0 | G7: =IFERROR(AVERAGE(INDEX(neos_benchmark!G:G, (ROW()-2)*$B7+2):INDEX(neos_benchmark!G:G, (ROW()-2)*$B7 + $B7+1)), "") -> 5.7300002 | H7: =IFERROR(AVERAGE(INDEX(neos_benchmark!H:H, (ROW()-2)*$B7+2):INDEX(neos_benchmark!H:H, (ROW()-2)*$B7 + $B7+1)), "") | I7: =IFERROR(AVERAGE(INDEX(neos_benchmark!I:I, (ROW()-2)*$B7+2):INDEX(neos_benchmark!I:I, (ROW()-2)*$B7 + $B7+1)), "") -> 161 | J7: =IFERROR(AVERAGE(INDEX(neos_benchmark!J:J, (ROW()-2)*$B7+2):INDEX(neos_benchmark!J:J, (ROW()-2)*$B7 + $B7+1)), "") -> 186 | K7: =IFERROR(AVERAGE(INDEX(neos_benchmark!K:K, (ROW()-2)*$B7+2):INDEX(neos_benchmark!K:K, (ROW()-2)*$B7 + $B7+1)), "") -> 162 | L7: =IFERROR(AVERAGE(INDEX(neos_benchmark!L:L, (ROW()-2)*$B7+2):INDEX(neos_benchmark!L:L, (ROW()-2)*$B7 + $B7+1)), "") -> 186 | M7: =IFERROR(AVERAGE(INDEX(neos_benchmark!M:M, (ROW()-2)*$B7+2):INDEX(neos_benchmark!M:M, (ROW()-2)*$B7 + $B7+1)), "") -> 186 | N7: =IFERROR(AVERAGE(INDEX(neos_benchmark!N:N, (ROW()-2)*$B7+2):INDEX(neos_benchmark!N:N, (ROW()-2)*$B7 + $B7+1)), "") -> 164 | O7: =IFERROR(AVERAGE(INDEX(neos_benchmark!O:O, (ROW()-2)*$B7+2):INDEX(neos_benchmark!O:O, (ROW()-2)*$B7 + $B7+1)), "") -> 164 | P7: =IFERROR(AVERAGE(INDEX(neos_benchmark!P:P, (ROW()-2)*$B7+2):INDEX(neos_benchmark!P:P, (ROW()-2)*$B7 + $B7+1)), "") -> 161 | Q7: =IFERROR(AVERAGE(INDEX(neos_benchmark!Q:Q, (ROW()-2)*$B7+2):INDEX(neos_benchmark!Q:Q, (ROW()-2)*$B7 + $B7+1)), "") -> 4.8149573e-10 | R7: =IFERROR(AVERAGE(INDEX(neos_benchmark!R:R, (ROW()-2)*$B7+2):INDEX(neos_benchmark!R:R, (ROW()-2)*$B7 + $B7+1)), "") -> 13.4734 | S7: =IFERROR(AVERAGE(INDEX(neos_benchmark!S:S, (ROW()-2)*$B7+2):INDEX(neos_benchmark!S:S, (ROW()-2)*$B7 + $B7+1)), "") -> 19.8147 | T7: =IFERROR(AVERAGE(INDEX(neos_benchmark!T:T, (ROW()-2)*$B7+2):INDEX(neos_benchmark!T:T, (ROW()-2)*$B7 + $B7+1)), "") -> 2345 | U7: =IFERROR(AVERAGE(INDEX(neos_benchmark!U:U, (ROW()-2)*$B7+2):INDEX(neos_benchmark!U:U, (ROW()-2)*$B7 + $B7+1)), "") -> 2331 | V7: =IFERROR(AVERAGE(INDEX(neos_benchmark!V:V, (ROW()-2)*$B7+2):INDEX(neos_benchmark!V:V, (ROW()-2)*$B7 + $B7+1)), "") -> 206 | W7: =IFERROR(AVERAGE(INDEX(neos_benchmark!W:W, (ROW()-2)*$B7+2):INDEX(neos_benchmark!W:W, (ROW()-2)*$B7 + $B7+1)), "") -> 2.6255252 | X7: =IFERROR(AVERAGE(INDEX(neos_benchmark!X:X, (ROW()-2)*$B7+2):INDEX(neos_benchmark!X:X, (ROW()-2)*$B7 + $B7+1)), "") -> 0.3267402 | Y7: =IFERROR(AVERAGE(INDEX(neos_benchmark!Y:Y, (ROW()-2)*$B7+2):INDEX(neos_benchmark!Y:Y, (ROW()-2)*$B7 + $B7+1)), "") -> 2.3048189 | Z7: =IFERROR(AVERAGE(INDEX(neos_benchmark!Z:Z, (ROW()-2)*$B7+2):INDEX(neos_benchmark!Z:Z, (ROW()-2)*$B7 + $B7+1)), "") -> 2.6315591 | AA7: =IFERROR(AVERAGE(INDEX(neos_benchmark!AA:AA, (ROW()-2)*$B7+2):INDEX(neos_benchmark!AA:AA, (ROW()-2)*$B7 + $B7+1)), "") -> 33.628937 | AB7: =IFERROR(AVERAGE(INDEX(neos_benchmark!AB:AB, (ROW()-2)*$B7+2):INDEX(neos_benchmark!AB:AB, (ROW()-2)*$B7 + $B7+1)), "") -> 0.084947 | AC7: =IFERROR(AVERAGE(INDEX(neos_benchmark!AC:AC, (ROW()-2)*$B7+2):INDEX(neos_benchmark!AC:AC, (ROW()-2)*$B7 + $B7+1)), "") -> 33.438063 | AD7: =IFERROR(AVERAGE(INDEX(neos_benchmark!AD:AD, (ROW()-2)*$B7+2):INDEX(neos_benchmark!AD:AD, (ROW()-2)*$B7 + $B7+1)), "") -> 33.52301 | AE7: =IFERROR(AVERAGE(INDEX(neos_benchmark!AE:AE, (ROW()-2)*$B7+2):INDEX(neos_benchmark!AE:AE, (ROW()-2)*$B7 + $B7+1)), "") -> 371155 | AF7: =IFERROR(AVERAGE(INDEX(neos_benchmark!AF:AF, (ROW()-2)*$B7+2):INDEX(neos_benchmark!AF:AF, (ROW()-2)*$B7 + $B7+1)), "") -> 2345 | AG7: =IFERROR(AVERAGE(INDEX(neos_benchmark!AG:AG, (ROW()-2)*$B7+2):INDEX(neos_benchmark!AG:AG, (ROW()-2)*$B7 + $B7+1)), "") -> 372492 | AH7: =IFERROR(AVERAGE(INDEX(neos_benchmark!AH:AH, (ROW()-2)*$B7+2):INDEX(neos_benchmark!AH:AH, (ROW()-2)*$B7 + $B7+1)), "") -> 2537 | AI7: =IFERROR(AVERAGE(INDEX(neos_benchmark!AI:AI, (ROW()-2)*$B7+2):INDEX(neos_benchmark!AI:AI, (ROW()-2)*$B7 + $B7+1)), "") -> 698863.8 | AJ7: =IFERROR(AVERAGE(INDEX(neos_benchmark!AJ:AJ, (ROW()-2)*$B7+2):INDEX(neos_benchmark!AJ:AJ, (ROW()-2)*$B7 + $B7+1)), "") -> 768875 | AK7: {=IFERROR(AVERAGE(INDEX(neos_benchmark!W:W, (ROW()-2)*$B7+2):INDEX(neos_benchmark!W:W, (ROW()-2)*$B7 + $B7+1) + INDEX(neos_benchmark!AA:AA, (ROW()-2)*$B7+2):INDEX(neos_benchmark!AA:AA, (ROW()-2)*$B7 + $B7+1)), "")} -> 36.254462 | AL7: {=IFERROR(MIN(INDEX(neos_benchmark!W:W, (ROW()-2)*$B7+2):INDEX(neos_benchmark!W:W, (ROW()-2)*$B7 + $B7+1) + INDEX(neos_benchmark!AA:AA, (ROW()-2)*$B7+2):INDEX(neos_benchmark!AA:AA, (ROW()-2)*$B7 + $B7+1)), "")} -> 30.205931 | AM7: {=IFERROR(MAX(INDEX(neos_benchmark!W:W, (ROW()-2)*$B7+2):INDEX(neos_benchmark!W:W, (ROW()-2)*$B7 + $B7+1) + INDEX(neos_benchmark!AA:AA, (ROW()-2)*$B7+2):INDEX(neos_benchmark!AA:AA, (ROW()-2)*$B7 + $B7+1)), "")} -> 53.456733 | AN7: {=IFERROR(AVERAGE((INDEX(neos_benchmark!AJ:AJ, (ROW()-2)*$B7+2):INDEX(neos_benchmark!AJ:AJ, (ROW()-2)*$B7 + $B7+1) - INDEX(neos_benchmark!AI:AI, (ROW()-2)*$B7+2):INDEX(neos_benchmark!AI:AI, (ROW()-2)*$B7 + $B7+1)) / 1000), "")} -> 70.0112 | AO7: {=IFERROR(MIN((INDEX(neos_benchmark!AJ:AJ, (ROW()-2)*$B7+2):INDEX(neos_benchmark!AJ:AJ, (ROW()-2)*$B7 + $B7+1) - INDEX(neos_benchmark!AI:AI, (ROW()-2)*$B7+2):INDEX(neos_benchmark!AI:AI, (ROW()-2)*$B7 + $B7+1)) / 1000), "")} -> 43.081 | AP7: {=IFERROR(MAX((INDEX(neos_benchmark!AJ:AJ, (ROW()-2)*$B7+2):INDEX(neos_benchmark!AJ:AJ, (ROW()-2)*$B7 + $B7+1) - INDEX(neos_benchmark!AI:AI, (ROW()-2)*$B7+2):INDEX(neos_benchmark!AI:AI, (ROW()-2)*$B7 + $B7+1)) / 1000), "")} -> 99.629
A8: {=INDEX(neos_benchmark!A:A, (ROW()-2)*$B8+2)} -> grasp-cbc | B8: =COUNTIF(neos_benchmark!A:A, neos_benchmark!A8) -> 10 | C8: {=INDEX(neos_benchmark!C:C, (ROW()-2)*$B8+2)} -> CBC | D8: {=INDEX(neos_benchmark!D:D, (ROW()-2)*$B8+2)} -> 2.10.10 | E8: {=INDEX(neos_benchmark!E:E, (ROW()-2)*$B8+2)} | F8: =IFERROR(AVERAGE(INDEX(neos_benchmark!F:F, (ROW()-2)*$B8+2):INDEX(neos_benchmark!F:F, (ROW()-2)*$B8 + $B8+1)), "") | G8: =IFERROR(AVERAGE(INDEX(neos_benchmark!G:G, (ROW()-2)*$B8+2):INDEX(neos_benchmark!G:G, (ROW()-2)*$B8 + $B8+1)), "") | H8: =IFERROR(AVERAGE(INDEX(neos_benchmark!H:H, (ROW()-2)*$B8+2):INDEX(neos_benchmark!H:H, (ROW()-2)*$B8 + $B8+1)), "") | I8: =IFERROR(AVERAGE(INDEX(neos_benchmark!I:I, (ROW()-2)*$B8+2):INDEX(neos_benchmark!I:I, (ROW()-2)*$B8 + $B8+1)), "") | J8: =IFERROR(AVERAGE(INDEX(neos_benchmark!J:J, (ROW()-2)*$B8+2):INDEX(neos_benchmark!J:J, (ROW()-2)*$B8 + $B8+1)), "") | K8: =IFERROR(AVERAGE(INDEX(neos_benchmark!K:K, (ROW()-2)*$B8+2):INDEX(neos_benchmark!K:K, (ROW()-2)*$B8 + $B8+1)), "") | L8: =IFERROR(AVERAGE(INDEX(neos_benchmark!L:L, (ROW()-2)*$B8+2):INDEX(neos_benchmark!L:L, (ROW()-2)*$B8 + $B8+1)), "") | M8: =IFERROR(AVERAGE(INDEX(neos_benchmark!M:M, (ROW()-2)*$B8+2):INDEX(neos_benchmark!M:M, (ROW()-2)*$B8 + $B8+1)), "") | N8: =IFERROR(AVERAGE(INDEX(neos_benchmark!N:N, (ROW()-2)*$B8+2):INDEX(neos_benchmark!N:N, (ROW()-2)*$B8 + $B8+1)), "") | O8: =IFERROR(AVERAGE(INDEX(neos_benchmark!O:O, (ROW()-2)*$B8+2):INDEX(neos_benchmark!O:O, (ROW()-2)*$B8 + $B8+1)), "") | P8: =IFERROR(AVERAGE(INDEX(neos_benchmark!P:P, (ROW()-2)*$B8+2):INDEX(neos_benchmark!P:P, (ROW()-2)*$B8 + $B8+1)), "") | Q8: =IFERROR(AVERAGE(INDEX(neos_benchmark!Q:Q, (ROW()-2)*$B8+2):INDEX(neos_benchmark!Q:Q, (ROW()-2)*$B8 + $B8+1)), "") | R8: =IFERROR(AVERAGE(INDEX(neos_benchmark!R:R, (ROW()-2)*$B8+2):INDEX(neos_benchmark!R:R, (ROW()-2)*$B8 + $B8+1)), "") | S8: =IFERROR(AVERAGE(INDEX(neos_benchmark!S:S, (ROW()-2)*$B8+2):INDEX(neos_benchmark!S:S, (ROW()-2)*$B8 + $B8+1)), "") | T8: =IFERROR(AVERAGE(INDEX(neos_benchmark!T:T, (ROW()-2)*$B8+2):INDEX(neos_benchmark!T:T, (ROW()-2)*$B8 + $B8+1)), "") | U8: =IFERROR(AVERAGE(INDEX(neos_benchmark!U:U, (ROW()-2)*$B8+2):INDEX(neos_benchmark!U:U, (ROW()-2)*$B8 + $B8+1)), "") | V8: =IFERROR(AVERAGE(INDEX(neos_benchmark!V:V, (ROW()-2)*$B8+2):INDEX(neos_benchmark!V:V, (ROW()-2)*$B8 + $B8+1)), "") | W8: =IFERROR(AVERAGE(INDEX(neos_benchmark!W:W, (ROW()-2)*$B8+2):INDEX(neos_benchmark!W:W, (ROW()-2)*$B8 + $B8+1)), "") | X8: =IFERROR(AVERAGE(INDEX(neos_benchmark!X:X, (ROW()-2)*$B8+2):INDEX(neos_benchmark!X:X, (ROW()-2)*$B8 + $B8+1)), "") | Y8: =IFERROR(AVERAGE(INDEX(neos_benchmark!Y:Y, (ROW()-2)*$B8+2):INDEX(neos_benchmark!Y:Y, (ROW()-2)*$B8 + $B8+1)), "") | Z8: =IFERROR(AVERAGE(INDEX(neos_benchmark!Z:Z, (ROW()-2)*$B8+2):INDEX(neos_benchmark!Z:Z, (ROW()-2)*$B8 + $B8+1)), "") | AA8: =IFERROR(AVERAGE(INDEX(neos_benchmark!AA:AA, (ROW()-2)*$B8+2):INDEX(neos_benchmark!AA:AA, (ROW()-2)*$B8 + $B8+1)), "") | AB8: =IFERROR(AVERAGE(INDEX(neos_benchmark!AB:AB, (ROW()-2)*$B8+2):INDEX(neos_benchmark!AB:AB, (ROW()-2)*$B8 + $B8+1)), "") | AC8: =IFERROR(AVERAGE(INDEX(neos_benchmark!AC:AC, (ROW()-2)*$B8+2):INDEX(neos_benchmark!AC:AC, (ROW()-2)*$B8 + $B8+1)), "") | AD8: =IFERROR(AVERAGE(INDEX(neos_benchmark!AD:AD, (ROW()-2)*$B8+2):INDEX(neos_benchmark!AD:AD, (ROW()-2)*$B8 + $B8+1)), "") | AE8: =IFERROR(AVERAGE(INDEX(neos_benchmark!AE:AE, (ROW()-2)*$B8+2):INDEX(neos_benchmark!AE:AE, (ROW()-2)*$B8 + $B8+1)), "") | AF8: =IFERROR(AVERAGE(INDEX(neos_benchmark!AF:AF, (ROW()-2)*$B8+2):INDEX(neos_benchmark!AF:AF, (ROW()-2)*$B8 + $B8+1)), "") | AG8: =IFERROR(AVERAGE(INDEX(neos_benchmark!AG:AG, (ROW()-2)*$B8+2):INDEX(neos_benchmark!AG:AG, (ROW()-2)*$B8 + $B8+1)), "") | AH8: =IFERROR(AVERAGE(INDEX(neos_benchmark!AH:AH, (ROW()-2)*$B8+2):INDEX(neos_benchmark!AH:AH, (ROW()-2)*$B8 + $B8+1)), "") | AI8: =IFERROR(AVERAGE(INDEX(neos_benchmark!AI:AI, (ROW()-2)*$B8+2):INDEX(neos_benchmark!AI:AI, (ROW()-2)*$B8 + $B8+1)), "") -> 864273.1 | AJ8: =IFERROR(AVERAGE(INDEX(neos_benchmark!AJ:AJ, (ROW()-2)*$B8+2):INDEX(neos_benchmark!AJ:AJ, (ROW()-2)*$B8 + $B8+1)), "") -> 904922 | AK8: {=IFERROR(AVERAGE(INDEX(neos_benchmark!W:W, (ROW()-2)*$B8+2):INDEX(neos_benchmark!W:W, (ROW()-2)*$B8 + $B8+1) + INDEX(neos_benchmark!AA:AA, (ROW()-2)*$B8+2):INDEX(neos_benchmark!AA:AA, (ROW()-2)*$B8 + $B8+1)), "")} -> 0 | AL8: {=IFERROR(MIN(INDEX(neos_benchmark!W:W, (ROW()-2)*$B8+2):INDEX(neos_benchmark!W:W, (ROW()-2)*$B8 + $B8+1) + INDEX(neos_benchmark!AA:AA, (ROW()-2)*$B8+2):INDEX(neos_benchmark!AA:AA, (ROW()-2)*$B8 + $B8+1)), "")} -> 0 | AM8: {=IFERROR(MAX(INDEX(neos_benchmark!W:W, (ROW()-2)*$B8+2):INDEX(neos_benchmark!W:W, (ROW()-2)*$B8 + $B8+1) + INDEX(neos_benchmark!AA:AA, (ROW()-2)*$B8+2):INDEX(neos_benchmark!AA:AA, (ROW()-2)*$B8 + $B8+1)), "")} -> 0 | AN8: {=IFERROR(AVERAGE((INDEX(neos_benchmark!AJ:AJ, (ROW()-2)*$B8+2):INDEX(neos_benchmark!AJ:AJ, (ROW()-2)*$B8 + $B8+1) - INDEX(neos_benchmark!AI:AI, (ROW()-2)*$B8+2):INDEX(neos_benchmark!AI:AI, (ROW()-2)*$B8 + $B8+1)) / 1000), "")} -> 40.6489 | AO8: {=IFERROR(MIN((INDEX(neos_benchmark!AJ:AJ, (ROW()-2)*$B8+2):INDEX(neos_benchmark!AJ:AJ, (ROW()-2)*$B8 + $B8+1) - INDEX(neos_benchmark!AI:AI, (ROW()-2)*$B8+2):INDEX(neos_benchmark!AI:AI, (ROW()-2)*$B8 + $B8+1)) / 1000), "")} -> 12.898 | AP8: {=IFERROR(MAX((INDEX(neos_benchmark!AJ:AJ, (ROW()-2)*$B8+2):INDEX(neos_benchmark!AJ:AJ, (ROW()-2)*$B8 + $B8+1) - INDEX(neos_benchmark!AI:AI, (ROW()-2)*$B8+2):INDEX(neos_benchmark!AI:AI, (ROW()-2)*$B8 + $B8+1)) / 1000), "")} -> 73.422
A9: {=INDEX(neos_benchmark!A:A, (ROW()-2)*$B9+2)} -> grasp-conopt | B9: =COUNTIF(neos_benchmark!A:A, neos_benchmark!A9) -> 10 | C9: {=INDEX(neos_benchmark!C:C, (ROW()-2)*$B9+2)} -> CONOPT | D9: {=INDEX(neos_benchmark!D:D, (ROW()-2)*$B9+2)} -> 4.38.1 | E9: {=INDEX(neos_benchmark!E:E, (ROW()-2)*$B9+2)} -> solved? | F9: =IFERROR(AVERAGE(INDEX(neos_benchmark!F:F, (ROW()-2)*$B9+2):INDEX(neos_benchmark!F:F, (ROW()-2)*$B9 + $B9+1)), "") -> 100 | G9: =IFERROR(AVERAGE(INDEX(neos_benchmark!G:G, (ROW()-2)*$B9+2):INDEX(neos_benchmark!G:G, (ROW()-2)*$B9 + $B9+1)), "") -> 6 | H9: =IFERROR(AVERAGE(INDEX(neos_benchmark!H:H, (ROW()-2)*$B9+2):INDEX(neos_benchmark!H:H, (ROW()-2)*$B9 + $B9+1)), "") | I9: =IFERROR(AVERAGE(INDEX(neos_benchmark!I:I, (ROW()-2)*$B9+2):INDEX(neos_benchmark!I:I, (ROW()-2)*$B9 + $B9+1)), "") | J9: =IFERROR(AVERAGE(INDEX(neos_benchmark!J:J, (ROW()-2)*$B9+2):INDEX(neos_benchmark!J:J, (ROW()-2)*$B9 + $B9+1)), "") | K9: =IFERROR(AVERAGE(INDEX(neos_benchmark!K:K, (ROW()-2)*$B9+2):INDEX(neos_benchmark!K:K, (ROW()-2)*$B9 + $B9+1)), "") | L9: =IFERROR(AVERAGE(INDEX(neos_benchmark!L:L, (ROW()-2)*$B9+2):INDEX(neos_benchmark!L:L, (ROW()-2)*$B9 + $B9+1)), "") | M9: =IFERROR(AVERAGE(INDEX(neos_benchmark!M:M, (ROW()-2)*$B9+2):INDEX(neos_benchmark!M:M, (ROW()-2)*$B9 + $B9+1)), "") | N9: =IFERROR(AVERAGE(INDEX(neos_benchmark!N:N, (ROW()-2)*$B9+2):INDEX(neos_benchmark!N:N, (ROW()-2)*$B9 + $B9+1)), "") | O9: =IFERROR(AVERAGE(INDEX(neos_benchmark!O:O, (ROW()-2)*$B9+2):INDEX(neos_benchmark!O:O, (ROW()-2)*$B9 + $B9+1)), "") | P9: =IFERROR(AVERAGE(INDEX(neos_benchmark!P:P, (ROW()-2)*$B9+2):INDEX(neos_benchmark!P:P, (ROW()-2)*$B9 + $B9+1)), "") | Q9: =IFERROR(AVERAGE(INDEX(neos_benchmark!Q:Q, (ROW()-2)*$B9+2):INDEX(neos_benchmark!Q:Q, (ROW()-2)*$B9 + $B9+1)), "") | R9: =IFERROR(AVERAGE(INDEX(neos_benchmark!R:R, (ROW()-2)*$B9+2):INDEX(neos_benchmark!R:R, (ROW()-2)*$B9 + $B9+1)), "") | S9: =IFERROR(AVERAGE(INDEX(neos_benchmark!S:S, (ROW()-2)*$B9+2):INDEX(neos_benchmark!S:S, (ROW()-2)*$B9 + $B9+1)), "") | T9: =IFERROR(AVERAGE(INDEX(neos_benchmark!T:T, (ROW()-2)*$B9+2):INDEX(neos_benchmark!T:T, (ROW()-2)*$B9 + $B9+1)), "") | U9: =IFERROR(AVERAGE(INDEX(neos_benchmark!U:U, (ROW()-2)*$B9+2):INDEX(neos_benchmark!U:U, (ROW()-2)*$B9 + $B9+1)), "") | V9: =IFERROR(AVERAGE(INDEX(neos_benchmark!V:V, (ROW()-2)*$B9+2):INDEX(neos_benchmark!V:V, (ROW()-2)*$B9 + $B9+1)), "") | W9: =IFERROR(AVERAGE(INDEX(neos_benchmark!W:W, (ROW()-2)*$B9+2):INDEX(neos_benchmark!W:W, (ROW()-2)*$B9 + $B9+1)), "") -> 0.1504551 | X9: =IFERROR(AVERAGE(INDEX(neos_benchmark!X:X, (ROW()-2)*$B9+2):INDEX(neos_benchmark!X:X, (ROW()-2)*$B9 + $B9+1)), "") -> 0.0228144 | Y9: =IFERROR(AVERAGE(INDEX(neos_benchmark!Y:Y, (ROW()-2)*$B9+2):INDEX(neos_benchmark!Y:Y, (ROW()-2)*$B9 + $B9+1)), "") -> 0.1314911 | Z9: =IFERROR(AVERAGE(INDEX(neos_benchmark!Z:Z, (ROW()-2)*$B9+2):INDEX(neos_benchmark!Z:Z, (ROW()-2)*$B9 + $B9+1)), "") -> 0.1543055 | AA9: =IFERROR(AVERAGE(INDEX(neos_benchmark!AA:AA, (ROW()-2)*$B9+2):INDEX(neos_benchmark!AA:AA, (ROW()-2)*$B9 + $B9+1)), "") -> 0.0211591 | AB9: =IFERROR(AVERAGE(INDEX(neos_benchmark!AB:AB, (ROW()-2)*$B9+2):INDEX(neos_benchmark!AB:AB, (ROW()-2)*$B9 + $B9+1)), "") -> 0.0032305 | AC9: =IFERROR(AVERAGE(INDEX(neos_benchmark!AC:AC, (ROW()-2)*$B9+2):INDEX(neos_benchmark!AC:AC, (ROW()-2)*$B9 + $B9+1)), "") -> 0.0036042 | AD9: =IFERROR(AVERAGE(INDEX(neos_benchmark!AD:AD, (ROW()-2)*$B9+2):INDEX(neos_benchmark!AD:AD, (ROW()-2)*$B9 + $B9+1)), "") -> 0.0068347 | AE9: =IFERROR(AVERAGE(INDEX(neos_benchmark!AE:AE, (ROW()-2)*$B9+2):INDEX(neos_benchmark!AE:AE, (ROW()-2)*$B9 + $B9+1)), "") -> 29729 | AF9: =IFERROR(AVERAGE(INDEX(neos_benchmark!AF:AF, (ROW()-2)*$B9+2):INDEX(neos_benchmark!AF:AF, (ROW()-2)*$B9 + $B9+1)), "") -> 73 | AG9: =IFERROR(AVERAGE(INDEX(neos_benchmark!AG:AG, (ROW()-2)*$B9+2):INDEX(neos_benchmark!AG:AG, (ROW()-2)*$B9 + $B9+1)), "") -> 29766 | AH9: =IFERROR(AVERAGE(INDEX(neos_benchmark!AH:AH, (ROW()-2)*$B9+2):INDEX(neos_benchmark!AH:AH, (ROW()-2)*$B9 + $B9+1)), "") -> 80 | AI9: =IFERROR(AVERAGE(INDEX(neos_benchmark!AI:AI, (ROW()-2)*$B9+2):INDEX(neos_benchmark!AI:AI, (ROW()-2)*$B9 + $B9+1)), "") -> 493932.6 | AJ9: =IFERROR(AVERAGE(INDEX(neos_benchmark!AJ:AJ, (ROW()-2)*$B9+2):INDEX(neos_benchmark!AJ:AJ, (ROW()-2)*$B9 + $B9+1)), "") -> 508530.8 | AK9: {=IFERROR(AVERAGE(INDEX(neos_benchmark!W:W, (ROW()-2)*$B9+2):INDEX(neos_benchmark!W:W, (ROW()-2)*$B9 + $B9+1) + INDEX(neos_benchmark!AA:AA, (ROW()-2)*$B9+2):INDEX(neos_benchmark!AA:AA, (ROW()-2)*$B9 + $B9+1)), "")} -> 0.1716142 | AL9: {=IFERROR(MIN(INDEX(neos_benchmark!W:W, (ROW()-2)*$B9+2):INDEX(neos_benchmark!W:W, (ROW()-2)*$B9 + $B9+1) + INDEX(neos_benchmark!AA:AA, (ROW()-2)*$B9+2):INDEX(neos_benchmark!AA:AA, (ROW()-2)*$B9 + $B9+1)), "")} -> 0.123309 | AM9: {=IFERROR(MAX(INDEX(neos_benchmark!W:W, (ROW()-2)*$B9+2):INDEX(neos_benchmark!W:W, (ROW()-2)*$B9 + $B9+1) + INDEX(neos_benchmark!AA:AA, (ROW()-2)*$B9+2):INDEX(neos_benchmark!AA:AA, (ROW()-2)*$B9 + $B9+1)), "")} -> 0.361378 | AN9: {=IFERROR(AVERAGE((INDEX(neos_benchmark!AJ:AJ, (ROW()-2)*$B9+2):INDEX(neos_benchmark!AJ:AJ, (ROW()-2)*$B9 + $B9+1) - INDEX(neos_benchmark!AI:AI, (ROW()-2)*$B9+2):INDEX(neos_benchmark!AI:AI, (ROW()-2)*$B9 + $B9+1)) / 1000), "")} -> 14.5982 | AO9: {=IFERROR(MIN((INDEX(neos_benchmark!AJ:AJ, (ROW()-2)*$B9+2):INDEX(neos_benchmark!AJ:AJ, (ROW()-2)*$B9 + $B9+1) - INDEX(neos_benchmark!AI:AI, (ROW()-2)*$B9+2):INDEX(neos_benchmark!AI:AI, (ROW()-2)*$B9 + $B9+1)) / 1000), "")} -> 4.718 | AP9: {=IFERROR(MAX((INDEX(neos_benchmark!AJ:AJ, (ROW()-2)*$B9+2):INDEX(neos_benchmark!AJ:AJ, (ROW()-2)*$B9 + $B9+1) - INDEX(neos_benchmark!AI:AI, (ROW()-2)*$B9+2):INDEX(neos_benchmark!AI:AI, (ROW()-2)*$B9 + $B9+1)) / 1000), "")} -> 35.549
A10: {=INDEX(neos_benchmark!A:A, (ROW()-2)*$B10+2)} -> grasp-gurobi | B10: =COUNTIF(neos_benchmark!A:A, neos_benchmark!A10) -> 10 | C10: {=INDEX(neos_benchmark!C:C, (ROW()-2)*$B10+2)} | D10: {=INDEX(neos_benchmark!D:D, (ROW()-2)*$B10+2)} | E10: {=INDEX(neos_benchmark!E:E, (ROW()-2)*$B10+2)} -> XML-RPC rejected | F10: =IFERROR(AVERAGE(INDEX(neos_benchmark!F:F, (ROW()-2)*$B10+2):INDEX(neos_benchmark!F:F, (ROW()-2)*$B10 + $B10+1)), "") | G10: =IFERROR(AVERAGE(INDEX(neos_benchmark!G:G, (ROW()-2)*$B10+2):INDEX(neos_benchmark!G:G, (ROW()-2)*$B10 + $B10+1)), "") | H10: =IFERROR(AVERAGE(INDEX(neos_benchmark!H:H, (ROW()-2)*$B10+2):INDEX(neos_benchmark!H:H, (ROW()-2)*$B10 + $B10+1)), "") | I10: =IFERROR(AVERAGE(INDEX(neos_benchmark!I:I, (ROW()-2)*$B10+2):INDEX(neos_benchmark!I:I, (ROW()-2)*$B10 + $B10+1)), "") | J10: =IFERROR(AVERAGE(INDEX(neos_benchmark!J:J, (ROW()-2)*$B10+2):INDEX(neos_benchmark!J:J, (ROW()-2)*$B10 + $B10+1)), "") | K10: =IFERROR(AVERAGE(INDEX(neos_benchmark!K:K, (ROW()-2)*$B10+2):INDEX(neos_benchmark!K:K, (ROW()-2)*$B10 + $B10+1)), "") | L10: =IFERROR(AVERAGE(INDEX(neos_benchmark!L:L, (ROW()-2)*$B10+2):INDEX(neos_benchmark!L:L, (ROW()-2)*$B10 + $B10+1)), "") | M10: =IFERROR(AVERAGE(INDEX(neos_benchmark!M:M, (ROW()-2)*$B10+2):INDEX(neos_benchmark!M:M, (ROW()-2)*$B10 + $B10+1)), "") | N10: =IFERROR(AVERAGE(INDEX(neos_benchmark!N:N, (ROW()-2)*$B10+2):INDEX(neos_benchmark!N:N, (ROW()-2)*$B10 + $B10+1)), "") | O10: =IFERROR(AVERAGE(INDEX(neos_benchmark!O:O, (ROW()-2)*$B10+2):INDEX(neos_benchmark!O:O, (ROW()-2)*$B10 + $B10+1)), "") | P10: =IFERROR(AVERAGE(INDEX(neos_benchmark!P:P, (ROW()-2)*$B10+2):INDEX(neos_benchmark!P:P, (ROW()-2)*$B10 + $B10+1)), "") | Q10: =IFERROR(AVERAGE(INDEX(neos_benchmark!Q:Q, (ROW()-2)*$B10+2):INDEX(neos_benchmark!Q:Q, (ROW()-2)*$B10 + $B10+1)), "") | R10: =IFERROR(AVERAGE(INDEX(neos_benchmark!R:R, (ROW()-2)*$B10+2):INDEX(neos_benchmark!R:R, (ROW()-2)*$B10 + $B10+1)), "") | S10: =IFERROR(AVERAGE(INDEX(neos_benchmark!S:S, (ROW()-2)*$B10+2):INDEX(neos_benchmark!S:S, (ROW()-2)*$B10 + $B10+1)), "") | T10: =IFERROR(AVERAGE(INDEX(neos_benchmark!T:T, (ROW()-2)*$B10+2):INDEX(neos_benchmark!T:T, (ROW()-2)*$B10 + $B10+1)), "") | U10: =IFERROR(AVERAGE(INDEX(neos_benchmark!U:U, (ROW()-2)*$B10+2):INDEX(neos_benchmark!U:U, (ROW()-2)*$B10 + $B10+1)), "") | V10: =IFERROR(AVERAGE(INDEX(neos_benchmark!V:V, (ROW()-2)*$B10+2):INDEX(neos_benchmark!V:V, (ROW()-2)*$B10 + $B10+1)), "") | W10: =IFERROR(AVERAGE(INDEX(neos_benchmark!W:W, (ROW()-2)*$B10+2):INDEX(neos_benchmark!W:W, (ROW()-2)*$B10 + $B10+1)), "") | X10: =IFERROR(AVERAGE(INDEX(neos_benchmark!X:X, (ROW()-2)*$B10+2):INDEX(neos_benchmark!X:X, (ROW()-2)*$B10 + $B10+1)), "") | Y10: =IFERROR(AVERAGE(INDEX(neos_benchmark!Y:Y, (ROW()-2)*$B10+2):INDEX(neos_benchmark!Y:Y, (ROW()-2)*$B10 + $B10+1)), "") | Z10: =IFERROR(AVERAGE(INDEX(neos_benchmark!Z:Z, (ROW()-2)*$B10+2):INDEX(neos_benchmark!Z:Z, (ROW()-2)*$B10 + $B10+1)), "") | AA10: =IFERROR(AVERAGE(INDEX(neos_benchmark!AA:AA, (ROW()-2)*$B10+2):INDEX(neos_benchmark!AA:AA, (ROW()-2)*$B10 + $B10+1)), "") | AB10: =IFERROR(AVERAGE(INDEX(neos_benchmark!AB:AB, (ROW()-2)*$B10+2):INDEX(neos_benchmark!AB:AB, (ROW()-2)*$B10 + $B10+1)), "") | AC10: =IFERROR(AVERAGE(INDEX(neos_benchmark!AC:AC, (ROW()-2)*$B10+2):INDEX(neos_benchmark!AC:AC, (ROW()-2)*$B10 + $B10+1)), "") | AD10: =IFERROR(AVERAGE(INDEX(neos_benchmark!AD:AD, (ROW()-2)*$B10+2):INDEX(neos_benchmark!AD:AD, (ROW()-2)*$B10 + $B10+1)), "") | AE10: =IFERROR(AVERAGE(INDEX(neos_benchmark!AE:AE, (ROW()-2)*$B10+2):INDEX(neos_benchmark!AE:AE, (ROW()-2)*$B10 + $B10+1)), "") | AF10: =IFERROR(AVERAGE(INDEX(neos_benchmark!AF:AF, (ROW()-2)*$B10+2):INDEX(neos_benchmark!AF:AF, (ROW()-2)*$B10 + $B10+1)), "") | AG10: =IFERROR(AVERAGE(INDEX(neos_benchmark!AG:AG, (ROW()-2)*$B10+2):INDEX(neos_benchmark!AG:AG, (ROW()-2)*$B10 + $B10+1)), "") | AH10: =IFERROR(AVERAGE(INDEX(neos_benchmark!AH:AH, (ROW()-2)*$B10+2):INDEX(neos_benchmark!AH:AH, (ROW()-2)*$B10 + $B10+1)), "") | AI10: =IFERROR(AVERAGE(INDEX(neos_benchmark!AI:AI, (ROW()-2)*$B10+2):INDEX(neos_benchmark!AI:AI, (ROW()-2)*$B10 + $B10+1)), "") -> 499571.2 | AJ10: =IFERROR(AVERAGE(INDEX(neos_benchmark!AJ:AJ, (ROW()-2)*$B10+2):INDEX(neos_benchmark!AJ:AJ, (ROW()-2)*$B10 + $B10+1)), "") -> 508214.9 | AK10: {=IFERROR(AVERAGE(INDEX(neos_benchmark!W:W, (ROW()-2)*$B10+2):INDEX(neos_benchmark!W:W, (ROW()-2)*$B10 + $B10+1) + INDEX(neos_benchmark!AA:AA, (ROW()-2)*$B10+2):INDEX(neos_benchmark!AA:AA, (ROW()-2)*$B10 + $B10+1)), "")} -> 0 | AL10: {=IFERROR(MIN(INDEX(neos_benchmark!W:W, (ROW()-2)*$B10+2):INDEX(neos_benchmark!W:W, (ROW()-2)*$B10 + $B10+1) + INDEX(neos_benchmark!AA:AA, (ROW()-2)*$B10+2):INDEX(neos_benchmark!AA:AA, (ROW()-2)*$B10 + $B10+1)), "")} -> 0 | AM10: {=IFERROR(MAX(INDEX(neos_benchmark!W:W, (ROW()-2)*$B10+2):INDEX(neos_benchmark!W:W, (ROW()-2)*$B10 + $B10+1) + INDEX(neos_benchmark!AA:AA, (ROW()-2)*$B10+2):INDEX(neos_benchmark!AA:AA, (ROW()-2)*$B10 + $B10+1)), "")} -> 0 | AN10: {=IFERROR(AVERAGE((INDEX(neos_benchmark!AJ:AJ, (ROW()-2)*$B10+2):INDEX(neos_benchmark!AJ:AJ, (ROW()-2)*$B10 + $B10+1) - INDEX(neos_benchmark!AI:AI, (ROW()-2)*$B10+2):INDEX(neos_benchmark!AI:AI, (ROW()-2)*$B10 + $B10+1)) / 1000), "")} -> 8.6437 | AO10: {=IFERROR(MIN((INDEX(neos_benchmark!AJ:AJ, (ROW()-2)*$B10+2):INDEX(neos_benchmark!AJ:AJ, (ROW()-2)*$B10 + $B10+1) - INDEX(neos_benchmark!AI:AI, (ROW()-2)*$B10+2):INDEX(neos_benchmark!AI:AI, (ROW()-2)*$B10 + $B10+1)) / 1000), "")} -> 2.394 | AP10: {=IFERROR(MAX((INDEX(neos_benchmark!AJ:AJ, (ROW()-2)*$B10+2):INDEX(neos_benchmark!AJ:AJ, (ROW()-2)*$B10 + $B10+1) - INDEX(neos_benchmark!AI:AI, (ROW()-2)*$B10+2):INDEX(neos_benchmark!AI:AI, (ROW()-2)*$B10 + $B10+1)) / 1000), "")} -> 25.786
A11: {=INDEX(neos_benchmark!A:A, (ROW()-2)*$B11+2)} -> grasp-highs | B11: =COUNTIF(neos_benchmark!A:A, neos_benchmark!A11) -> 10 | C11: {=INDEX(neos_benchmark!C:C, (ROW()-2)*$B11+2)} -> HiGHS | D11: {=INDEX(neos_benchmark!D:D, (ROW()-2)*$B11+2)} -> 1.11.0 | E11: {=INDEX(neos_benchmark!E:E, (ROW()-2)*$B11+2)} -> failure | F11: =IFERROR(AVERAGE(INDEX(neos_benchmark!F:F, (ROW()-2)*$B11+2):INDEX(neos_benchmark!F:F, (ROW()-2)*$B11 + $B11+1)), "") -> 500 | G11: =IFERROR(AVERAGE(INDEX(neos_benchmark!G:G, (ROW()-2)*$B11+2):INDEX(neos_benchmark!G:G, (ROW()-2)*$B11 + $B11+1)), "") -> 0 | H11: =IFERROR(AVERAGE(INDEX(neos_benchmark!H:H, (ROW()-2)*$B11+2):INDEX(neos_benchmark!H:H, (ROW()-2)*$B11 + $B11+1)), "") | I11: =IFERROR(AVERAGE(INDEX(neos_benchmark!I:I, (ROW()-2)*$B11+2):INDEX(neos_benchmark!I:I, (ROW()-2)*$B11 + $B11+1)), "") | J11: =IFERROR(AVERAGE(INDEX(neos_benchmark!J:J, (ROW()-2)*$B11+2):INDEX(neos_benchmark!J:J, (ROW()-2)*$B11 + $B11+1)), "") | K11: =IFERROR(AVERAGE(INDEX(neos_benchmark!K:K, (ROW()-2)*$B11+2):INDEX(neos_benchmark!K:K, (ROW()-2)*$B11 + $B11+1)), "") | L11: =IFERROR(AVERAGE(INDEX(neos_benchmark!L:L, (ROW()-2)*$B11+2):INDEX(neos_benchmark!L:L, (ROW()-2)*$B11 + $B11+1)), "") | M11: =IFERROR(AVERAGE(INDEX(neos_benchmark!M:M, (ROW()-2)*$B11+2):INDEX(neos_benchmark!M:M, (ROW()-2)*$B11 + $B11+1)), "") | N11: =IFERROR(AVERAGE(INDEX(neos_benchmark!N:N, (ROW()-2)*$B11+2):INDEX(neos_benchmark!N:N, (ROW()-2)*$B11 + $B11+1)), "") | O11: =IFERROR(AVERAGE(INDEX(neos_benchmark!O:O, (ROW()-2)*$B11+2):INDEX(neos_benchmark!O:O, (ROW()-2)*$B11 + $B11+1)), "") | P11: =IFERROR(AVERAGE(INDEX(neos_benchmark!P:P, (ROW()-2)*$B11+2):INDEX(neos_benchmark!P:P, (ROW()-2)*$B11 + $B11+1)), "") | Q11: =IFERROR(AVERAGE(INDEX(neos_benchmark!Q:Q, (ROW()-2)*$B11+2):INDEX(neos_benchmark!Q:Q, (ROW()-2)*$B11 + $B11+1)), "") | R11: =IFERROR(AVERAGE(INDEX(neos_benchmark!R:R, (ROW()-2)*$B11+2):INDEX(neos_benchmark!R:R, (ROW()-2)*$B11 + $B11+1)), "") | S11: =IFERROR(AVERAGE(INDEX(neos_benchmark!S:S, (ROW()-2)*$B11+2):INDEX(neos_benchmark!S:S, (ROW()-2)*$B11 + $B11+1)), "") | T11: =IFERROR(AVERAGE(INDEX(neos_benchmark!T:T, (ROW()-2)*$B11+2):INDEX(neos_benchmark!T:T, (ROW()-2)*$B11 + $B11+1)), "") | U11: =IFERROR(AVERAGE(INDEX(neos_benchmark!U:U, (ROW()-2)*$B11+2):INDEX(neos_benchmark!U:U, (ROW()-2)*$B11 + $B11+1)), "") | V11: =IFERROR(AVERAGE(INDEX(neos_benchmark!V:V, (ROW()-2)*$B11+2):INDEX(neos_benchmark!V:V, (ROW()-2)*$B11 + $B11+1)), "") | W11: =IFERROR(AVERAGE(INDEX(neos_benchmark!W:W, (ROW()-2)*$B11+2):INDEX(neos_benchmark!W:W, (ROW()-2)*$B11 + $B11+1)), "") -> 0.1447481 | X11: =IFERROR(AVERAGE(INDEX(neos_benchmark!X:X, (ROW()-2)*$B11+2):INDEX(neos_benchmark!X:X, (ROW()-2)*$B11 + $B11+1)), "") -> 0.025316 | Y11: =IFERROR(AVERAGE(INDEX(neos_benchmark!Y:Y, (ROW()-2)*$B11+2):INDEX(neos_benchmark!Y:Y, (ROW()-2)*$B11 + $B11+1)), "") -> 0.1233279 | Z11: =IFERROR(AVERAGE(INDEX(neos_benchmark!Z:Z, (ROW()-2)*$B11+2):INDEX(neos_benchmark!Z:Z, (ROW()-2)*$B11 + $B11+1)), "") -> 0.1486439 | AA11: =IFERROR(AVERAGE(INDEX(neos_benchmark!AA:AA, (ROW()-2)*$B11+2):INDEX(neos_benchmark!AA:AA, (ROW()-2)*$B11 + $B11+1)), "") -> 0.0181412 | AB11: =IFERROR(AVERAGE(INDEX(neos_benchmark!AB:AB, (ROW()-2)*$B11+2):INDEX(neos_benchmark!AB:AB, (ROW()-2)*$B11 + $B11+1)), "") -> 0.0029565 | AC11: =IFERROR(AVERAGE(INDEX(neos_benchmark!AC:AC, (ROW()-2)*$B11+2):INDEX(neos_benchmark!AC:AC, (ROW()-2)*$B11 + $B11+1)), "") -> 0.0066264 | AD11: =IFERROR(AVERAGE(INDEX(neos_benchmark!AD:AD, (ROW()-2)*$B11+2):INDEX(neos_benchmark!AD:AD, (ROW()-2)*$B11 + $B11+1)), "") -> 0.0095829 | AE11: =IFERROR(AVERAGE(INDEX(neos_benchmark!AE:AE, (ROW()-2)*$B11+2):INDEX(neos_benchmark!AE:AE, (ROW()-2)*$B11 + $B11+1)), "") -> 29729 | AF11: =IFERROR(AVERAGE(INDEX(neos_benchmark!AF:AF, (ROW()-2)*$B11+2):INDEX(neos_benchmark!AF:AF, (ROW()-2)*$B11 + $B11+1)), "") -> 73 | AG11: =IFERROR(AVERAGE(INDEX(neos_benchmark!AG:AG, (ROW()-2)*$B11+2):INDEX(neos_benchmark!AG:AG, (ROW()-2)*$B11 + $B11+1)), "") -> 29766 | AH11: =IFERROR(AVERAGE(INDEX(neos_benchmark!AH:AH, (ROW()-2)*$B11+2):INDEX(neos_benchmark!AH:AH, (ROW()-2)*$B11 + $B11+1)), "") -> 80 | AI11: =IFERROR(AVERAGE(INDEX(neos_benchmark!AI:AI, (ROW()-2)*$B11+2):INDEX(neos_benchmark!AI:AI, (ROW()-2)*$B11 + $B11+1)), "") -> 519728.3 | AJ11: =IFERROR(AVERAGE(INDEX(neos_benchmark!AJ:AJ, (ROW()-2)*$B11+2):INDEX(neos_benchmark!AJ:AJ, (ROW()-2)*$B11 + $B11+1)), "") -> 529105.2 | AK11: {=IFERROR(AVERAGE(INDEX(neos_benchmark!W:W, (ROW()-2)*$B11+2):INDEX(neos_benchmark!W:W, (ROW()-2)*$B11 + $B11+1) + INDEX(neos_benchmark!AA:AA, (ROW()-2)*$B11+2):INDEX(neos_benchmark!AA:AA, (ROW()-2)*$B11 + $B11+1)), "")} -> 0.1628893 | AL11: {=IFERROR(MIN(INDEX(neos_benchmark!W:W, (ROW()-2)*$B11+2):INDEX(neos_benchmark!W:W, (ROW()-2)*$B11 + $B11+1) + INDEX(neos_benchmark!AA:AA, (ROW()-2)*$B11+2):INDEX(neos_benchmark!AA:AA, (ROW()-2)*$B11 + $B11+1)), "")} -> 0.12633 | AM11: {=IFERROR(MAX(INDEX(neos_benchmark!W:W, (ROW()-2)*$B11+2):INDEX(neos_benchmark!W:W, (ROW()-2)*$B11 + $B11+1) + INDEX(neos_benchmark!AA:AA, (ROW()-2)*$B11+2):INDEX(neos_benchmark!AA:AA, (ROW()-2)*$B11 + $B11+1)), "")} -> 0.301499 | AN11: {=IFERROR(AVERAGE((INDEX(neos_benchmark!AJ:AJ, (ROW()-2)*$B11+2):INDEX(neos_benchmark!AJ:AJ, (ROW()-2)*$B11 + $B11+1) - INDEX(neos_benchmark!AI:AI, (ROW()-2)*$B11+2):INDEX(neos_benchmark!AI:AI, (ROW()-2)*$B11 + $B11+1)) / 1000), "")} -> 9.3769 | AO11: {=IFERROR(MIN((INDEX(neos_benchmark!AJ:AJ, (ROW()-2)*$B11+2):INDEX(neos_benchmark!AJ:AJ, (ROW()-2)*$B11 + $B11+1) - INDEX(neos_benchmark!AI:AI, (ROW()-2)*$B11+2):INDEX(neos_benchmark!AI:AI, (ROW()-2)*$B11 + $B11+1)) / 1000), "")} -> 4.888 | AP11: {=IFERROR(MAX((INDEX(neos_benchmark!AJ:AJ, (ROW()-2)*$B11+2):INDEX(neos_benchmark!AJ:AJ, (ROW()-2)*$B11 + $B11+1) - INDEX(neos_benchmark!AI:AI, (ROW()-2)*$B11+2):INDEX(neos_benchmark!AI:AI, (ROW()-2)*$B11 + $B11+1)) / 1000), "")} -> 27.017
A12: {=INDEX(neos_benchmark!A:A, (ROW()-2)*$B12+2)} -> grasp-knitro | B12: =COUNTIF(neos_benchmark!A:A, neos_benchmark!A12) -> 10 | C12: {=INDEX(neos_benchmark!C:C, (ROW()-2)*$B12+2)} -> Knitro | D12: {=INDEX(neos_benchmark!D:D, (ROW()-2)*$B12+2)} -> 15.1.0 | E12: {=INDEX(neos_benchmark!E:E, (ROW()-2)*$B12+2)} -> solved | F12: =IFERROR(AVERAGE(INDEX(neos_benchmark!F:F, (ROW()-2)*$B12+2):INDEX(neos_benchmark!F:F, (ROW()-2)*$B12 + $B12+1)), "") -> 0 | G12: =IFERROR(AVERAGE(INDEX(neos_benchmark!G:G, (ROW()-2)*$B12+2):INDEX(neos_benchmark!G:G, (ROW()-2)*$B12 + $B12+1)), "") -> 33 | H12: =IFERROR(AVERAGE(INDEX(neos_benchmark!H:H, (ROW()-2)*$B12+2):INDEX(neos_benchmark!H:H, (ROW()-2)*$B12 + $B12+1)), "") | I12: =IFERROR(AVERAGE(INDEX(neos_benchmark!I:I, (ROW()-2)*$B12+2):INDEX(neos_benchmark!I:I, (ROW()-2)*$B12 + $B12+1)), "") | J12: =IFERROR(AVERAGE(INDEX(neos_benchmark!J:J, (ROW()-2)*$B12+2):INDEX(neos_benchmark!J:J, (ROW()-2)*$B12 + $B12+1)), "") | K12: =IFERROR(AVERAGE(INDEX(neos_benchmark!K:K, (ROW()-2)*$B12+2):INDEX(neos_benchmark!K:K, (ROW()-2)*$B12 + $B12+1)), "") | L12: =IFERROR(AVERAGE(INDEX(neos_benchmark!L:L, (ROW()-2)*$B12+2):INDEX(neos_benchmark!L:L, (ROW()-2)*$B12 + $B12+1)), "") | M12: =IFERROR(AVERAGE(INDEX(neos_benchmark!M:M, (ROW()-2)*$B12+2):INDEX(neos_benchmark!M:M, (ROW()-2)*$B12 + $B12+1)), "") | N12: =IFERROR(AVERAGE(INDEX(neos_benchmark!N:N, (ROW()-2)*$B12+2):INDEX(neos_benchmark!N:N, (ROW()-2)*$B12 + $B12+1)), "") | O12: =IFERROR(AVERAGE(INDEX(neos_benchmark!O:O, (ROW()-2)*$B12+2):INDEX(neos_benchmark!O:O, (ROW()-2)*$B12 + $B12+1)), "") | P12: =IFERROR(AVERAGE(INDEX(neos_benchmark!P:P, (ROW()-2)*$B12+2):INDEX(neos_benchmark!P:P, (ROW()-2)*$B12 + $B12+1)), "") | Q12: =IFERROR(AVERAGE(INDEX(neos_benchmark!Q:Q, (ROW()-2)*$B12+2):INDEX(neos_benchmark!Q:Q, (ROW()-2)*$B12 + $B12+1)), "") | R12: =IFERROR(AVERAGE(INDEX(neos_benchmark!R:R, (ROW()-2)*$B12+2):INDEX(neos_benchmark!R:R, (ROW()-2)*$B12 + $B12+1)), "") | S12: =IFERROR(AVERAGE(INDEX(neos_benchmark!S:S, (ROW()-2)*$B12+2):INDEX(neos_benchmark!S:S, (ROW()-2)*$B12 + $B12+1)), "") | T12: =IFERROR(AVERAGE(INDEX(neos_benchmark!T:T, (ROW()-2)*$B12+2):INDEX(neos_benchmark!T:T, (ROW()-2)*$B12 + $B12+1)), "") | U12: =IFERROR(AVERAGE(INDEX(neos_benchmark!U:U, (ROW()-2)*$B12+2):INDEX(neos_benchmark!U:U, (ROW()-2)*$B12 + $B12+1)), "") | V12: =IFERROR(AVERAGE(INDEX(neos_benchmark!V:V, (ROW()-2)*$B12+2):INDEX(neos_benchmark!V:V, (ROW()-2)*$B12 + $B12+1)), "") | W12: =IFERROR(AVERAGE(INDEX(neos_benchmark!W:W, (ROW()-2)*$B12+2):INDEX(neos_benchmark!W:W, (ROW()-2)*$B12 + $B12+1)), "") -> 0.3365417 | X12: =IFERROR(AVERAGE(INDEX(neos_benchmark!X:X, (ROW()-2)*$B12+2):INDEX(neos_benchmark!X:X, (ROW()-2)*$B12 + $B12+1)), "") -> 0.0319718 | Y12: =IFERROR(AVERAGE(INDEX(neos_benchmark!Y:Y, (ROW()-2)*$B12+2):INDEX(neos_benchmark!Y:Y, (ROW()-2)*$B12 + $B12+1)), "") -> 0.1371948 | Z12: =IFERROR(AVERAGE(INDEX(neos_benchmark!Z:Z, (ROW()-2)*$B12+2):INDEX(neos_benchmark!Z:Z, (ROW()-2)*$B12 + $B12+1)), "") -> 0.1691666 | AA12: =IFERROR(AVERAGE(INDEX(neos_benchmark!AA:AA, (ROW()-2)*$B12+2):INDEX(neos_benchmark!AA:AA, (ROW()-2)*$B12 + $B12+1)), "") -> 0.3702795 | AB12: =IFERROR(AVERAGE(INDEX(neos_benchmark!AB:AB, (ROW()-2)*$B12+2):INDEX(neos_benchmark!AB:AB, (ROW()-2)*$B12 + $B12+1)), "") -> 0.0140273 | AC12: =IFERROR(AVERAGE(INDEX(neos_benchmark!AC:AC, (ROW()-2)*$B12+2):INDEX(neos_benchmark!AC:AC, (ROW()-2)*$B12 + $B12+1)), "") -> 0.0779064 | AD12: =IFERROR(AVERAGE(INDEX(neos_benchmark!AD:AD, (ROW()-2)*$B12+2):INDEX(neos_benchmark!AD:AD, (ROW()-2)*$B12 + $B12+1)), "") -> 0.0919337 | AE12: =IFERROR(AVERAGE(INDEX(neos_benchmark!AE:AE, (ROW()-2)*$B12+2):INDEX(neos_benchmark!AE:AE, (ROW()-2)*$B12 + $B12+1)), "") -> 29729 | AF12: =IFERROR(AVERAGE(INDEX(neos_benchmark!AF:AF, (ROW()-2)*$B12+2):INDEX(neos_benchmark!AF:AF, (ROW()-2)*$B12 + $B12+1)), "") -> 73 | AG12: =IFERROR(AVERAGE(INDEX(neos_benchmark!AG:AG, (ROW()-2)*$B12+2):INDEX(neos_benchmark!AG:AG, (ROW()-2)*$B12 + $B12+1)), "") -> 29766 | AH12: =IFERROR(AVERAGE(INDEX(neos_benchmark!AH:AH, (ROW()-2)*$B12+2):INDEX(neos_benchmark!AH:AH, (ROW()-2)*$B12 + $B12+1)), "") -> 80 | AI12: =IFERROR(AVERAGE(INDEX(neos_benchmark!AI:AI, (ROW()-2)*$B12+2):INDEX(neos_benchmark!AI:AI, (ROW()-2)*$B12 + $B12+1)), "") -> 873281.9 | AJ12: =IFERROR(AVERAGE(INDEX(neos_benchmark!AJ:AJ, (ROW()-2)*$B12+2):INDEX(neos_benchmark!AJ:AJ, (ROW()-2)*$B12 + $B12+1)), "") -> 899036.5 | AK12: {=IFERROR(AVERAGE(INDEX(neos_benchmark!W:W, (ROW()-2)*$B12+2):INDEX(neos_benchmark!W:W, (ROW()-2)*$B12 + $B12+1) + INDEX(neos_benchmark!AA:AA, (ROW()-2)*$B12+2):INDEX(neos_benchmark!AA:AA, (ROW()-2)*$B12 + $B12+1)), "")} -> 0.7068212 | AL12: {=IFERROR(MIN(INDEX(neos_benchmark!W:W, (ROW()-2)*$B12+2):INDEX(neos_benchmark!W:W, (ROW()-2)*$B12 + $B12+1) + INDEX(neos_benchmark!AA:AA, (ROW()-2)*$B12+2):INDEX(neos_benchmark!AA:AA, (ROW()-2)*$B12 + $B12+1)), "")} -> 0.131394 | AM12: {=IFERROR(MAX(INDEX(neos_benchmark!W:W, (ROW()-2)*$B12+2):INDEX(neos_benchmark!W:W, (ROW()-2)*$B12 + $B12+1) + INDEX(neos_benchmark!AA:AA, (ROW()-2)*$B12+2):INDEX(neos_benchmark!AA:AA, (ROW()-2)*$B12 + $B12+1)), "")} -> 5.527177 | AN12: {=IFERROR(AVERAGE((INDEX(neos_benchmark!AJ:AJ, (ROW()-2)*$B12+2):INDEX(neos_benchmark!AJ:AJ, (ROW()-2)*$B12 + $B12+1) - INDEX(neos_benchmark!AI:AI, (ROW()-2)*$B12+2):INDEX(neos_benchmark!AI:AI, (ROW()-2)*$B12 + $B12+1)) / 1000), "")} -> 25.7546 | AO12: {=IFERROR(MIN((INDEX(neos_benchmark!AJ:AJ, (ROW()-2)*$B12+2):INDEX(neos_benchmark!AJ:AJ, (ROW()-2)*$B12 + $B12+1) - INDEX(neos_benchmark!AI:AI, (ROW()-2)*$B12+2):INDEX(neos_benchmark!AI:AI, (ROW()-2)*$B12 + $B12+1)) / 1000), "")} -> 4.954 | AP12: {=IFERROR(MAX((INDEX(neos_benchmark!AJ:AJ, (ROW()-2)*$B12+2):INDEX(neos_benchmark!AJ:AJ, (ROW()-2)*$B12 + $B12+1) - INDEX(neos_benchmark!AI:AI, (ROW()-2)*$B12+2):INDEX(neos_benchmark!AI:AI, (ROW()-2)*$B12 + $B12+1)) / 1000), "")} -> 152.759
A13: {=INDEX(neos_benchmark!A:A, (ROW()-2)*$B13+2)} -> grasp-raposa | B13: =COUNTIF(neos_benchmark!A:A, neos_benchmark!A13) -> 10 | C13: {=INDEX(neos_benchmark!C:C, (ROW()-2)*$B13+2)} -> RAPOSa | D13: {=INDEX(neos_benchmark!D:D, (ROW()-2)*$B13+2)} -> v4.4.1 | E13: {=INDEX(neos_benchmark!E:E, (ROW()-2)*$B13+2)} | F13: =IFERROR(AVERAGE(INDEX(neos_benchmark!F:F, (ROW()-2)*$B13+2):INDEX(neos_benchmark!F:F, (ROW()-2)*$B13 + $B13+1)), "") | G13: =IFERROR(AVERAGE(INDEX(neos_benchmark!G:G, (ROW()-2)*$B13+2):INDEX(neos_benchmark!G:G, (ROW()-2)*$B13 + $B13+1)), "") | H13: =IFERROR(AVERAGE(INDEX(neos_benchmark!H:H, (ROW()-2)*$B13+2):INDEX(neos_benchmark!H:H, (ROW()-2)*$B13 + $B13+1)), "") | I13: =IFERROR(AVERAGE(INDEX(neos_benchmark!I:I, (ROW()-2)*$B13+2):INDEX(neos_benchmark!I:I, (ROW()-2)*$B13 + $B13+1)), "") | J13: =IFERROR(AVERAGE(INDEX(neos_benchmark!J:J, (ROW()-2)*$B13+2):INDEX(neos_benchmark!J:J, (ROW()-2)*$B13 + $B13+1)), "") | K13: =IFERROR(AVERAGE(INDEX(neos_benchmark!K:K, (ROW()-2)*$B13+2):INDEX(neos_benchmark!K:K, (ROW()-2)*$B13 + $B13+1)), "") | L13: =IFERROR(AVERAGE(INDEX(neos_benchmark!L:L, (ROW()-2)*$B13+2):INDEX(neos_benchmark!L:L, (ROW()-2)*$B13 + $B13+1)), "") | M13: =IFERROR(AVERAGE(INDEX(neos_benchmark!M:M, (ROW()-2)*$B13+2):INDEX(neos_benchmark!M:M, (ROW()-2)*$B13 + $B13+1)), "") | N13: =IFERROR(AVERAGE(INDEX(neos_benchmark!N:N, (ROW()-2)*$B13+2):INDEX(neos_benchmark!N:N, (ROW()-2)*$B13 + $B13+1)), "") | O13: =IFERROR(AVERAGE(INDEX(neos_benchmark!O:O, (ROW()-2)*$B13+2):INDEX(neos_benchmark!O:O, (ROW()-2)*$B13 + $B13+1)), "") | P13: =IFERROR(AVERAGE(INDEX(neos_benchmark!P:P, (ROW()-2)*$B13+2):INDEX(neos_benchmark!P:P, (ROW()-2)*$B13 + $B13+1)), "") | Q13: =IFERROR(AVERAGE(INDEX(neos_benchmark!Q:Q, (ROW()-2)*$B13+2):INDEX(neos_benchmark!Q:Q, (ROW()-2)*$B13 + $B13+1)), "") | R13: =IFERROR(AVERAGE(INDEX(neos_benchmark!R:R, (ROW()-2)*$B13+2):INDEX(neos_benchmark!R:R, (ROW()-2)*$B13 + $B13+1)), "") | S13: =IFERROR(AVERAGE(INDEX(neos_benchmark!S:S, (ROW()-2)*$B13+2):INDEX(neos_benchmark!S:S, (ROW()-2)*$B13 + $B13+1)), "") | T13: =IFERROR(AVERAGE(INDEX(neos_benchmark!T:T, (ROW()-2)*$B13+2):INDEX(neos_benchmark!T:T, (ROW()-2)*$B13 + $B13+1)), "") | U13: =IFERROR(AVERAGE(INDEX(neos_benchmark!U:U, (ROW()-2)*$B13+2):INDEX(neos_benchmark!U:U, (ROW()-2)*$B13 + $B13+1)), "") | V13: =IFERROR(AVERAGE(INDEX(neos_benchmark!V:V, (ROW()-2)*$B13+2):INDEX(neos_benchmark!V:V, (ROW()-2)*$B13 + $B13+1)), "") | W13: =IFERROR(AVERAGE(INDEX(neos_benchmark!W:W, (ROW()-2)*$B13+2):INDEX(neos_benchmark!W:W, (ROW()-2)*$B13 + $B13+1)), "") | X13: =IFERROR(AVERAGE(INDEX(neos_benchmark!X:X, (ROW()-2)*$B13+2):INDEX(neos_benchmark!X:X, (ROW()-2)*$B13 + $B13+1)), "") | Y13: =IFERROR(AVERAGE(INDEX(neos_benchmark!Y:Y, (ROW()-2)*$B13+2):INDEX(neos_benchmark!Y:Y, (ROW()-2)*$B13 + $B13+1)), "") | Z13: =IFERROR(AVERAGE(INDEX(neos_benchmark!Z:Z, (ROW()-2)*$B13+2):INDEX(neos_benchmark!Z:Z, (ROW()-2)*$B13 + $B13+1)), "") | AA13: =IFERROR(AVERAGE(INDEX(neos_benchmark!AA:AA, (ROW()-2)*$B13+2):INDEX(neos_benchmark!AA:AA, (ROW()-2)*$B13 + $B13+1)), "") | AB13: =IFERROR(AVERAGE(INDEX(neos_benchmark!AB:AB, (ROW()-2)*$B13+2):INDEX(neos_benchmark!AB:AB, (ROW()-2)*$B13 + $B13+1)), "") | AC13: =IFERROR(AVERAGE(INDEX(neos_benchmark!AC:AC, (ROW()-2)*$B13+2):INDEX(neos_benchmark!AC:AC, (ROW()-2)*$B13 + $B13+1)), "") | AD13: =IFERROR(AVERAGE(INDEX(neos_benchmark!AD:AD, (ROW()-2)*$B13+2):INDEX(neos_benchmark!AD:AD, (ROW()-2)*$B13 + $B13+1)), "") | AE13: =IFERROR(AVERAGE(INDEX(neos_benchmark!AE:AE, (ROW()-2)*$B13+2):INDEX(neos_benchmark!AE:AE, (ROW()-2)*$B13 + $B13+1)), "") | AF13: =IFERROR(AVERAGE(INDEX(neos_benchmark!AF:AF, (ROW()-2)*$B13+2):INDEX(neos_benchmark!AF:AF, (ROW()-2)*$B13 + $B13+1)), "") | AG13: =IFERROR(AVERAGE(INDEX(neos_benchmark!AG:AG, (ROW()-2)*$B13+2):INDEX(neos_benchmark!AG:AG, (ROW()-2)*$B13 + $B13+1)), "") | AH13: =IFERROR(AVERAGE(INDEX(neos_benchmark!AH:AH, (ROW()-2)*$B13+2):INDEX(neos_benchmark!AH:AH, (ROW()-2)*$B13 + $B13+1)), "") | AI13: =IFERROR(AVERAGE(INDEX(neos_benchmark!AI:AI, (ROW()-2)*$B13+2):INDEX(neos_benchmark!AI:AI, (ROW()-2)*$B13 + $B13+1)), "") -> 398699.5 | AJ13: =IFERROR(AVERAGE(INDEX(neos_benchmark!AJ:AJ, (ROW()-2)*$B13+2):INDEX(neos_benchmark!AJ:AJ, (ROW()-2)*$B13 + $B13+1)), "") -> 434776.8 | AK13: {=IFERROR(AVERAGE(INDEX(neos_benchmark!W:W, (ROW()-2)*$B13+2):INDEX(neos_benchmark!W:W, (ROW()-2)*$B13 + $B13+1) + INDEX(neos_benchmark!AA:AA, (ROW()-2)*$B13+2):INDEX(neos_benchmark!AA:AA, (ROW()-2)*$B13 + $B13+1)), "")} -> 0 | AL13: {=IFERROR(MIN(INDEX(neos_benchmark!W:W, (ROW()-2)*$B13+2):INDEX(neos_benchmark!W:W, (ROW()-2)*$B13 + $B13+1) + INDEX(neos_benchmark!AA:AA, (ROW()-2)*$B13+2):INDEX(neos_benchmark!AA:AA, (ROW()-2)*$B13 + $B13+1)), "")} -> 0 | AM13: {=IFERROR(MAX(INDEX(neos_benchmark!W:W, (ROW()-2)*$B13+2):INDEX(neos_benchmark!W:W, (ROW()-2)*$B13 + $B13+1) + INDEX(neos_benchmark!AA:AA, (ROW()-2)*$B13+2):INDEX(neos_benchmark!AA:AA, (ROW()-2)*$B13 + $B13+1)), "")} -> 0 | AN13: {=IFERROR(AVERAGE((INDEX(neos_benchmark!AJ:AJ, (ROW()-2)*$B13+2):INDEX(neos_benchmark!AJ:AJ, (ROW()-2)*$B13 + $B13+1) - INDEX(neos_benchmark!AI:AI, (ROW()-2)*$B13+2):INDEX(neos_benchmark!AI:AI, (ROW()-2)*$B13 + $B13+1)) / 1000), "")} -> 36.0773 | AO13: {=IFERROR(MIN((INDEX(neos_benchmark!AJ:AJ, (ROW()-2)*$B13+2):INDEX(neos_benchmark!AJ:AJ, (ROW()-2)*$B13 + $B13+1) - INDEX(neos_benchmark!AI:AI, (ROW()-2)*$B13+2):INDEX(neos_benchmark!AI:AI, (ROW()-2)*$B13 + $B13+1)) / 1000), "")} -> 18.143 | AP13: {=IFERROR(MAX((INDEX(neos_benchmark!AJ:AJ, (ROW()-2)*$B13+2):INDEX(neos_benchmark!AJ:AJ, (ROW()-2)*$B13 + $B13+1) - INDEX(neos_benchmark!AI:AI, (ROW()-2)*$B13+2):INDEX(neos_benchmark!AI:AI, (ROW()-2)*$B13 + $B13+1)) / 1000), "")} -> 96.789
... A27: {=INDEX(neos_benchmark!A:A, (ROW()-2)*$B27+2)} -> spot-rk4 | B27: =COUNTIF(neos_benchmark!A:A, neos_benchmark!A27) -> 10 | C27: {=INDEX(neos_benchmark!C:C, (ROW()-2)*$B27+2)} | D27: {=INDEX(neos_benchmark!D:D, (ROW()-2)*$B27+2)} | E27: {=INDEX(neos_benchmark!E:E, (ROW()-2)*$B27+2)} | F27: =IFERROR(AVERAGE(INDEX(neos_benchmark!F:F, (ROW()-2)*$B27+2):INDEX(neos_benchmark!F:F, (ROW()-2)*$B27 + $B27+1)), "") -> 0 | G27: =IFERROR(AVERAGE(INDEX(neos_benchmark!G:G, (ROW()-2)*$B27+2):INDEX(neos_benchmark!G:G, (ROW()-2)*$B27 + $B27+1)), "") -> 56053.465 | H27: =IFERROR(AVERAGE(INDEX(neos_benchmark!H:H, (ROW()-2)*$B27+2):INDEX(neos_benchmark!H:H, (ROW()-2)*$B27 + $B27+1)), "") -> 14278.832 | I27: =IFERROR(AVERAGE(INDEX(neos_benchmark!I:I, (ROW()-2)*$B27+2):INDEX(neos_benchmark!I:I, (ROW()-2)*$B27 + $B27+1)), "") -> 81 | J27: =IFERROR(AVERAGE(INDEX(neos_benchmark!J:J, (ROW()-2)*$B27+2):INDEX(neos_benchmark!J:J, (ROW()-2)*$B27 + $B27+1)), "") -> 88 | K27: =IFERROR(AVERAGE(INDEX(neos_benchmark!K:K, (ROW()-2)*$B27+2):INDEX(neos_benchmark!K:K, (ROW()-2)*$B27 + $B27+1)), "") -> 80 | L27: =IFERROR(AVERAGE(INDEX(neos_benchmark!L:L, (ROW()-2)*$B27+2):INDEX(neos_benchmark!L:L, (ROW()-2)*$B27 + $B27+1)), "") -> 88 | M27: =IFERROR(AVERAGE(INDEX(neos_benchmark!M:M, (ROW()-2)*$B27+2):INDEX(neos_benchmark!M:M, (ROW()-2)*$B27 + $B27+1)), "") -> 88 | N27: =IFERROR(AVERAGE(INDEX(neos_benchmark!N:N, (ROW()-2)*$B27+2):INDEX(neos_benchmark!N:N, (ROW()-2)*$B27 + $B27+1)), "") -> 83 | O27: =IFERROR(AVERAGE(INDEX(neos_benchmark!O:O, (ROW()-2)*$B27+2):INDEX(neos_benchmark!O:O, (ROW()-2)*$B27 + $B27+1)), "") -> 83 | P27: =IFERROR(AVERAGE(INDEX(neos_benchmark!P:P, (ROW()-2)*$B27+2):INDEX(neos_benchmark!P:P, (ROW()-2)*$B27 + $B27+1)), "") -> 81 | Q27: =IFERROR(AVERAGE(INDEX(neos_benchmark!Q:Q, (ROW()-2)*$B27+2):INDEX(neos_benchmark!Q:Q, (ROW()-2)*$B27 + $B27+1)), "") -> 8.1107898e-11 | R27: =IFERROR(AVERAGE(INDEX(neos_benchmark!R:R, (ROW()-2)*$B27+2):INDEX(neos_benchmark!R:R, (ROW()-2)*$B27 + $B27+1)), "") -> 16.036 | S27: =IFERROR(AVERAGE(INDEX(neos_benchmark!S:S, (ROW()-2)*$B27+2):INDEX(neos_benchmark!S:S, (ROW()-2)*$B27 + $B27+1)), "") -> 132.01689 | T27: =IFERROR(AVERAGE(INDEX(neos_benchmark!T:T, (ROW()-2)*$B27+2):INDEX(neos_benchmark!T:T, (ROW()-2)*$B27 + $B27+1)), "") -> 14836 | U27: =IFERROR(AVERAGE(INDEX(neos_benchmark!U:U, (ROW()-2)*$B27+2):INDEX(neos_benchmark!U:U, (ROW()-2)*$B27 + $B27+1)), "") -> 14210 | V27: =IFERROR(AVERAGE(INDEX(neos_benchmark!V:V, (ROW()-2)*$B27+2):INDEX(neos_benchmark!V:V, (ROW()-2)*$B27 + $B27+1)), "") -> 480 | W27: =IFERROR(AVERAGE(INDEX(neos_benchmark!W:W, (ROW()-2)*$B27+2):INDEX(neos_benchmark!W:W, (ROW()-2)*$B27 + $B27+1)), "") -> 24.641052 | X27: =IFERROR(AVERAGE(INDEX(neos_benchmark!X:X, (ROW()-2)*$B27+2):INDEX(neos_benchmark!X:X, (ROW()-2)*$B27 + $B27+1)), "") -> 2.7516157 | Y27: =IFERROR(AVERAGE(INDEX(neos_benchmark!Y:Y, (ROW()-2)*$B27+2):INDEX(neos_benchmark!Y:Y, (ROW()-2)*$B27 + $B27+1)), "") -> 21.872099 | Z27: =IFERROR(AVERAGE(INDEX(neos_benchmark!Z:Z, (ROW()-2)*$B27+2):INDEX(neos_benchmark!Z:Z, (ROW()-2)*$B27 + $B27+1)), "") -> 24.623715 | AA27: =IFERROR(AVERAGE(INDEX(neos_benchmark!AA:AA, (ROW()-2)*$B27+2):INDEX(neos_benchmark!AA:AA, (ROW()-2)*$B27 + $B27+1)), "") -> 149.88978 | AB27: =IFERROR(AVERAGE(INDEX(neos_benchmark!AB:AB, (ROW()-2)*$B27+2):INDEX(neos_benchmark!AB:AB, (ROW()-2)*$B27 + $B27+1)), "") -> 0.88026089 | AC27: =IFERROR(AVERAGE(INDEX(neos_benchmark!AC:AC, (ROW()-2)*$B27+2):INDEX(neos_benchmark!AC:AC, (ROW()-2)*$B27 + $B27+1)), "") -> 148.52836 | AD27: =IFERROR(AVERAGE(INDEX(neos_benchmark!AD:AD, (ROW()-2)*$B27+2):INDEX(neos_benchmark!AD:AD, (ROW()-2)*$B27 + $B27+1)), "") -> 149.40862 | AE27: =IFERROR(AVERAGE(INDEX(neos_benchmark!AE:AE, (ROW()-2)*$B27+2):INDEX(neos_benchmark!AE:AE, (ROW()-2)*$B27 + $B27+1)), "") -> 2460541 | AF27: =IFERROR(AVERAGE(INDEX(neos_benchmark!AF:AF, (ROW()-2)*$B27+2):INDEX(neos_benchmark!AF:AF, (ROW()-2)*$B27 + $B27+1)), "") -> 14836 | AG27: =IFERROR(AVERAGE(INDEX(neos_benchmark!AG:AG, (ROW()-2)*$B27+2):INDEX(neos_benchmark!AG:AG, (ROW()-2)*$B27 + $B27+1)), "") -> 2467453 | AH27: =IFERROR(AVERAGE(INDEX(neos_benchmark!AH:AH, (ROW()-2)*$B27+2):INDEX(neos_benchmark!AH:AH, (ROW()-2)*$B27 + $B27+1)), "") -> 14690 | AI27: =IFERROR(AVERAGE(INDEX(neos_benchmark!AI:AI, (ROW()-2)*$B27+2):INDEX(neos_benchmark!AI:AI, (ROW()-2)*$B27 + $B27+1)), "") -> 855876.2 | AJ27: =IFERROR(AVERAGE(INDEX(neos_benchmark!AJ:AJ, (ROW()-2)*$B27+2):INDEX(neos_benchmark!AJ:AJ, (ROW()-2)*$B27 + $B27+1)), "") -> 1123869.4 | AK27: {=IFERROR(AVERAGE(INDEX(neos_benchmark!W:W, (ROW()-2)*$B27+2):INDEX(neos_benchmark!W:W, (ROW()-2)*$B27 + $B27+1) + INDEX(neos_benchmark!AA:AA, (ROW()-2)*$B27+2):INDEX(neos_benchmark!AA:AA, (ROW()-2)*$B27 + $B27+1)), "")} -> 157.07775 | AL27: {=IFERROR(MIN(INDEX(neos_benchmark!W:W, (ROW()-2)*$B27+2):INDEX(neos_benchmark!W:W, (ROW()-2)*$B27 + $B27+1) + INDEX(neos_benchmark!AA:AA, (ROW()-2)*$B27+2):INDEX(neos_benchmark!AA:AA, (ROW()-2)*$B27 + $B27+1)), "")} -> 0 | AM27: {=IFERROR(MAX(INDEX(neos_benchmark!W:W, (ROW()-2)*$B27+2):INDEX(neos_benchmark!W:W, (ROW()-2)*$B27 + $B27+1) + INDEX(neos_benchmark!AA:AA, (ROW()-2)*$B27+2):INDEX(neos_benchmark!AA:AA, (ROW()-2)*$B27 + $B27+1)), "")} -> 198.23728 | AN27: {=IFERROR(AVERAGE((INDEX(neos_benchmark!AJ:AJ, (ROW()-2)*$B27+2):INDEX(neos_benchmark!AJ:AJ, (ROW()-2)*$B27 + $B27+1) - INDEX(neos_benchmark!AI:AI, (ROW()-2)*$B27+2):INDEX(neos_benchmark!AI:AI, (ROW()-2)*$B27 + $B27+1)) / 1000), "")} -> 267.9932 | AO27: {=IFERROR(MIN((INDEX(neos_benchmark!AJ:AJ, (ROW()-2)*$B27+2):INDEX(neos_benchmark!AJ:AJ, (ROW()-2)*$B27 + $B27+1) - INDEX(neos_benchmark!AI:AI, (ROW()-2)*$B27+2):INDEX(neos_benchmark!AI:AI, (ROW()-2)*$B27 + $B27+1)) / 1000), "")} -> 74.104 | AP27: {=IFERROR(MAX((INDEX(neos_benchmark!AJ:AJ, (ROW()-2)*$B27+2):INDEX(neos_benchmark!AJ:AJ, (ROW()-2)*$B27 + $B27+1) - INDEX(neos_benchmark!AI:AI, (ROW()-2)*$B27+2):INDEX(neos_benchmark!AI:AI, (ROW()-2)*$B27 + $B27+1)) / 1000), "")} -> 441.57

Sheet std. dev
A1: =neos_benchmark!A1 -> model | B1: =neos_benchmark!B1 -> run | C1: =neos_benchmark!C1 -> solver | D1: =neos_benchmark!D1 -> version | E1: =neos_benchmark!E1 -> exit_status | F1: =neos_benchmark!F1 -> exit_code | G1: =neos_benchmark!G1 -> obj1 | H1: =neos_benchmark!H1 -> obj2 | ... AJ1: =neos_benchmark!AJ1 -> toc | AK1: avg. elapsed time | AL1: avg. tic-toc
A2: {=INDEX(neos_benchmark!A:A, (ROW()-2)*$B2+2)} -> acrobot | B2: =COUNTIF(neos_benchmark!A:A, neos_benchmark!A2) -> 10 | C2: {=INDEX(neos_benchmark!C:C, (ROW()-2)*$B2+2)} -> Ipopt | D2: {=INDEX(neos_benchmark!D:D, (ROW()-2)*$B2+2)} -> 3.14.12 | E2: {=INDEX(neos_benchmark!E:E, (ROW()-2)*$B2+2)} -> solved | F2: =IFERROR(_xlfn.STDEV.S(INDEX(neos_benchmark!F:F, (ROW()-2)*averages!$B2+2):INDEX(neos_benchmark!F:F, (ROW()-2)*averages!$B2+averages!$B2+1)), "") -> 0 | G2: =IFERROR(_xlfn.STDEV.S(INDEX(neos_benchmark!G:G, (ROW()-2)*averages!$B2+2):INDEX(neos_benchmark!G:G, (ROW()-2)*averages!$B2+averages!$B2+1)), "") -> 0 | H2: =IFERROR(_xlfn.STDEV.S(INDEX(neos_benchmark!H:H, (ROW()-2)*averages!$B2+2):INDEX(neos_benchmark!H:H, (ROW()-2)*averages!$B2+averages!$B2+1)), "") | I2: =IFERROR(_xlfn.STDEV.S(INDEX(neos_benchmark!I:I, (ROW()-2)*averages!$B2+2):INDEX(neos_benchmark!I:I, (ROW()-2)*averages!$B2+averages!$B2+1)), "") -> 0 | J2: =IFERROR(_xlfn.STDEV.S(INDEX(neos_benchmark!J:J, (ROW()-2)*averages!$B2+2):INDEX(neos_benchmark!J:J, (ROW()-2)*averages!$B2+averages!$B2+1)), "") -> 0 | K2: =IFERROR(_xlfn.STDEV.S(INDEX(neos_benchmark!K:K, (ROW()-2)*averages!$B2+2):INDEX(neos_benchmark!K:K, (ROW()-2)*averages!$B2+averages!$B2+1)), "") -> 0 | L2: =IFERROR(_xlfn.STDEV.S(INDEX(neos_benchmark!L:L, (ROW()-2)*averages!$B2+2):INDEX(neos_benchmark!L:L, (ROW()-2)*averages!$B2+averages!$B2+1)), "") -> 0 | M2: =IFERROR(_xlfn.STDEV.S(INDEX(neos_benchmark!M:M, (ROW()-2)*averages!$B2+2):INDEX(neos_benchmark!M:M, (ROW()-2)*averages!$B2+averages!$B2+1)), "") -> 0 | N2: =IFERROR(_xlfn.STDEV.S(INDEX(neos_benchmark!N:N, (ROW()-2)*averages!$B2+2):INDEX(neos_benchmark!N:N, (ROW()-2)*averages!$B2+averages!$B2+1)), "") -> 0 | O2: =IFERROR(_xlfn.STDEV.S(INDEX(neos_benchmark!O:O, (ROW()-2)*averages!$B2+2):INDEX(neos_benchmark!O:O, (ROW()-2)*averages!$B2+averages!$B2+1)), "") -> 0 | P2: =IFERROR(_xlfn.STDEV.S(INDEX(neos_benchmark!P:P, (ROW()-2)*averages!$B2+2):INDEX(neos_benchmark!P:P, (ROW()-2)*averages!$B2+averages!$B2+1)), "") -> 0 | Q2: =IFERROR(_xlfn.STDEV.S(INDEX(neos_benchmark!Q:Q, (ROW()-2)*averages!$B2+2):INDEX(neos_benchmark!Q:Q, (ROW()-2)*averages!$B2+averages!$B2+1)), "") -> 0 | R2: =IFERROR(_xlfn.STDEV.S(INDEX(neos_benchmark!R:R, (ROW()-2)*averages!$B2+2):INDEX(neos_benchmark!R:R, (ROW()-2)*averages!$B2+averages!$B2+1)), "") -> 0.0059898062 | S2: =IFERROR(_xlfn.STDEV.S(INDEX(neos_benchmark!S:S, (ROW()-2)*averages!$B2+2):INDEX(neos_benchmark!S:S, (ROW()-2)*averages!$B2+averages!$B2+1)), "") -> 0.0018529256 | T2: =IFERROR(_xlfn.STDEV.S(INDEX(neos_benchmark!T:T, (ROW()-2)*averages!$B2+2):INDEX(neos_benchmark!T:T, (ROW()-2)*averages!$B2+averages!$B2+1)), "") -> 0 | U2: =IFERROR(_xlfn.STDEV.S(INDEX(neos_benchmark!U:U, (ROW()-2)*averages!$B2+2):INDEX(neos_benchmark!U:U, (ROW()-2)*averages!$B2+averages!$B2+1)), "") -> 0 | V2: =IFERROR(_xlfn.STDEV.S(INDEX(neos_benchmark!V:V, (ROW()-2)*averages!$B2+2):INDEX(neos_benchmark!V:V, (ROW()-2)*averages!$B2+averages!$B2+1)), "") -> 0 | W2: =IFERROR(_xlfn.STDEV.S(INDEX(neos_benchmark!W:W, (ROW()-2)*averages!$B2+2):INDEX(neos_benchmark!W:W, (ROW()-2)*averages!$B2+averages!$B2+1)), "") -> 0.0072249137 | X2: =IFERROR(_xlfn.STDEV.S(INDEX(neos_benchmark!X:X, (ROW()-2)*averages!$B2+2):INDEX(neos_benchmark!X:X, (ROW()-2)*averages!$B2+averages!$B2+1)), "") -> 0.0011436725 | Y2: =IFERROR(_xlfn.STDEV.S(INDEX(neos_benchmark!Y:Y, (ROW()-2)*averages!$B2+2):INDEX(neos_benchmark!Y:Y, (ROW()-2)*averages!$B2+averages!$B2+1)), "") -> 0.0082907839 | Z2: =IFERROR(_xlfn.STDEV.S(INDEX(neos_benchmark!Z:Z, (ROW()-2)*averages!$B2+2):INDEX(neos_benchmark!Z:Z, (ROW()-2)*averages!$B2+averages!$B2+1)), "") -> 0.0077282621 | AA2: =IFERROR(_xlfn.STDEV.S(INDEX(neos_benchmark!AA:AA, (ROW()-2)*averages!$B2+2):INDEX(neos_benchmark!AA:AA, (ROW()-2)*averages!$B2+averages!$B2+1)), "") -> 0.0089935615 | AB2: =IFERROR(_xlfn.STDEV.S(INDEX(neos_benchmark!AB:AB, (ROW()-2)*averages!$B2+2):INDEX(neos_benchmark!AB:AB, (ROW()-2)*averages!$B2+averages!$B2+1)), "") -> 0.0022371186 | AC2: =IFERROR(_xlfn.STDEV.S(INDEX(neos_benchmark!AC:AC, (ROW()-2)*averages!$B2+2):INDEX(neos_benchmark!AC:AC, (ROW()-2)*averages!$B2+averages!$B2+1)), "") -> 0.0079337991 | AD2: =IFERROR(_xlfn.STDEV.S(INDEX(neos_benchmark!AD:AD, (ROW()-2)*averages!$B2+2):INDEX(neos_benchmark!AD:AD, (ROW()-2)*averages!$B2+averages!$B2+1)), "") -> 0.0088385475 | AE2: =IFERROR(_xlfn.STDEV.S(INDEX(neos_benchmark!AE:AE, (ROW()-2)*averages!$B2+2):INDEX(neos_benchmark!AE:AE, (ROW()-2)*averages!$B2+averages!$B2+1)), "") -> 0 | AF2: =IFERROR(_xlfn.STDEV.S(INDEX(neos_benchmark!AF:AF, (ROW()-2)*averages!$B2+2):INDEX(neos_benchmark!AF:AF, (ROW()-2)*averages!$B2+averages!$B2+1)), "") -> 0 | AG2: =IFERROR(_xlfn.STDEV.S(INDEX(neos_benchmark!AG:AG, (ROW()-2)*averages!$B2+2):INDEX(neos_benchmark!AG:AG, (ROW()-2)*averages!$B2+averages!$B2+1)), "") -> 0 | AH2: =IFERROR(_xlfn.STDEV.S(INDEX(neos_benchmark!AH:AH, (ROW()-2)*averages!$B2+2):INDEX(neos_benchmark!AH:AH, (ROW()-2)*averages!$B2+averages!$B2+1)), "") -> 0 | AI2: =IFERROR(_xlfn.STDEV.S(INDEX(neos_benchmark!AI:AI, (ROW()-2)*averages!$B2+2):INDEX(neos_benchmark!AI:AI, (ROW()-2)*averages!$B2+averages!$B2+1)), "") -> 461448.92 | AJ2: =IFERROR(_xlfn.STDEV.S(INDEX(neos_benchmark!AJ:AJ, (ROW()-2)*averages!$B2+2):INDEX(neos_benchmark!AJ:AJ, (ROW()-2)*averages!$B2+averages!$B2+1)), "") -> 430805.59 | AK2: {=IFERROR(_xlfn.STDEV.S(INDEX(neos_benchmark!W:W, (ROW()-2)*averages!$B2+2):INDEX(neos_benchmark!W:W, (ROW()-2)*averages!$B2+averages!$B2+1) + INDEX(neos_benchmark!AA:AA, (ROW()-2)*averages!$B2+2):INDEX(neos_benchmark!AA:AA, (ROW()-2)*averages!$B2+averages!$B2+1)), "")} -> 0.01608985 | AL2: {=IFERROR(_xlfn.STDEV.S((INDEX(neos_benchmark!AJ:AJ, (ROW()-2)*averages!$B2+2):INDEX(neos_benchmark!AJ:AJ, (ROW()-2)*averages!$B2+averages!$B2+1) - INDEX(neos_benchmark!AI:AI, (ROW()-2)*averages!$B2+2):INDEX(neos_benchmark!AI:AI, (ROW()-2)*averages!$B2+averages!$B2+1)) / 1000), "")} -> 101.30911
A3: {=INDEX(neos_benchmark!A:A, (ROW()-2)*$B3+2)} -> cart-pendulum-time | B3: =COUNTIF(neos_benchmark!A:A, neos_benchmark!A3) -> 10 | C3: {=INDEX(neos_benchmark!C:C, (ROW()-2)*$B3+2)} -> Ipopt | D3: {=INDEX(neos_benchmark!D:D, (ROW()-2)*$B3+2)} -> 3.14.12 | E3: {=INDEX(neos_benchmark!E:E, (ROW()-2)*$B3+2)} -> solved | F3: =IFERROR(_xlfn.STDEV.S(INDEX(neos_benchmark!F:F, (ROW()-2)*averages!$B3+2):INDEX(neos_benchmark!F:F, (ROW()-2)*averages!$B3+averages!$B3+1)), "") -> 0 | G3: =IFERROR(_xlfn.STDEV.S(INDEX(neos_benchmark!G:G, (ROW()-2)*averages!$B3+2):INDEX(neos_benchmark!G:G, (ROW()-2)*averages!$B3+averages!$B3+1)), "") -> 2.3405556e-16 | H3: =IFERROR(_xlfn.STDEV.S(INDEX(neos_benchmark!H:H, (ROW()-2)*averages!$B3+2):INDEX(neos_benchmark!H:H, (ROW()-2)*averages!$B3+averages!$B3+1)), "") | I3: =IFERROR(_xlfn.STDEV.S(INDEX(neos_benchmark!I:I, (ROW()-2)*averages!$B3+2):INDEX(neos_benchmark!I:I, (ROW()-2)*averages!$B3+averages!$B3+1)), "") -> 0 | J3: =IFERROR(_xlfn.STDEV.S(INDEX(neos_benchmark!J:J, (ROW()-2)*averages!$B3+2):INDEX(neos_benchmark!J:J, (ROW()-2)*averages!$B3+averages!$B3+1)), "") -> 0 | K3: =IFERROR(_xlfn.STDEV.S(INDEX(neos_benchmark!K:K, (ROW()-2)*averages!$B3+2):INDEX(neos_benchmark!K:K, (ROW()-2)*averages!$B3+averages!$B3+1)), "") -> 0 | L3: =IFERROR(_xlfn.STDEV.S(INDEX(neos_benchmark!L:L, (ROW()-2)*averages!$B3+2):INDEX(neos_benchmark!L:L, (ROW()-2)*averages!$B3+averages!$B3+1)), "") -> 0 | M3: =IFERROR(_xlfn.STDEV.S(INDEX(neos_benchmark!M:M, (ROW()-2)*averages!$B3+2):INDEX(neos_benchmark!M:M, (ROW()-2)*averages!$B3+averages!$B3+1)), "") -> 0 | N3: =IFERROR(_xlfn.STDEV.S(INDEX(neos_benchmark!N:N, (ROW()-2)*averages!$B3+2):INDEX(neos_benchmark!N:N, (ROW()-2)*averages!$B3+averages!$B3+1)), "") -> 0 | O3: =IFERROR(_xlfn.STDEV.S(INDEX(neos_benchmark!O:O, (ROW()-2)*averages!$B3+2):INDEX(neos_benchmark!O:O, (ROW()-2)*averages!$B3+averages!$B3+1)), "") -> 0 | P3: =IFERROR(_xlfn.STDEV.S(INDEX(neos_benchmark!P:P, (ROW()-2)*averages!$B3+2):INDEX(neos_benchmark!P:P, (ROW()-2)*averages!$B3+averages!$B3+1)), "") -> 0 | Q3: =IFERROR(_xlfn.STDEV.S(INDEX(neos_benchmark!Q:Q, (ROW()-2)*averages!$B3+2):INDEX(neos_benchmark!Q:Q, (ROW()-2)*averages!$B3+averages!$B3+1)), "") -> 0 | R3: =IFERROR(_xlfn.STDEV.S(INDEX(neos_benchmark!R:R, (ROW()-2)*averages!$B3+2):INDEX(neos_benchmark!R:R, (ROW()-2)*averages!$B3+averages!$B3+1)), "") -> 0.0051434964 | S3: =IFERROR(_xlfn.STDEV.S(INDEX(neos_benchmark!S:S, (ROW()-2)*averages!$B3+2):INDEX(neos_benchmark!S:S, (ROW()-2)*averages!$B3+averages!$B3+1)), "") -> 0.00042163702 | T3: =IFERROR(_xlfn.STDEV.S(INDEX(neos_benchmark!T:T, (ROW()-2)*averages!$B3+2):INDEX(neos_benchmark!T:T, (ROW()-2)*averages!$B3+averages!$B3+1)), "") -> 0 | U3: =IFERROR(_xlfn.STDEV.S(INDEX(neos_benchmark!U:U, (ROW()-2)*averages!$B3+2):INDEX(neos_benchmark!U:U, (ROW()-2)*averages!$B3+averages!$B3+1)), "") -> 0 | V3: =IFERROR(_xlfn.STDEV.S(INDEX(neos_benchmark!V:V, (ROW()-2)*averages!$B3+2):INDEX(neos_benchmark!V:V, (ROW()-2)*averages!$B3+averages!$B3+1)), "") -> 0 | W3: =IFERROR(_xlfn.STDEV.S(INDEX(neos_benchmark!W:W, (ROW()-2)*averages!$B3+2):INDEX(neos_benchmark!W:W, (ROW()-2)*averages!$B3+averages!$B3+1)), "") -> 0.0017703234 | X3: =IFERROR(_xlfn.STDEV.S(INDEX(neos_benchmark!X:X, (ROW()-2)*averages!$B3+2):INDEX(neos_benchmark!X:X, (ROW()-2)*averages!$B3+averages!$B3+1)), "") -> 0.0025435183 | Y3: =IFERROR(_xlfn.STDEV.S(INDEX(neos_benchmark!Y:Y, (ROW()-2)*averages!$B3+2):INDEX(neos_benchmark!Y:Y, (ROW()-2)*averages!$B3+averages!$B3+1)), "") -> 0.0027282906 | Z3: =IFERROR(_xlfn.STDEV.S(INDEX(neos_benchmark!Z:Z, (ROW()-2)*averages!$B3+2):INDEX(neos_benchmark!Z:Z, (ROW()-2)*averages!$B3+averages!$B3+1)), "") -> 0.0020945586 | AA3: =IFERROR(_xlfn.STDEV.S(INDEX(neos_benchmark!AA:AA, (ROW()-2)*averages!$B3+2):INDEX(neos_benchmark!AA:AA, (ROW()-2)*averages!$B3+averages!$B3+1)), "") -> 0.0062274051 | AB3: =IFERROR(_xlfn.STDEV.S(INDEX(neos_benchmark!AB:AB, (ROW()-2)*averages!$B3+2):INDEX(neos_benchmark!AB:AB, (ROW()-2)*averages!$B3+averages!$B3+1)), "") -> 0.0030837421 | AC3: =IFERROR(_xlfn.STDEV.S(INDEX(neos_benchmark!AC:AC, (ROW()-2)*averages!$B3+2):INDEX(neos_benchmark!AC:AC, (ROW()-2)*averages!$B3+averages!$B3+1)), "") -> 0.0048044347 | AD3: =IFERROR(_xlfn.STDEV.S(INDEX(neos_benchmark!AD:AD, (ROW()-2)*averages!$B3+2):INDEX(neos_benchmark!AD:AD, (ROW()-2)*averages!$B3+averages!$B3+1)), "") -> 0.0062027057 | AE3: =IFERROR(_xlfn.STDEV.S(INDEX(neos_benchmark!AE:AE, (ROW()-2)*averages!$B3+2):INDEX(neos_benchmark!AE:AE, (ROW()-2)*averages!$B3+averages!$B3+1)), "") -> 0 | AF3: =IFERROR(_xlfn.STDEV.S(INDEX(neos_benchmark!AF:AF, (ROW()-2)*averages!$B3+2):INDEX(neos_benchmark!AF:AF, (ROW()-2)*averages!$B3+averages!$B3+1)), "") -> 0 | AG3: =IFERROR(_xlfn.STDEV.S(INDEX(neos_benchmark!AG:AG, (ROW()-2)*averages!$B3+2):INDEX(neos_benchmark!AG:AG, (ROW()-2)*averages!$B3+averages!$B3+1)), "") -> 0 | AH3: =IFERROR(_xlfn.STDEV.S(INDEX(neos_benchmark!AH:AH, (ROW()-2)*averages!$B3+2):INDEX(neos_benchmark!AH:AH, (ROW()-2)*averages!$B3+averages!$B3+1)), "") -> 0 | AI3: =IFERROR(_xlfn.STDEV.S(INDEX(neos_benchmark!AI:AI, (ROW()-2)*averages!$B3+2):INDEX(neos_benchmark!AI:AI, (ROW()-2)*averages!$B3+averages!$B3+1)), "") -> 362434.16 | AJ3: =IFERROR(_xlfn.STDEV.S(INDEX(neos_benchmark!AJ:AJ, (ROW()-2)*averages!$B3+2):INDEX(neos_benchmark!AJ:AJ, (ROW()-2)*averages!$B3+averages!$B3+1)), "") -> 384119.49 | AK3: {=IFERROR(_xlfn.STDEV.S(INDEX(neos_benchmark!W:W, (ROW()-2)*averages!$B3+2):INDEX(neos_benchmark!W:W, (ROW()-2)*averages!$B3+averages!$B3+1) + INDEX(neos_benchmark!AA:AA, (ROW()-2)*averages!$B3+2):INDEX(neos_benchmark!AA:AA, (ROW()-2)*averages!$B3+averages!$B3+1)), "")} -> 0.007920388 | AL3: {=IFERROR(_xlfn.STDEV.S((INDEX(neos_benchmark!AJ:AJ, (ROW()-2)*averages!$B3+2):INDEX(neos_benchmark!AJ:AJ, (ROW()-2)*averages!$B3+averages!$B3+1) - INDEX(neos_benchmark!AI:AI, (ROW()-2)*averages!$B3+2):INDEX(neos_benchmark!AI:AI, (ROW()-2)*averages!$B3+averages!$B3+1)) / 1000), "")} -> 36.953492
A4: {=INDEX(neos_benchmark!A:A, (ROW()-2)*$B4+2)} -> cart-pendulum-utot | B4: =COUNTIF(neos_benchmark!A:A, neos_benchmark!A4) -> 10 | C4: {=INDEX(neos_benchmark!C:C, (ROW()-2)*$B4+2)} -> Ipopt | D4: {=INDEX(neos_benchmark!D:D, (ROW()-2)*$B4+2)} -> 3.14.12 | E4: {=INDEX(neos_benchmark!E:E, (ROW()-2)*$B4+2)} -> solved | F4: =IFERROR(_xlfn.STDEV.S(INDEX(neos_benchmark!F:F, (ROW()-2)*averages!$B4+2):INDEX(neos_benchmark!F:F, (ROW()-2)*averages!$B4+averages!$B4+1)), "") -> 0 | G4: =IFERROR(_xlfn.STDEV.S(INDEX(neos_benchmark!G:G, (ROW()-2)*averages!$B4+2):INDEX(neos_benchmark!G:G, (ROW()-2)*averages!$B4+averages!$B4+1)), "") -> 4.0194367e-14 | H4: =IFERROR(_xlfn.STDEV.S(INDEX(neos_benchmark!H:H, (ROW()-2)*averages!$B4+2):INDEX(neos_benchmark!H:H, (ROW()-2)*averages!$B4+averages!$B4+1)), "") | I4: =IFERROR(_xlfn.STDEV.S(INDEX(neos_benchmark!I:I, (ROW()-2)*averages!$B4+2):INDEX(neos_benchmark!I:I, (ROW()-2)*averages!$B4+averages!$B4+1)), "") -> 0 | J4: =IFERROR(_xlfn.STDEV.S(INDEX(neos_benchmark!J:J, (ROW()-2)*averages!$B4+2):INDEX(neos_benchmark!J:J, (ROW()-2)*averages!$B4+averages!$B4+1)), "") -> 0 | K4: =IFERROR(_xlfn.STDEV.S(INDEX(neos_benchmark!K:K, (ROW()-2)*averages!$B4+2):INDEX(neos_benchmark!K:K, (ROW()-2)*averages!$B4+averages!$B4+1)), "") -> 0 | L4: =IFERROR(_xlfn.STDEV.S(INDEX(neos_benchmark!L:L, (ROW()-2)*averages!$B4+2):INDEX(neos_benchmark!L:L, (ROW()-2)*averages!$B4+averages!$B4+1)), "") -> 0 | M4: =IFERROR(_xlfn.STDEV.S(INDEX(neos_benchmark!M:M, (ROW()-2)*averages!$B4+2):INDEX(neos_benchmark!M:M, (ROW()-2)*averages!$B4+averages!$B4+1)), "") -> 0 | N4: =IFERROR(_xlfn.STDEV.S(INDEX(neos_benchmark!N:N, (ROW()-2)*averages!$B4+2):INDEX(neos_benchmark!N:N, (ROW()-2)*averages!$B4+averages!$B4+1)), "") -> 0 | O4: =IFERROR(_xlfn.STDEV.S(INDEX(neos_benchmark!O:O, (ROW()-2)*averages!$B4+2):INDEX(neos_benchmark!O:O, (ROW()-2)*averages!$B4+averages!$B4+1)), "") -> 0 | P4: =IFERROR(_xlfn.STDEV.S(INDEX(neos_benchmark!P:P, (ROW()-2)*averages!$B4+2):INDEX(neos_benchmark!P:P, (ROW()-2)*averages!$B4+averages!$B4+1)), "") -> 0 | Q4: =IFERROR(_xlfn.STDEV.S(INDEX(neos_benchmark!Q:Q, (ROW()-2)*averages!$B4+2):INDEX(neos_benchmark!Q:Q, (ROW()-2)*averages!$B4+averages!$B4+1)), "") -> 0 | R4: =IFERROR(_xlfn.STDEV.S(INDEX(neos_benchmark!R:R, (ROW()-2)*averages!$B4+2):INDEX(neos_benchmark!R:R, (ROW()-2)*averages!$B4+averages!$B4+1)), "") -> 0.00665332 | S4: =IFERROR(_xlfn.STDEV.S(INDEX(neos_benchmark!S:S, (ROW()-2)*averages!$B4+2):INDEX(neos_benchmark!S:S, (ROW()-2)*averages!$B4+averages!$B4+1)), "") -> 0.0013165612 | T4: =IFERROR(_xlfn.STDEV.S(INDEX(neos_benchmark!T:T, (ROW()-2)*averages!$B4+2):INDEX(neos_benchmark!T:T, (ROW()-2)*averages!$B4+averages!$B4+1)), "") -> 0 | U4: =IFERROR(_xlfn.STDEV.S(INDEX(neos_benchmark!U:U, (ROW()-2)*averages!$B4+2):INDEX(neos_benchmark!U:U, (ROW()-2)*averages!$B4+averages!$B4+1)), "") -> 0 | V4: =IFERROR(_xlfn.STDEV.S(INDEX(neos_benchmark!V:V, (ROW()-2)*averages!$B4+2):INDEX(neos_benchmark!V:V, (ROW()-2)*averages!$B4+averages!$B4+1)), "") -> 0 | W4: =IFERROR(_xlfn.STDEV.S(INDEX(neos_benchmark!W:W, (ROW()-2)*averages!$B4+2):INDEX(neos_benchmark!W:W, (ROW()-2)*averages!$B4+averages!$B4+1)), "") -> 0.011628115 | X4: =IFERROR(_xlfn.STDEV.S(INDEX(neos_benchmark!X:X, (ROW()-2)*averages!$B4+2):INDEX(neos_benchmark!X:X, (ROW()-2)*averages!$B4+averages!$B4+1)), "") -> 0.0039104662 | Y4: =IFERROR(_xlfn.STDEV.S(INDEX(neos_benchmark!Y:Y, (ROW()-2)*averages!$B4+2):INDEX(neos_benchmark!Y:Y, (ROW()-2)*averages!$B4+averages!$B4+1)), "") -> 0.012694427 | Z4: =IFERROR(_xlfn.STDEV.S(INDEX(neos_benchmark!Z:Z, (ROW()-2)*averages!$B4+2):INDEX(neos_benchmark!Z:Z, (ROW()-2)*averages!$B4+averages!$B4+1)), "") -> 0.012432476 | AA4: =IFERROR(_xlfn.STDEV.S(INDEX(neos_benchmark!AA:AA, (ROW()-2)*averages!$B4+2):INDEX(neos_benchmark!AA:AA, (ROW()-2)*averages!$B4+averages!$B4+1)), "") -> 0.009475845 | AB4: =IFERROR(_xlfn.STDEV.S(INDEX(neos_benchmark!AB:AB, (ROW()-2)*averages!$B4+2):INDEX(neos_benchmark!AB:AB, (ROW()-2)*averages!$B4+averages!$B4+1)), "") -> 0.0022203242 | AC4: =IFERROR(_xlfn.STDEV.S(INDEX(neos_benchmark!AC:AC, (ROW()-2)*averages!$B4+2):INDEX(neos_benchmark!AC:AC, (ROW()-2)*averages!$B4+averages!$B4+1)), "") -> 0.0082707398 | AD4: =IFERROR(_xlfn.STDEV.S(INDEX(neos_benchmark!AD:AD, (ROW()-2)*averages!$B4+2):INDEX(neos_benchmark!AD:AD, (ROW()-2)*averages!$B4+averages!$B4+1)), "") -> 0.0092981216 | AE4: =IFERROR(_xlfn.STDEV.S(INDEX(neos_benchmark!AE:AE, (ROW()-2)*averages!$B4+2):INDEX(neos_benchmark!AE:AE, (ROW()-2)*averages!$B4+averages!$B4+1)), "") -> 0 | AF4: =IFERROR(_xlfn.STDEV.S(INDEX(neos_benchmark!AF:AF, (ROW()-2)*averages!$B4+2):INDEX(neos_benchmark!AF:AF, (ROW()-2)*averages!$B4+averages!$B4+1)), "") -> 0 | AG4: =IFERROR(_xlfn.STDEV.S(INDEX(neos_benchmark!AG:AG, (ROW()-2)*averages!$B4+2):INDEX(neos_benchmark!AG:AG, (ROW()-2)*averages!$B4+averages!$B4+1)), "") -> 0 | AH4: =IFERROR(_xlfn.STDEV.S(INDEX(neos_benchmark!AH:AH, (ROW()-2)*averages!$B4+2):INDEX(neos_benchmark!AH:AH, (ROW()-2)*averages!$B4+averages!$B4+1)), "") -> 0 | AI4: =IFERROR(_xlfn.STDEV.S(INDEX(neos_benchmark!AI:AI, (ROW()-2)*averages!$B4+2):INDEX(neos_benchmark!AI:AI, (ROW()-2)*averages!$B4+averages!$B4+1)), "") -> 419677.3 | AJ4: =IFERROR(_xlfn.STDEV.S(INDEX(neos_benchmark!AJ:AJ, (ROW()-2)*averages!$B4+2):INDEX(neos_benchmark!AJ:AJ, (ROW()-2)*averages!$B4+averages!$B4+1)), "") -> 425196.99 | AK4: {=IFERROR(_xlfn.STDEV.S(INDEX(neos_benchmark!W:W, (ROW()-2)*averages!$B4+2):INDEX(neos_benchmark!W:W, (ROW()-2)*averages!$B4+averages!$B4+1) + INDEX(neos_benchmark!AA:AA, (ROW()-2)*averages!$B4+2):INDEX(neos_benchmark!AA:AA, (ROW()-2)*averages!$B4+averages!$B4+1)), "")} -> 0.0208429 | AL4: {=IFERROR(_xlfn.STDEV.S((INDEX(neos_benchmark!AJ:AJ, (ROW()-2)*averages!$B4+2):INDEX(neos_benchmark!AJ:AJ, (ROW()-2)*averages!$B4+averages!$B4+1) - INDEX(neos_benchmark!AI:AI, (ROW()-2)*averages!$B4+2):INDEX(neos_benchmark!AI:AI, (ROW()-2)*averages!$B4+averages!$B4+1)) / 1000), "")} -> 40.323932
A5: {=INDEX(neos_benchmark!A:A, (ROW()-2)*$B5+2)} -> five-link-mc-kelly | B5: =COUNTIF(neos_benchmark!A:A, neos_benchmark!A5) -> 10 | C5: {=INDEX(neos_benchmark!C:C, (ROW()-2)*$B5+2)} -> Ipopt | D5: {=INDEX(neos_benchmark!D:D, (ROW()-2)*$B5+2)} -> 3.14.12 | E5: {=INDEX(neos_benchmark!E:E, (ROW()-2)*$B5+2)} -> solved | F5: =IFERROR(_xlfn.STDEV.S(INDEX(neos_benchmark!F:F, (ROW()-2)*averages!$B5+2):INDEX(neos_benchmark!F:F, (ROW()-2)*averages!$B5+averages!$B5+1)), "") -> 0 | G5: =IFERROR(_xlfn.STDEV.S(INDEX(neos_benchmark!G:G, (ROW()-2)*averages!$B5+2):INDEX(neos_benchmark!G:G, (ROW()-2)*averages!$B5+averages!$B5+1)), "") -> 5.9918225e-14 | H5: =IFERROR(_xlfn.STDEV.S(INDEX(neos_benchmark!H:H, (ROW()-2)*averages!$B5+2):INDEX(neos_benchmark!H:H, (ROW()-2)*averages!$B5+averages!$B5+1)), "") | I5: =IFERROR(_xlfn.STDEV.S(INDEX(neos_benchmark!I:I, (ROW()-2)*averages!$B5+2):INDEX(neos_benchmark!I:I, (ROW()-2)*averages!$B5+averages!$B5+1)), "") -> 0 | J5: =IFERROR(_xlfn.STDEV.S(INDEX(neos_benchmark!J:J, (ROW()-2)*averages!$B5+2):INDEX(neos_benchmark!J:J, (ROW()-2)*averages!$B5+averages!$B5+1)), "") -> 0 | K5: =IFERROR(_xlfn.STDEV.S(INDEX(neos_benchmark!K:K, (ROW()-2)*averages!$B5+2):INDEX(neos_benchmark!K:K, (ROW()-2)*averages!$B5+averages!$B5+1)), "") -> 0 | L5: =IFERROR(_xlfn.STDEV.S(INDEX(neos_benchmark!L:L, (ROW()-2)*averages!$B5+2):INDEX(neos_benchmark!L:L, (ROW()-2)*averages!$B5+averages!$B5+1)), "") -> 0 | M5: =IFERROR(_xlfn.STDEV.S(INDEX(neos_benchmark!M:M, (ROW()-2)*averages!$B5+2):INDEX(neos_benchmark!M:M, (ROW()-2)*averages!$B5+averages!$B5+1)), "") -> 0 | N5: =IFERROR(_xlfn.STDEV.S(INDEX(neos_benchmark!N:N, (ROW()-2)*averages!$B5+2):INDEX(neos_benchmark!N:N, (ROW()-2)*averages!$B5+averages!$B5+1)), "") -> 0 | O5: =IFERROR(_xlfn.STDEV.S(INDEX(neos_benchmark!O:O, (ROW()-2)*averages!$B5+2):INDEX(neos_benchmark!O:O, (ROW()-2)*averages!$B5+averages!$B5+1)), "") -> 0 | P5: =IFERROR(_xlfn.STDEV.S(INDEX(neos_benchmark!P:P, (ROW()-2)*averages!$B5+2):INDEX(neos_benchmark!P:P, (ROW()-2)*averages!$B5+averages!$B5+1)), "") -> 0 | Q5: =IFERROR(_xlfn.STDEV.S(INDEX(neos_benchmark!Q:Q, (ROW()-2)*averages!$B5+2):INDEX(neos_benchmark!Q:Q, (ROW()-2)*averages!$B5+averages!$B5+1)), "") -> 2.3849975e-14 | R5: =IFERROR(_xlfn.STDEV.S(INDEX(neos_benchmark!R:R, (ROW()-2)*averages!$B5+2):INDEX(neos_benchmark!R:R, (ROW()-2)*averages!$B5+averages!$B5+1)), "") -> 0.012582616 | S5: =IFERROR(_xlfn.STDEV.S(INDEX(neos_benchmark!S:S, (ROW()-2)*averages!$B5+2):INDEX(neos_benchmark!S:S, (ROW()-2)*averages!$B5+averages!$B5+1)), "") -> 0.031364523 | T5: =IFERROR(_xlfn.STDEV.S(INDEX(neos_benchmark!T:T, (ROW()-2)*averages!$B5+2):INDEX(neos_benchmark!T:T, (ROW()-2)*averages!$B5+averages!$B5+1)), "") -> 0 | U5: =IFERROR(_xlfn.STDEV.S(INDEX(neos_benchmark!U:U, (ROW()-2)*averages!$B5+2):INDEX(neos_benchmark!U:U, (ROW()-2)*averages!$B5+averages!$B5+1)), "") -> 0 | V5: =IFERROR(_xlfn.STDEV.S(INDEX(neos_benchmark!V:V, (ROW()-2)*averages!$B5+2):INDEX(neos_benchmark!V:V, (ROW()-2)*averages!$B5+averages!$B5+1)), "") -> 0 | W5: =IFERROR(_xlfn.STDEV.S(INDEX(neos_benchmark!W:W, (ROW()-2)*averages!$B5+2):INDEX(neos_benchmark!W:W, (ROW()-2)*averages!$B5+averages!$B5+1)), "") -> 0.12402368 | X5: =IFERROR(_xlfn.STDEV.S(INDEX(neos_benchmark!X:X, (ROW()-2)*averages!$B5+2):INDEX(neos_benchmark!X:X, (ROW()-2)*averages!$B5+averages!$B5+1)), "") -> 0.01261778 | Y5: =IFERROR(_xlfn.STDEV.S(INDEX(neos_benchmark!Y:Y, (ROW()-2)*averages!$B5+2):INDEX(neos_benchmark!Y:Y, (ROW()-2)*averages!$B5+averages!$B5+1)), "") -> 0.11504877 | Z5: =IFERROR(_xlfn.STDEV.S(INDEX(neos_benchmark!Z:Z, (ROW()-2)*averages!$B5+2):INDEX(neos_benchmark!Z:Z, (ROW()-2)*averages!$B5+averages!$B5+1)), "") -> 0.12420653 | AA5: =IFERROR(_xlfn.STDEV.S(INDEX(neos_benchmark!AA:AA, (ROW()-2)*averages!$B5+2):INDEX(neos_benchmark!AA:AA, (ROW()-2)*averages!$B5+averages!$B5+1)), "") -> 0.051841762 | AB5: =IFERROR(_xlfn.STDEV.S(INDEX(neos_benchmark!AB:AB, (ROW()-2)*averages!$B5+2):INDEX(neos_benchmark!AB:AB, (ROW()-2)*averages!$B5+averages!$B5+1)), "") -> 0.0047129848 | AC5: =IFERROR(_xlfn.STDEV.S(INDEX(neos_benchmark!AC:AC, (ROW()-2)*averages!$B5+2):INDEX(neos_benchmark!AC:AC, (ROW()-2)*averages!$B5+averages!$B5+1)), "") -> 0.048513138 | AD5: =IFERROR(_xlfn.STDEV.S(INDEX(neos_benchmark!AD:AD, (ROW()-2)*averages!$B5+2):INDEX(neos_benchmark!AD:AD, (ROW()-2)*averages!$B5+averages!$B5+1)), "") -> 0.05161466 | AE5: =IFERROR(_xlfn.STDEV.S(INDEX(neos_benchmark!AE:AE, (ROW()-2)*averages!$B5+2):INDEX(neos_benchmark!AE:AE, (ROW()-2)*averages!$B5+averages!$B5+1)), "") -> 0 | AF5: =IFERROR(_xlfn.STDEV.S(INDEX(neos_benchmark!AF:AF, (ROW()-2)*averages!$B5+2):INDEX(neos_benchmark!AF:AF, (ROW()-2)*averages!$B5+averages!$B5+1)), "") -> 0 | AG5: =IFERROR(_xlfn.STDEV.S(INDEX(neos_benchmark!AG:AG, (ROW()-2)*averages!$B5+2):INDEX(neos_benchmark!AG:AG, (ROW()-2)*averages!$B5+averages!$B5+1)), "") -> 0 | AH5: =IFERROR(_xlfn.STDEV.S(INDEX(neos_benchmark!AH:AH, (ROW()-2)*averages!$B5+2):INDEX(neos_benchmark!AH:AH, (ROW()-2)*averages!$B5+averages!$B5+1)), "") -> 0 | AI5: =IFERROR(_xlfn.STDEV.S(INDEX(neos_benchmark!AI:AI, (ROW()-2)*averages!$B5+2):INDEX(neos_benchmark!AI:AI, (ROW()-2)*averages!$B5+averages!$B5+1)), "") -> 414272.63 | AJ5: =IFERROR(_xlfn.STDEV.S(INDEX(neos_benchmark!AJ:AJ, (ROW()-2)*averages!$B5+2):INDEX(neos_benchmark!AJ:AJ, (ROW()-2)*averages!$B5+averages!$B5+1)), "") -> 414584.78 | AK5: {=IFERROR(_xlfn.STDEV.S(INDEX(neos_benchmark!W:W, (ROW()-2)*averages!$B5+2):INDEX(neos_benchmark!W:W, (ROW()-2)*averages!$B5+averages!$B5+1) + INDEX(neos_benchmark!AA:AA, (ROW()-2)*averages!$B5+2):INDEX(neos_benchmark!AA:AA, (ROW()-2)*averages!$B5+averages!$B5+1)), "")} -> 0.17562395 | AL5: {=IFERROR(_xlfn.STDEV.S((INDEX(neos_benchmark!AJ:AJ, (ROW()-2)*averages!$B5+2):INDEX(neos_benchmark!AJ:AJ, (ROW()-2)*averages!$B5+averages!$B5+1) - INDEX(neos_benchmark!AI:AI, (ROW()-2)*averages!$B5+2):INDEX(neos_benchmark!AI:AI, (ROW()-2)*averages!$B5+averages!$B5+1)) / 1000), "")} -> 5.4740386
A6: {=INDEX(neos_benchmark!A:A, (ROW()-2)*$B6+2)} -> five-link-phc-kelly | B6: =COUNTIF(neos_benchmark!A:A, neos_benchmark!A6) -> 10 | C6: {=INDEX(neos_benchmark!C:C, (ROW()-2)*$B6+2)} -> Ipopt | D6: {=INDEX(neos_benchmark!D:D, (ROW()-2)*$B6+2)} -> 3.14.12 | E6: {=INDEX(neos_benchmark!E:E, (ROW()-2)*$B6+2)} -> solved | F6: =IFERROR(_xlfn.STDEV.S(INDEX(neos_benchmark!F:F, (ROW()-2)*averages!$B6+2):INDEX(neos_benchmark!F:F, (ROW()-2)*averages!$B6+averages!$B6+1)), "") -> 0 | G6: =IFERROR(_xlfn.STDEV.S(INDEX(neos_benchmark!G:G, (ROW()-2)*averages!$B6+2):INDEX(neos_benchmark!G:G, (ROW()-2)*averages!$B6+averages!$B6+1)), "") -> 0 | H6: =IFERROR(_xlfn.STDEV.S(INDEX(neos_benchmark!H:H, (ROW()-2)*averages!$B6+2):INDEX(neos_benchmark!H:H, (ROW()-2)*averages!$B6+averages!$B6+1)), "") | I6: =IFERROR(_xlfn.STDEV.S(INDEX(neos_benchmark!I:I, (ROW()-2)*averages!$B6+2):INDEX(neos_benchmark!I:I, (ROW()-2)*averages!$B6+averages!$B6+1)), "") -> 0 | J6: =IFERROR(_xlfn.STDEV.S(INDEX(neos_benchmark!J:J, (ROW()-2)*averages!$B6+2):INDEX(neos_benchmark!J:J, (ROW()-2)*averages!$B6+averages!$B6+1)), "") -> 0 | K6: =IFERROR(_xlfn.STDEV.S(INDEX(neos_benchmark!K:K, (ROW()-2)*averages!$B6+2):INDEX(neos_benchmark!K:K, (ROW()-2)*averages!$B6+averages!$B6+1)), "") -> 0 | L6: =IFERROR(_xlfn.STDEV.S(INDEX(neos_benchmark!L:L, (ROW()-2)*averages!$B6+2):INDEX(neos_benchmark!L:L, (ROW()-2)*averages!$B6+averages!$B6+1)), "") -> 0 | M6: =IFERROR(_xlfn.STDEV.S(INDEX(neos_benchmark!M:M, (ROW()-2)*averages!$B6+2):INDEX(neos_benchmark!M:M, (ROW()-2)*averages!$B6+averages!$B6+1)), "") -> 0 | N6: =IFERROR(_xlfn.STDEV.S(INDEX(neos_benchmark!N:N, (ROW()-2)*averages!$B6+2):INDEX(neos_benchmark!N:N, (ROW()-2)*averages!$B6+averages!$B6+1)), "") -> 0 | O6: =IFERROR(_xlfn.STDEV.S(INDEX(neos_benchmark!O:O, (ROW()-2)*averages!$B6+2):INDEX(neos_benchmark!O:O, (ROW()-2)*averages!$B6+averages!$B6+1)), "") -> 0 | P6: =IFERROR(_xlfn.STDEV.S(INDEX(neos_benchmark!P:P, (ROW()-2)*averages!$B6+2):INDEX(neos_benchmark!P:P, (ROW()-2)*averages!$B6+averages!$B6+1)), "") -> 0 | Q6: =IFERROR(_xlfn.STDEV.S(INDEX(neos_benchmark!Q:Q, (ROW()-2)*averages!$B6+2):INDEX(neos_benchmark!Q:Q, (ROW()-2)*averages!$B6+averages!$B6+1)), "") -> 0 | R6: =IFERROR(_xlfn.STDEV.S(INDEX(neos_benchmark!R:R, (ROW()-2)*averages!$B6+2):INDEX(neos_benchmark!R:R, (ROW()-2)*averages!$B6+averages!$B6+1)), "") -> 0.030668297 | S6: =IFERROR(_xlfn.STDEV.S(INDEX(neos_benchmark!S:S, (ROW()-2)*averages!$B6+2):INDEX(neos_benchmark!S:S, (ROW()-2)*averages!$B6+averages!$B6+1)), "") -> 0.064292388 | T6: =IFERROR(_xlfn.STDEV.S(INDEX(neos_benchmark!T:T, (ROW()-2)*averages!$B6+2):INDEX(neos_benchmark!T:T, (ROW()-2)*averages!$B6+averages!$B6+1)), "") -> 0 | U6: =IFERROR(_xlfn.STDEV.S(INDEX(neos_benchmark!U:U, (ROW()-2)*averages!$B6+2):INDEX(neos_benchmark!U:U, (ROW()-2)*averages!$B6+averages!$B6+1)), "") -> 0 | V6: =IFERROR(_xlfn.STDEV.S(INDEX(neos_benchmark!V:V, (ROW()-2)*averages!$B6+2):INDEX(neos_benchmark!V:V, (ROW()-2)*averages!$B6+averages!$B6+1)), "") -> 0 | W6: =IFERROR(_xlfn.STDEV.S(INDEX(neos_benchmark!W:W, (ROW()-2)*averages!$B6+2):INDEX(neos_benchmark!W:W, (ROW()-2)*averages!$B6+averages!$B6+1)), "") -> 0.080650527 | X6: =IFERROR(_xlfn.STDEV.S(INDEX(neos_benchmark!X:X, (ROW()-2)*averages!$B6+2):INDEX(neos_benchmark!X:X, (ROW()-2)*averages!$B6+averages!$B6+1)), "") -> 0.0068858689 | Y6: =IFERROR(_xlfn.STDEV.S(INDEX(neos_benchmark!Y:Y, (ROW()-2)*averages!$B6+2):INDEX(neos_benchmark!Y:Y, (ROW()-2)*averages!$B6+averages!$B6+1)), "") -> 0.080474709 | Z6: =IFERROR(_xlfn.STDEV.S(INDEX(neos_benchmark!Z:Z, (ROW()-2)*averages!$B6+2):INDEX(neos_benchmark!Z:Z, (ROW()-2)*averages!$B6+averages!$B6+1)), "") -> 0.080792144 | AA6: =IFERROR(_xlfn.STDEV.S(INDEX(neos_benchmark!AA:AA, (ROW()-2)*averages!$B6+2):INDEX(neos_benchmark!AA:AA, (ROW()-2)*averages!$B6+averages!$B6+1)), "") -> 0.10755838 | AB6: =IFERROR(_xlfn.STDEV.S(INDEX(neos_benchmark!AB:AB, (ROW()-2)*averages!$B6+2):INDEX(neos_benchmark!AB:AB, (ROW()-2)*averages!$B6+averages!$B6+1)), "") -> 0.0040343393 | AC6: =IFERROR(_xlfn.STDEV.S(INDEX(neos_benchmark!AC:AC, (ROW()-2)*averages!$B6+2):INDEX(neos_benchmark!AC:AC, (ROW()-2)*averages!$B6+averages!$B6+1)), "") -> 0.1018427 | AD6: =IFERROR(_xlfn.STDEV.S(INDEX(neos_benchmark!AD:AD, (ROW()-2)*averages!$B6+2):INDEX(neos_benchmark!AD:AD, (ROW()-2)*averages!$B6+averages!$B6+1)), "") -> 0.10323852 | AE6: =IFERROR(_xlfn.STDEV.S(INDEX(neos_benchmark!AE:AE, (ROW()-2)*averages!$B6+2):INDEX(neos_benchmark!AE:AE, (ROW()-2)*averages!$B6+averages!$B6+1)), "") -> 0 | AF6: =IFERROR(_xlfn.STDEV.S(INDEX(neos_benchmark!AF:AF, (ROW()-2)*averages!$B6+2):INDEX(neos_benchmark!AF:AF, (ROW()-2)*averages!$B6+averages!$B6+1)), "") -> 0 | AG6: =IFERROR(_xlfn.STDEV.S(INDEX(neos_benchmark!AG:AG, (ROW()-2)*averages!$B6+2):INDEX(neos_benchmark!AG:AG, (ROW()-2)*averages!$B6+averages!$B6+1)), "") -> 0 | AH6: =IFERROR(_xlfn.STDEV.S(INDEX(neos_benchmark!AH:AH, (ROW()-2)*averages!$B6+2):INDEX(neos_benchmark!AH:AH, (ROW()-2)*averages!$B6+averages!$B6+1)), "") -> 0 | AI6: =IFERROR(_xlfn.STDEV.S(INDEX(neos_benchmark!AI:AI, (ROW()-2)*averages!$B6+2):INDEX(neos_benchmark!AI:AI, (ROW()-2)*averages!$B6+averages!$B6+1)), "") -> 410227.11 | AJ6: =IFERROR(_xlfn.STDEV.S(INDEX(neos_benchmark!AJ:AJ, (ROW()-2)*averages!$B6+2):INDEX(neos_benchmark!AJ:AJ, (ROW()-2)*averages!$B6+averages!$B6+1)), "") -> 411805.56 | AK6: {=IFERROR(_xlfn.STDEV.S(INDEX(neos_benchmark!W:W, (ROW()-2)*averages!$B6+2):INDEX(neos_benchmark!W:W, (ROW()-2)*averages!$B6+averages!$B6+1) + INDEX(neos_benchmark!AA:AA, (ROW()-2)*averages!$B6+2):INDEX(neos_benchmark!AA:AA, (ROW()-2)*averages!$B6+averages!$B6+1)), "")} -> 0.1860178 | AL6: {=IFERROR(_xlfn.STDEV.S((INDEX(neos_benchmark!AJ:AJ, (ROW()-2)*averages!$B6+2):INDEX(neos_benchmark!AJ:AJ, (ROW()-2)*averages!$B6+averages!$B6+1) - INDEX(neos_benchmark!AI:AI, (ROW()-2)*averages!$B6+2):INDEX(neos_benchmark!AI:AI, (ROW()-2)*averages!$B6+averages!$B6+1)) / 1000), "")} -> 4.4748948
A7: {=INDEX(neos_benchmark!A:A, (ROW()-2)*$B7+2)} -> five-link-tropic | B7: =COUNTIF(neos_benchmark!A:A, neos_benchmark!A7) -> 10 | C7: {=INDEX(neos_benchmark!C:C, (ROW()-2)*$B7+2)} -> Ipopt | D7: {=INDEX(neos_benchmark!D:D, (ROW()-2)*$B7+2)} -> 3.14.12 | E7: {=INDEX(neos_benchmark!E:E, (ROW()-2)*$B7+2)} -> solved | F7: =IFERROR(_xlfn.STDEV.S(INDEX(neos_benchmark!F:F, (ROW()-2)*averages!$B7+2):INDEX(neos_benchmark!F:F, (ROW()-2)*averages!$B7+averages!$B7+1)), "") -> 0 | G7: =IFERROR(_xlfn.STDEV.S(INDEX(neos_benchmark!G:G, (ROW()-2)*averages!$B7+2):INDEX(neos_benchmark!G:G, (ROW()-2)*averages!$B7+averages!$B7+1)), "") -> 9.3622226e-16 | H7: =IFERROR(_xlfn.STDEV.S(INDEX(neos_benchmark!H:H, (ROW()-2)*averages!$B7+2):INDEX(neos_benchmark!H:H, (ROW()-2)*averages!$B7+averages!$B7+1)), "") | I7: =IFERROR(_xlfn.STDEV.S(INDEX(neos_benchmark!I:I, (ROW()-2)*averages!$B7+2):INDEX(neos_benchmark!I:I, (ROW()-2)*averages!$B7+averages!$B7+1)), "") -> 0 | J7: =IFERROR(_xlfn.STDEV.S(INDEX(neos_benchmark!J:J, (ROW()-2)*averages!$B7+2):INDEX(neos_benchmark!J:J, (ROW()-2)*averages!$B7+averages!$B7+1)), "") -> 0 | K7: =IFERROR(_xlfn.STDEV.S(INDEX(neos_benchmark!K:K, (ROW()-2)*averages!$B7+2):INDEX(neos_benchmark!K:K, (ROW()-2)*averages!$B7+averages!$B7+1)), "") -> 0 | L7: =IFERROR(_xlfn.STDEV.S(INDEX(neos_benchmark!L:L, (ROW()-2)*averages!$B7+2):INDEX(neos_benchmark!L:L, (ROW()-2)*averages!$B7+averages!$B7+1)), "") -> 0 | M7: =IFERROR(_xlfn.STDEV.S(INDEX(neos_benchmark!M:M, (ROW()-2)*averages!$B7+2):INDEX(neos_benchmark!M:M, (ROW()-2)*averages!$B7+averages!$B7+1)), "") -> 0 | N7: =IFERROR(_xlfn.STDEV.S(INDEX(neos_benchmark!N:N, (ROW()-2)*averages!$B7+2):INDEX(neos_benchmark!N:N, (ROW()-2)*averages!$B7+averages!$B7+1)), "") -> 0 | O7: =IFERROR(_xlfn.STDEV.S(INDEX(neos_benchmark!O:O, (ROW()-2)*averages!$B7+2):INDEX(neos_benchmark!O:O, (ROW()-2)*averages!$B7+averages!$B7+1)), "") -> 0 | P7: =IFERROR(_xlfn.STDEV.S(INDEX(neos_benchmark!P:P, (ROW()-2)*averages!$B7+2):INDEX(neos_benchmark!P:P, (ROW()-2)*averages!$B7+averages!$B7+1)), "") -> 0 | Q7: =IFERROR(_xlfn.STDEV.S(INDEX(neos_benchmark!Q:Q, (ROW()-2)*averages!$B7+2):INDEX(neos_benchmark!Q:Q, (ROW()-2)*averages!$B7+averages!$B7+1)), "") -> 0 | R7: =IFERROR(_xlfn.STDEV.S(INDEX(neos_benchmark!R:R, (ROW()-2)*averages!$B7+2):INDEX(neos_benchmark!R:R, (ROW()-2)*averages!$B7+averages!$B7+1)), "") -> 2.7534906 | S7: =IFERROR(_xlfn.STDEV.S(INDEX(neos_benchmark!S:S, (ROW()-2)*averages!$B7+2):INDEX(neos_benchmark!S:S, (ROW()-2)*averages!$B7+averages!$B7+1)), "") -> 3.7499173 | T7: =IFERROR(_xlfn.STDEV.S(INDEX(neos_benchmark!T:T, (ROW()-2)*averages!$B7+2):INDEX(neos_benchmark!T:T, (ROW()-2)*averages!$B7+averages!$B7+1)), "") -> 0 | U7: =IFERROR(_xlfn.STDEV.S(INDEX(neos_benchmark!U:U, (ROW()-2)*averages!$B7+2):INDEX(neos_benchmark!U:U, (ROW()-2)*averages!$B7+averages!$B7+1)), "") -> 0 | V7: =IFERROR(_xlfn.STDEV.S(INDEX(neos_benchmark!V:V, (ROW()-2)*averages!$B7+2):INDEX(neos_benchmark!V:V, (ROW()-2)*averages!$B7+averages!$B7+1)), "") -> 0 | W7: =IFERROR(_xlfn.STDEV.S(INDEX(neos_benchmark!W:W, (ROW()-2)*averages!$B7+2):INDEX(neos_benchmark!W:W, (ROW()-2)*averages!$B7+averages!$B7+1)), "") -> 0.34794691 | X7: =IFERROR(_xlfn.STDEV.S(INDEX(neos_benchmark!X:X, (ROW()-2)*averages!$B7+2):INDEX(neos_benchmark!X:X, (ROW()-2)*averages!$B7+averages!$B7+1)), "") -> 0.032011637 | Y7: =IFERROR(_xlfn.STDEV.S(INDEX(neos_benchmark!Y:Y, (ROW()-2)*averages!$B7+2):INDEX(neos_benchmark!Y:Y, (ROW()-2)*averages!$B7+averages!$B7+1)), "") -> 0.32495039 | Z7: =IFERROR(_xlfn.STDEV.S(INDEX(neos_benchmark!Z:Z, (ROW()-2)*averages!$B7+2):INDEX(neos_benchmark!Z:Z, (ROW()-2)*averages!$B7+averages!$B7+1)), "") -> 0.34620489 | AA7: =IFERROR(_xlfn.STDEV.S(INDEX(neos_benchmark!AA:AA, (ROW()-2)*averages!$B7+2):INDEX(neos_benchmark!AA:AA, (ROW()-2)*averages!$B7+averages!$B7+1)), "") -> 6.3367618 | AB7: =IFERROR(_xlfn.STDEV.S(INDEX(neos_benchmark!AB:AB, (ROW()-2)*averages!$B7+2):INDEX(neos_benchmark!AB:AB, (ROW()-2)*averages!$B7+averages!$B7+1)), "") -> 0.0097882626 | AC7: =IFERROR(_xlfn.STDEV.S(INDEX(neos_benchmark!AC:AC, (ROW()-2)*averages!$B7+2):INDEX(neos_benchmark!AC:AC, (ROW()-2)*averages!$B7+averages!$B7+1)), "") -> 6.293678 | AD7: =IFERROR(_xlfn.STDEV.S(INDEX(neos_benchmark!AD:AD, (ROW()-2)*averages!$B7+2):INDEX(neos_benchmark!AD:AD, (ROW()-2)*averages!$B7+averages!$B7+1)), "") -> 6.3014293 | AE7: =IFERROR(_xlfn.STDEV.S(INDEX(neos_benchmark!AE:AE, (ROW()-2)*averages!$B7+2):INDEX(neos_benchmark!AE:AE, (ROW()-2)*averages!$B7+averages!$B7+1)), "") -> 0 | AF7: =IFERROR(_xlfn.STDEV.S(INDEX(neos_benchmark!AF:AF, (ROW()-2)*averages!$B7+2):INDEX(neos_benchmark!AF:AF, (ROW()-2)*averages!$B7+averages!$B7+1)), "") -> 0 | AG7: =IFERROR(_xlfn.STDEV.S(INDEX(neos_benchmark!AG:AG, (ROW()-2)*averages!$B7+2):INDEX(neos_benchmark!AG:AG, (ROW()-2)*averages!$B7+averages!$B7+1)), "") -> 0 | AH7: =IFERROR(_xlfn.STDEV.S(INDEX(neos_benchmark!AH:AH, (ROW()-2)*averages!$B7+2):INDEX(neos_benchmark!AH:AH, (ROW()-2)*averages!$B7+averages!$B7+1)), "") -> 0 | AI7: =IFERROR(_xlfn.STDEV.S(INDEX(neos_benchmark!AI:AI, (ROW()-2)*averages!$B7+2):INDEX(neos_benchmark!AI:AI, (ROW()-2)*averages!$B7+averages!$B7+1)), "") -> 316593.48 | AJ7: =IFERROR(_xlfn.STDEV.S(INDEX(neos_benchmark!AJ:AJ, (ROW()-2)*averages!$B7+2):INDEX(neos_benchmark!AJ:AJ, (ROW()-2)*averages!$B7+averages!$B7+1)), "") -> 329072.85 | AK7: {=IFERROR(_xlfn.STDEV.S(INDEX(neos_benchmark!W:W, (ROW()-2)*averages!$B7+2):INDEX(neos_benchmark!W:W, (ROW()-2)*averages!$B7+averages!$B7+1) + INDEX(neos_benchmark!AA:AA, (ROW()-2)*averages!$B7+2):INDEX(neos_benchmark!AA:AA, (ROW()-2)*averages!$B7+averages!$B7+1)), "")} -> 6.6626611 | AL7: {=IFERROR(_xlfn.STDEV.S((INDEX(neos_benchmark!AJ:AJ, (ROW()-2)*averages!$B7+2):INDEX(neos_benchmark!AJ:AJ, (ROW()-2)*averages!$B7+averages!$B7+1) - INDEX(neos_benchmark!AI:AI, (ROW()-2)*averages!$B7+2):INDEX(neos_benchmark!AI:AI, (ROW()-2)*averages!$B7+averages!$B7+1)) / 1000), "")} -> 18.252633
A8: {=INDEX(neos_benchmark!A:A, (ROW()-2)*$B8+2)} -> grasp-cbc | B8: =COUNTIF(neos_benchmark!A:A, neos_benchmark!A8) -> 10 | C8: {=INDEX(neos_benchmark!C:C, (ROW()-2)*$B8+2)} -> CBC | D8: {=INDEX(neos_benchmark!D:D, (ROW()-2)*$B8+2)} -> 2.10.10 | E8: {=INDEX(neos_benchmark!E:E, (ROW()-2)*$B8+2)} | F8: =IFERROR(_xlfn.STDEV.S(INDEX(neos_benchmark!F:F, (ROW()-2)*averages!$B8+2):INDEX(neos_benchmark!F:F, (ROW()-2)*averages!$B8+averages!$B8+1)), "") | G8: =IFERROR(_xlfn.STDEV.S(INDEX(neos_benchmark!G:G, (ROW()-2)*averages!$B8+2):INDEX(neos_benchmark!G:G, (ROW()-2)*averages!$B8+averages!$B8+1)), "") | H8: =IFERROR(_xlfn.STDEV.S(INDEX(neos_benchmark!H:H, (ROW()-2)*averages!$B8+2):INDEX(neos_benchmark!H:H, (ROW()-2)*averages!$B8+averages!$B8+1)), "") | I8: =IFERROR(_xlfn.STDEV.S(INDEX(neos_benchmark!I:I, (ROW()-2)*averages!$B8+2):INDEX(neos_benchmark!I:I, (ROW()-2)*averages!$B8+averages!$B8+1)), "") | J8: =IFERROR(_xlfn.STDEV.S(INDEX(neos_benchmark!J:J, (ROW()-2)*averages!$B8+2):INDEX(neos_benchmark!J:J, (ROW()-2)*averages!$B8+averages!$B8+1)), "") | K8: =IFERROR(_xlfn.STDEV.S(INDEX(neos_benchmark!K:K, (ROW()-2)*averages!$B8+2):INDEX(neos_benchmark!K:K, (ROW()-2)*averages!$B8+averages!$B8+1)), "") | L8: =IFERROR(_xlfn.STDEV.S(INDEX(neos_benchmark!L:L, (ROW()-2)*averages!$B8+2):INDEX(neos_benchmark!L:L, (ROW()-2)*averages!$B8+averages!$B8+1)), "") | M8: =IFERROR(_xlfn.STDEV.S(INDEX(neos_benchmark!M:M, (ROW()-2)*averages!$B8+2):INDEX(neos_benchmark!M:M, (ROW()-2)*averages!$B8+averages!$B8+1)), "") | N8: =IFERROR(_xlfn.STDEV.S(INDEX(neos_benchmark!N:N, (ROW()-2)*averages!$B8+2):INDEX(neos_benchmark!N:N, (ROW()-2)*averages!$B8+averages!$B8+1)), "") | O8: =IFERROR(_xlfn.STDEV.S(INDEX(neos_benchmark!O:O, (ROW()-2)*averages!$B8+2):INDEX(neos_benchmark!O:O, (ROW()-2)*averages!$B8+averages!$B8+1)), "") | P8: =IFERROR(_xlfn.STDEV.S(INDEX(neos_benchmark!P:P, (ROW()-2)*averages!$B8+2):INDEX(neos_benchmark!P:P, (ROW()-2)*averages!$B8+averages!$B8+1)), "") | Q8: =IFERROR(_xlfn.STDEV.S(INDEX(neos_benchmark!Q:Q, (ROW()-2)*averages!$B8+2):INDEX(neos_benchmark!Q:Q, (ROW()-2)*averages!$B8+averages!$B8+1)), "") | R8: =IFERROR(_xlfn.STDEV.S(INDEX(neos_benchmark!R:R, (ROW()-2)*averages!$B8+2):INDEX(neos_benchmark!R:R, (ROW()-2)*averages!$B8+averages!$B8+1)), "") | S8: =IFERROR(_xlfn.STDEV.S(INDEX(neos_benchmark!S:S, (ROW()-2)*averages!$B8+2):INDEX(neos_benchmark!S:S, (ROW()-2)*averages!$B8+averages!$B8+1)), "") | T8: =IFERROR(_xlfn.STDEV.S(INDEX(neos_benchmark!T:T, (ROW()-2)*averages!$B8+2):INDEX(neos_benchmark!T:T, (ROW()-2)*averages!$B8+averages!$B8+1)), "") | U8: =IFERROR(_xlfn.STDEV.S(INDEX(neos_benchmark!U:U, (ROW()-2)*averages!$B8+2):INDEX(neos_benchmark!U:U, (ROW()-2)*averages!$B8+averages!$B8+1)), "") | V8: =IFERROR(_xlfn.STDEV.S(INDEX(neos_benchmark!V:V, (ROW()-2)*averages!$B8+2):INDEX(neos_benchmark!V:V, (ROW()-2)*averages!$B8+averages!$B8+1)), "") | W8: =IFERROR(_xlfn.STDEV.S(INDEX(neos_benchmark!W:W, (ROW()-2)*averages!$B8+2):INDEX(neos_benchmark!W:W, (ROW()-2)*averages!$B8+averages!$B8+1)), "") | X8: =IFERROR(_xlfn.STDEV.S(INDEX(neos_benchmark!X:X, (ROW()-2)*averages!$B8+2):INDEX(neos_benchmark!X:X, (ROW()-2)*averages!$B8+averages!$B8+1)), "") | Y8: =IFERROR(_xlfn.STDEV.S(INDEX(neos_benchmark!Y:Y, (ROW()-2)*averages!$B8+2):INDEX(neos_benchmark!Y:Y, (ROW()-2)*averages!$B8+averages!$B8+1)), "") | Z8: =IFERROR(_xlfn.STDEV.S(INDEX(neos_benchmark!Z:Z, (ROW()-2)*averages!$B8+2):INDEX(neos_benchmark!Z:Z, (ROW()-2)*averages!$B8+averages!$B8+1)), "") | AA8: =IFERROR(_xlfn.STDEV.S(INDEX(neos_benchmark!AA:AA, (ROW()-2)*averages!$B8+2):INDEX(neos_benchmark!AA:AA, (ROW()-2)*averages!$B8+averages!$B8+1)), "") | AB8: =IFERROR(_xlfn.STDEV.S(INDEX(neos_benchmark!AB:AB, (ROW()-2)*averages!$B8+2):INDEX(neos_benchmark!AB:AB, (ROW()-2)*averages!$B8+averages!$B8+1)), "") | AC8: =IFERROR(_xlfn.STDEV.S(INDEX(neos_benchmark!AC:AC, (ROW()-2)*averages!$B8+2):INDEX(neos_benchmark!AC:AC, (ROW()-2)*averages!$B8+averages!$B8+1)), "") | AD8: =IFERROR(_xlfn.STDEV.S(INDEX(neos_benchmark!AD:AD, (ROW()-2)*averages!$B8+2):INDEX(neos_benchmark!AD:AD, (ROW()-2)*averages!$B8+averages!$B8+1)), "") | AE8: =IFERROR(_xlfn.STDEV.S(INDEX(neos_benchmark!AE:AE, (ROW()-2)*averages!$B8+2):INDEX(neos_benchmark!AE:AE, (ROW()-2)*averages!$B8+averages!$B8+1)), "") | AF8: =IFERROR(_xlfn.STDEV.S(INDEX(neos_benchmark!AF:AF, (ROW()-2)*averages!$B8+2):INDEX(neos_benchmark!AF:AF, (ROW()-2)*averages!$B8+averages!$B8+1)), "") | AG8: =IFERROR(_xlfn.STDEV.S(INDEX(neos_benchmark!AG:AG, (ROW()-2)*averages!$B8+2):INDEX(neos_benchmark!AG:AG, (ROW()-2)*averages!$B8+averages!$B8+1)), "") | AH8: =IFERROR(_xlfn.STDEV.S(INDEX(neos_benchmark!AH:AH, (ROW()-2)*averages!$B8+2):INDEX(neos_benchmark!AH:AH, (ROW()-2)*averages!$B8+averages!$B8+1)), "") | AI8: =IFERROR(_xlfn.STDEV.S(INDEX(neos_benchmark!AI:AI, (ROW()-2)*averages!$B8+2):INDEX(neos_benchmark!AI:AI, (ROW()-2)*averages!$B8+averages!$B8+1)), "") -> 446462.07 | AJ8: =IFERROR(_xlfn.STDEV.S(INDEX(neos_benchmark!AJ:AJ, (ROW()-2)*averages!$B8+2):INDEX(neos_benchmark!AJ:AJ, (ROW()-2)*averages!$B8+averages!$B8+1)), "") -> 455708.47 | AK8: {=IFERROR(_xlfn.STDEV.S(INDEX(neos_benchmark!W:W, (ROW()-2)*averages!$B8+2):INDEX(neos_benchmark!W:W, (ROW()-2)*averages!$B8+averages!$B8+1) + INDEX(neos_benchmark!AA:AA, (ROW()-2)*averages!$B8+2):INDEX(neos_benchmark!AA:AA, (ROW()-2)*averages!$B8+averages!$B8+1)), "")} -> 0 | AL8: {=IFERROR(_xlfn.STDEV.S((INDEX(neos_benchmark!AJ:AJ, (ROW()-2)*averages!$B8+2):INDEX(neos_benchmark!AJ:AJ, (ROW()-2)*averages!$B8+averages!$B8+1) - INDEX(neos_benchmark!AI:AI, (ROW()-2)*averages!$B8+2):INDEX(neos_benchmark!AI:AI, (ROW()-2)*averages!$B8+averages!$B8+1)) / 1000), "")} -> 17.042183
A9: {=INDEX(neos_benchmark!A:A, (ROW()-2)*$B9+2)} -> grasp-conopt | B9: =COUNTIF(neos_benchmark!A:A, neos_benchmark!A9) -> 10 | C9: {=INDEX(neos_benchmark!C:C, (ROW()-2)*$B9+2)} -> CONOPT | D9: {=INDEX(neos_benchmark!D:D, (ROW()-2)*$B9+2)} -> 4.38.1 | E9: {=INDEX(neos_benchmark!E:E, (ROW()-2)*$B9+2)} -> solved? | F9: =IFERROR(_xlfn.STDEV.S(INDEX(neos_benchmark!F:F, (ROW()-2)*averages!$B9+2):INDEX(neos_benchmark!F:F, (ROW()-2)*averages!$B9+averages!$B9+1)), "") -> 0 | G9: =IFERROR(_xlfn.STDEV.S(INDEX(neos_benchmark!G:G, (ROW()-2)*averages!$B9+2):INDEX(neos_benchmark!G:G, (ROW()-2)*averages!$B9+averages!$B9+1)), "") -> 0 | H9: =IFERROR(_xlfn.STDEV.S(INDEX(neos_benchmark!H:H, (ROW()-2)*averages!$B9+2):INDEX(neos_benchmark!H:H, (ROW()-2)*averages!$B9+averages!$B9+1)), "") | I9: =IFERROR(_xlfn.STDEV.S(INDEX(neos_benchmark!I:I, (ROW()-2)*averages!$B9+2):INDEX(neos_benchmark!I:I, (ROW()-2)*averages!$B9+averages!$B9+1)), "") | J9: =IFERROR(_xlfn.STDEV.S(INDEX(neos_benchmark!J:J, (ROW()-2)*averages!$B9+2):INDEX(neos_benchmark!J:J, (ROW()-2)*averages!$B9+averages!$B9+1)), "") | K9: =IFERROR(_xlfn.STDEV.S(INDEX(neos_benchmark!K:K, (ROW()-2)*averages!$B9+2):INDEX(neos_benchmark!K:K, (ROW()-2)*averages!$B9+averages!$B9+1)), "") | L9: =IFERROR(_xlfn.STDEV.S(INDEX(neos_benchmark!L:L, (ROW()-2)*averages!$B9+2):INDEX(neos_benchmark!L:L, (ROW()-2)*averages!$B9+averages!$B9+1)), "") | M9: =IFERROR(_xlfn.STDEV.S(INDEX(neos_benchmark!M:M, (ROW()-2)*averages!$B9+2):INDEX(neos_benchmark!M:M, (ROW()-2)*averages!$B9+averages!$B9+1)), "") | N9: =IFERROR(_xlfn.STDEV.S(INDEX(neos_benchmark!N:N, (ROW()-2)*averages!$B9+2):INDEX(neos_benchmark!N:N, (ROW()-2)*averages!$B9+averages!$B9+1)), "") | O9: =IFERROR(_xlfn.STDEV.S(INDEX(neos_benchmark!O:O, (ROW()-2)*averages!$B9+2):INDEX(neos_benchmark!O:O, (ROW()-2)*averages!$B9+averages!$B9+1)), "") | P9: =IFERROR(_xlfn.STDEV.S(INDEX(neos_benchmark!P:P, (ROW()-2)*averages!$B9+2):INDEX(neos_benchmark!P:P, (ROW()-2)*averages!$B9+averages!$B9+1)), "") | Q9: =IFERROR(_xlfn.STDEV.S(INDEX(neos_benchmark!Q:Q, (ROW()-2)*averages!$B9+2):INDEX(neos_benchmark!Q:Q, (ROW()-2)*averages!$B9+averages!$B9+1)), "") | R9: =IFERROR(_xlfn.STDEV.S(INDEX(neos_benchmark!R:R, (ROW()-2)*averages!$B9+2):INDEX(neos_benchmark!R:R, (ROW()-2)*averages!$B9+averages!$B9+1)), "") | S9: =IFERROR(_xlfn.STDEV.S(INDEX(neos_benchmark!S:S, (ROW()-2)*averages!$B9+2):INDEX(neos_benchmark!S:S, (ROW()-2)*averages!$B9+averages!$B9+1)), "") | T9: =IFERROR(_xlfn.STDEV.S(INDEX(neos_benchmark!T:T, (ROW()-2)*averages!$B9+2):INDEX(neos_benchmark!T:T, (ROW()-2)*averages!$B9+averages!$B9+1)), "") | U9: =IFERROR(_xlfn.STDEV.S(INDEX(neos_benchmark!U:U, (ROW()-2)*averages!$B9+2):INDEX(neos_benchmark!U:U, (ROW()-2)*averages!$B9+averages!$B9+1)), "") | V9: =IFERROR(_xlfn.STDEV.S(INDEX(neos_benchmark!V:V, (ROW()-2)*averages!$B9+2):INDEX(neos_benchmark!V:V, (ROW()-2)*averages!$B9+averages!$B9+1)), "") | W9: =IFERROR(_xlfn.STDEV.S(INDEX(neos_benchmark!W:W, (ROW()-2)*averages!$B9+2):INDEX(neos_benchmark!W:W, (ROW()-2)*averages!$B9+averages!$B9+1)), "") -> 0.037603912 | X9: =IFERROR(_xlfn.STDEV.S(INDEX(neos_benchmark!X:X, (ROW()-2)*averages!$B9+2):INDEX(neos_benchmark!X:X, (ROW()-2)*averages!$B9+averages!$B9+1)), "") -> 0.0061569652 | Y9: =IFERROR(_xlfn.STDEV.S(INDEX(neos_benchmark!Y:Y, (ROW()-2)*averages!$B9+2):INDEX(neos_benchmark!Y:Y, (ROW()-2)*averages!$B9+averages!$B9+1)), "") -> 0.03567796 | Z9: =IFERROR(_xlfn.STDEV.S(INDEX(neos_benchmark!Z:Z, (ROW()-2)*averages!$B9+2):INDEX(neos_benchmark!Z:Z, (ROW()-2)*averages!$B9+averages!$B9+1)), "") -> 0.038300258 | AA9: =IFERROR(_xlfn.STDEV.S(INDEX(neos_benchmark!AA:AA, (ROW()-2)*averages!$B9+2):INDEX(neos_benchmark!AA:AA, (ROW()-2)*averages!$B9+averages!$B9+1)), "") -> 0.043895131 | AB9: =IFERROR(_xlfn.STDEV.S(INDEX(neos_benchmark!AB:AB, (ROW()-2)*averages!$B9+2):INDEX(neos_benchmark!AB:AB, (ROW()-2)*averages!$B9+averages!$B9+1)), "") -> 0.0016200836 | AC9: =IFERROR(_xlfn.STDEV.S(INDEX(neos_benchmark!AC:AC, (ROW()-2)*averages!$B9+2):INDEX(neos_benchmark!AC:AC, (ROW()-2)*averages!$B9+averages!$B9+1)), "") -> 0.0012777655 | AD9: =IFERROR(_xlfn.STDEV.S(INDEX(neos_benchmark!AD:AD, (ROW()-2)*averages!$B9+2):INDEX(neos_benchmark!AD:AD, (ROW()-2)*averages!$B9+averages!$B9+1)), "") -> 0.0022884253 | AE9: =IFERROR(_xlfn.STDEV.S(INDEX(neos_benchmark!AE:AE, (ROW()-2)*averages!$B9+2):INDEX(neos_benchmark!AE:AE, (ROW()-2)*averages!$B9+averages!$B9+1)), "") -> 0 | AF9: =IFERROR(_xlfn.STDEV.S(INDEX(neos_benchmark!AF:AF, (ROW()-2)*averages!$B9+2):INDEX(neos_benchmark!AF:AF, (ROW()-2)*averages!$B9+averages!$B9+1)), "") -> 0 | AG9: =IFERROR(_xlfn.STDEV.S(INDEX(neos_benchmark!AG:AG, (ROW()-2)*averages!$B9+2):INDEX(neos_benchmark!AG:AG, (ROW()-2)*averages!$B9+averages!$B9+1)), "") -> 0 | AH9: =IFERROR(_xlfn.STDEV.S(INDEX(neos_benchmark!AH:AH, (ROW()-2)*averages!$B9+2):INDEX(neos_benchmark!AH:AH, (ROW()-2)*averages!$B9+averages!$B9+1)), "") -> 0 | AI9: =IFERROR(_xlfn.STDEV.S(INDEX(neos_benchmark!AI:AI, (ROW()-2)*averages!$B9+2):INDEX(neos_benchmark!AI:AI, (ROW()-2)*averages!$B9+averages!$B9+1)), "") -> 168944.1 | AJ9: =IFERROR(_xlfn.STDEV.S(INDEX(neos_benchmark!AJ:AJ, (ROW()-2)*averages!$B9+2):INDEX(neos_benchmark!AJ:AJ, (ROW()-2)*averages!$B9+averages!$B9+1)), "") -> 167958.3 | AK9: {=IFERROR(_xlfn.STDEV.S(INDEX(neos_benchmark!W:W, (ROW()-2)*averages!$B9+2):INDEX(neos_benchmark!W:W, (ROW()-2)*averages!$B9+averages!$B9+1) + INDEX(neos_benchmark!AA:AA, (ROW()-2)*averages!$B9+2):INDEX(neos_benchmark!AA:AA, (ROW()-2)*averages!$B9+averages!$B9+1)), "")} -> 0.073694674 | AL9: {=IFERROR(_xlfn.STDEV.S((INDEX(neos_benchmark!AJ:AJ, (ROW()-2)*averages!$B9+2):INDEX(neos_benchmark!AJ:AJ, (ROW()-2)*averages!$B9+averages!$B9+1) - INDEX(neos_benchmark!AI:AI, (ROW()-2)*averages!$B9+2):INDEX(neos_benchmark!AI:AI, (ROW()-2)*averages!$B9+averages!$B9+1)) / 1000), "")} -> 11.899177
A10: {=INDEX(neos_benchmark!A:A, (ROW()-2)*$B10+2)} -> grasp-gurobi | B10: =COUNTIF(neos_benchmark!A:A, neos_benchmark!A10) -> 10 | C10: {=INDEX(neos_benchmark!C:C, (ROW()-2)*$B10+2)} | D10: {=INDEX(neos_benchmark!D:D, (ROW()-2)*$B10+2)} | E10: {=INDEX(neos_benchmark!E:E, (ROW()-2)*$B10+2)} -> XML-RPC rejected | F10: =IFERROR(_xlfn.STDEV.S(INDEX(neos_benchmark!F:F, (ROW()-2)*averages!$B10+2):INDEX(neos_benchmark!F:F, (ROW()-2)*averages!$B10+averages!$B10+1)), "") | G10: =IFERROR(_xlfn.STDEV.S(INDEX(neos_benchmark!G:G, (ROW()-2)*averages!$B10+2):INDEX(neos_benchmark!G:G, (ROW()-2)*averages!$B10+averages!$B10+1)), "") | H10: =IFERROR(_xlfn.STDEV.S(INDEX(neos_benchmark!H:H, (ROW()-2)*averages!$B10+2):INDEX(neos_benchmark!H:H, (ROW()-2)*averages!$B10+averages!$B10+1)), "") | I10: =IFERROR(_xlfn.STDEV.S(INDEX(neos_benchmark!I:I, (ROW()-2)*averages!$B10+2):INDEX(neos_benchmark!I:I, (ROW()-2)*averages!$B10+averages!$B10+1)), "") | J10: =IFERROR(_xlfn.STDEV.S(INDEX(neos_benchmark!J:J, (ROW()-2)*averages!$B10+2):INDEX(neos_benchmark!J:J, (ROW()-2)*averages!$B10+averages!$B10+1)), "") | K10: =IFERROR(_xlfn.STDEV.S(INDEX(neos_benchmark!K:K, (ROW()-2)*averages!$B10+2):INDEX(neos_benchmark!K:K, (ROW()-2)*averages!$B10+averages!$B10+1)), "") | L10: =IFERROR(_xlfn.STDEV.S(INDEX(neos_benchmark!L:L, (ROW()-2)*averages!$B10+2):INDEX(neos_benchmark!L:L, (ROW()-2)*averages!$B10+averages!$B10+1)), "") | M10: =IFERROR(_xlfn.STDEV.S(INDEX(neos_benchmark!M:M, (ROW()-2)*averages!$B10+2):INDEX(neos_benchmark!M:M, (ROW()-2)*averages!$B10+averages!$B10+1)), "") | N10: =IFERROR(_xlfn.STDEV.S(INDEX(neos_benchmark!N:N, (ROW()-2)*averages!$B10+2):INDEX(neos_benchmark!N:N, (ROW()-2)*averages!$B10+averages!$B10+1)), "") | O10: =IFERROR(_xlfn.STDEV.S(INDEX(neos_benchmark!O:O, (ROW()-2)*averages!$B10+2):INDEX(neos_benchmark!O:O, (ROW()-2)*averages!$B10+averages!$B10+1)), "") | P10: =IFERROR(_xlfn.STDEV.S(INDEX(neos_benchmark!P:P, (ROW()-2)*averages!$B10+2):INDEX(neos_benchmark!P:P, (ROW()-2)*averages!$B10+averages!$B10+1)), "") | Q10: =IFERROR(_xlfn.STDEV.S(INDEX(neos_benchmark!Q:Q, (ROW()-2)*averages!$B10+2):INDEX(neos_benchmark!Q:Q, (ROW()-2)*averages!$B10+averages!$B10+1)), "") | R10: =IFERROR(_xlfn.STDEV.S(INDEX(neos_benchmark!R:R, (ROW()-2)*averages!$B10+2):INDEX(neos_benchmark!R:R, (ROW()-2)*averages!$B10+averages!$B10+1)), "") | S10: =IFERROR(_xlfn.STDEV.S(INDEX(neos_benchmark!S:S, (ROW()-2)*averages!$B10+2):INDEX(neos_benchmark!S:S, (ROW()-2)*averages!$B10+averages!$B10+1)), "") | T10: =IFERROR(_xlfn.STDEV.S(INDEX(neos_benchmark!T:T, (ROW()-2)*averages!$B10+2):INDEX(neos_benchmark!T:T, (ROW()-2)*averages!$B10+averages!$B10+1)), "") | U10: =IFERROR(_xlfn.STDEV.S(INDEX(neos_benchmark!U:U, (ROW()-2)*averages!$B10+2):INDEX(neos_benchmark!U:U, (ROW()-2)*averages!$B10+averages!$B10+1)), "") | V10: =IFERROR(_xlfn.STDEV.S(INDEX(neos_benchmark!V:V, (ROW()-2)*averages!$B10+2):INDEX(neos_benchmark!V:V, (ROW()-2)*averages!$B10+averages!$B10+1)), "") | W10: =IFERROR(_xlfn.STDEV.S(INDEX(neos_benchmark!W:W, (ROW()-2)*averages!$B10+2):INDEX(neos_benchmark!W:W, (ROW()-2)*averages!$B10+averages!$B10+1)), "") | X10: =IFERROR(_xlfn.STDEV.S(INDEX(neos_benchmark!X:X, (ROW()-2)*averages!$B10+2):INDEX(neos_benchmark!X:X, (ROW()-2)*averages!$B10+averages!$B10+1)), "") | Y10: =IFERROR(_xlfn.STDEV.S(INDEX(neos_benchmark!Y:Y, (ROW()-2)*averages!$B10+2):INDEX(neos_benchmark!Y:Y, (ROW()-2)*averages!$B10+averages!$B10+1)), "") | Z10: =IFERROR(_xlfn.STDEV.S(INDEX(neos_benchmark!Z:Z, (ROW()-2)*averages!$B10+2):INDEX(neos_benchmark!Z:Z, (ROW()-2)*averages!$B10+averages!$B10+1)), "") | AA10: =IFERROR(_xlfn.STDEV.S(INDEX(neos_benchmark!AA:AA, (ROW()-2)*averages!$B10+2):INDEX(neos_benchmark!AA:AA, (ROW()-2)*averages!$B10+averages!$B10+1)), "") | AB10: =IFERROR(_xlfn.STDEV.S(INDEX(neos_benchmark!AB:AB, (ROW()-2)*averages!$B10+2):INDEX(neos_benchmark!AB:AB, (ROW()-2)*averages!$B10+averages!$B10+1)), "") | AC10: =IFERROR(_xlfn.STDEV.S(INDEX(neos_benchmark!AC:AC, (ROW()-2)*averages!$B10+2):INDEX(neos_benchmark!AC:AC, (ROW()-2)*averages!$B10+averages!$B10+1)), "") | AD10: =IFERROR(_xlfn.STDEV.S(INDEX(neos_benchmark!AD:AD, (ROW()-2)*averages!$B10+2):INDEX(neos_benchmark!AD:AD, (ROW()-2)*averages!$B10+averages!$B10+1)), "") | AE10: =IFERROR(_xlfn.STDEV.S(INDEX(neos_benchmark!AE:AE, (ROW()-2)*averages!$B10+2):INDEX(neos_benchmark!AE:AE, (ROW()-2)*averages!$B10+averages!$B10+1)), "") | AF10: =IFERROR(_xlfn.STDEV.S(INDEX(neos_benchmark!AF:AF, (ROW()-2)*averages!$B10+2):INDEX(neos_benchmark!AF:AF, (ROW()-2)*averages!$B10+averages!$B10+1)), "") | AG10: =IFERROR(_xlfn.STDEV.S(INDEX(neos_benchmark!AG:AG, (ROW()-2)*averages!$B10+2):INDEX(neos_benchmark!AG:AG, (ROW()-2)*averages!$B10+averages!$B10+1)), "") | AH10: =IFERROR(_xlfn.STDEV.S(INDEX(neos_benchmark!AH:AH, (ROW()-2)*averages!$B10+2):INDEX(neos_benchmark!AH:AH, (ROW()-2)*averages!$B10+averages!$B10+1)), "") | AI10: =IFERROR(_xlfn.STDEV.S(INDEX(neos_benchmark!AI:AI, (ROW()-2)*averages!$B10+2):INDEX(neos_benchmark!AI:AI, (ROW()-2)*averages!$B10+averages!$B10+1)), "") -> 165471.41 | AJ10: =IFERROR(_xlfn.STDEV.S(INDEX(neos_benchmark!AJ:AJ, (ROW()-2)*averages!$B10+2):INDEX(neos_benchmark!AJ:AJ, (ROW()-2)*averages!$B10+averages!$B10+1)), "") -> 163685.92 | AK10: {=IFERROR(_xlfn.STDEV.S(INDEX(neos_benchmark!W:W, (ROW()-2)*averages!$B10+2):INDEX(neos_benchmark!W:W, (ROW()-2)*averages!$B10+averages!$B10+1) + INDEX(neos_benchmark!AA:AA, (ROW()-2)*averages!$B10+2):INDEX(neos_benchmark!AA:AA, (ROW()-2)*averages!$B10+averages!$B10+1)), "")} -> 0 | AL10: {=IFERROR(_xlfn.STDEV.S((INDEX(neos_benchmark!AJ:AJ, (ROW()-2)*averages!$B10+2):INDEX(neos_benchmark!AJ:AJ, (ROW()-2)*averages!$B10+averages!$B10+1) - INDEX(neos_benchmark!AI:AI, (ROW()-2)*averages!$B10+2):INDEX(neos_benchmark!AI:AI, (ROW()-2)*averages!$B10+averages!$B10+1)) / 1000), "")} -> 8.3782146
A11: {=INDEX(neos_benchmark!A:A, (ROW()-2)*$B11+2)} -> grasp-highs | B11: =COUNTIF(neos_benchmark!A:A, neos_benchmark!A11) -> 10 | C11: {=INDEX(neos_benchmark!C:C, (ROW()-2)*$B11+2)} -> HiGHS | D11: {=INDEX(neos_benchmark!D:D, (ROW()-2)*$B11+2)} -> 1.11.0 | E11: {=INDEX(neos_benchmark!E:E, (ROW()-2)*$B11+2)} -> failure | F11: =IFERROR(_xlfn.STDEV.S(INDEX(neos_benchmark!F:F, (ROW()-2)*averages!$B11+2):INDEX(neos_benchmark!F:F, (ROW()-2)*averages!$B11+averages!$B11+1)), "") -> 0 | G11: =IFERROR(_xlfn.STDEV.S(INDEX(neos_benchmark!G:G, (ROW()-2)*averages!$B11+2):INDEX(neos_benchmark!G:G, (ROW()-2)*averages!$B11+averages!$B11+1)), "") -> 0 | H11: =IFERROR(_xlfn.STDEV.S(INDEX(neos_benchmark!H:H, (ROW()-2)*averages!$B11+2):INDEX(neos_benchmark!H:H, (ROW()-2)*averages!$B11+averages!$B11+1)), "") | I11: =IFERROR(_xlfn.STDEV.S(INDEX(neos_benchmark!I:I, (ROW()-2)*averages!$B11+2):INDEX(neos_benchmark!I:I, (ROW()-2)*averages!$B11+averages!$B11+1)), "") | J11: =IFERROR(_xlfn.STDEV.S(INDEX(neos_benchmark!J:J, (ROW()-2)*averages!$B11+2):INDEX(neos_benchmark!J:J, (ROW()-2)*averages!$B11+averages!$B11+1)), "") | K11: =IFERROR(_xlfn.STDEV.S(INDEX(neos_benchmark!K:K, (ROW()-2)*averages!$B11+2):INDEX(neos_benchmark!K:K, (ROW()-2)*averages!$B11+averages!$B11+1)), "") | L11: =IFERROR(_xlfn.STDEV.S(INDEX(neos_benchmark!L:L, (ROW()-2)*averages!$B11+2):INDEX(neos_benchmark!L:L, (ROW()-2)*averages!$B11+averages!$B11+1)), "") | M11: =IFERROR(_xlfn.STDEV.S(INDEX(neos_benchmark!M:M, (ROW()-2)*averages!$B11+2):INDEX(neos_benchmark!M:M, (ROW()-2)*averages!$B11+averages!$B11+1)), "") | N11: =IFERROR(_xlfn.STDEV.S(INDEX(neos_benchmark!N:N, (ROW()-2)*averages!$B11+2):INDEX(neos_benchmark!N:N, (ROW()-2)*averages!$B11+averages!$B11+1)), "") | O11: =IFERROR(_xlfn.STDEV.S(INDEX(neos_benchmark!O:O, (ROW()-2)*averages!$B11+2):INDEX(neos_benchmark!O:O, (ROW()-2)*averages!$B11+averages!$B11+1)), "") | P11: =IFERROR(_xlfn.STDEV.S(INDEX(neos_benchmark!P:P, (ROW()-2)*averages!$B11+2):INDEX(neos_benchmark!P:P, (ROW()-2)*averages!$B11+averages!$B11+1)), "") | Q11: =IFERROR(_xlfn.STDEV.S(INDEX(neos_benchmark!Q:Q, (ROW()-2)*averages!$B11+2):INDEX(neos_benchmark!Q:Q, (ROW()-2)*averages!$B11+averages!$B11+1)), "") | R11: =IFERROR(_xlfn.STDEV.S(INDEX(neos_benchmark!R:R, (ROW()-2)*averages!$B11+2):INDEX(neos_benchmark!R:R, (ROW()-2)*averages!$B11+averages!$B11+1)), "") | S11: =IFERROR(_xlfn.STDEV.S(INDEX(neos_benchmark!S:S, (ROW()-2)*averages!$B11+2):INDEX(neos_benchmark!S:S, (ROW()-2)*averages!$B11+averages!$B11+1)), "") | T11: =IFERROR(_xlfn.STDEV.S(INDEX(neos_benchmark!T:T, (ROW()-2)*averages!$B11+2):INDEX(neos_benchmark!T:T, (ROW()-2)*averages!$B11+averages!$B11+1)), "") | U11: =IFERROR(_xlfn.STDEV.S(INDEX(neos_benchmark!U:U, (ROW()-2)*averages!$B11+2):INDEX(neos_benchmark!U:U, (ROW()-2)*averages!$B11+averages!$B11+1)), "") | V11: =IFERROR(_xlfn.STDEV.S(INDEX(neos_benchmark!V:V, (ROW()-2)*averages!$B11+2):INDEX(neos_benchmark!V:V, (ROW()-2)*averages!$B11+averages!$B11+1)), "") | W11: =IFERROR(_xlfn.STDEV.S(INDEX(neos_benchmark!W:W, (ROW()-2)*averages!$B11+2):INDEX(neos_benchmark!W:W, (ROW()-2)*averages!$B11+averages!$B11+1)), "") -> 0.037205656 | X11: =IFERROR(_xlfn.STDEV.S(INDEX(neos_benchmark!X:X, (ROW()-2)*averages!$B11+2):INDEX(neos_benchmark!X:X, (ROW()-2)*averages!$B11+averages!$B11+1)), "") -> 0.0035945714 | Y11: =IFERROR(_xlfn.STDEV.S(INDEX(neos_benchmark!Y:Y, (ROW()-2)*averages!$B11+2):INDEX(neos_benchmark!Y:Y, (ROW()-2)*averages!$B11+averages!$B11+1)), "") -> 0.036416499 | Z11: =IFERROR(_xlfn.STDEV.S(INDEX(neos_benchmark!Z:Z, (ROW()-2)*averages!$B11+2):INDEX(neos_benchmark!Z:Z, (ROW()-2)*averages!$B11+averages!$B11+1)), "") -> 0.037951653 | AA11: =IFERROR(_xlfn.STDEV.S(INDEX(neos_benchmark!AA:AA, (ROW()-2)*averages!$B11+2):INDEX(neos_benchmark!AA:AA, (ROW()-2)*averages!$B11+averages!$B11+1)), "") -> 0.025546848 | AB11: =IFERROR(_xlfn.STDEV.S(INDEX(neos_benchmark!AB:AB, (ROW()-2)*averages!$B11+2):INDEX(neos_benchmark!AB:AB, (ROW()-2)*averages!$B11+averages!$B11+1)), "") -> 0.0016032374 | AC11: =IFERROR(_xlfn.STDEV.S(INDEX(neos_benchmark!AC:AC, (ROW()-2)*averages!$B11+2):INDEX(neos_benchmark!AC:AC, (ROW()-2)*averages!$B11+averages!$B11+1)), "") -> 0.0017930836 | AD11: =IFERROR(_xlfn.STDEV.S(INDEX(neos_benchmark!AD:AD, (ROW()-2)*averages!$B11+2):INDEX(neos_benchmark!AD:AD, (ROW()-2)*averages!$B11+averages!$B11+1)), "") -> 0.0025907598 | AE11: =IFERROR(_xlfn.STDEV.S(INDEX(neos_benchmark!AE:AE, (ROW()-2)*averages!$B11+2):INDEX(neos_benchmark!AE:AE, (ROW()-2)*averages!$B11+averages!$B11+1)), "") -> 0 | AF11: =IFERROR(_xlfn.STDEV.S(INDEX(neos_benchmark!AF:AF, (ROW()-2)*averages!$B11+2):INDEX(neos_benchmark!AF:AF, (ROW()-2)*averages!$B11+averages!$B11+1)), "") -> 0 | AG11: =IFERROR(_xlfn.STDEV.S(INDEX(neos_benchmark!AG:AG, (ROW()-2)*averages!$B11+2):INDEX(neos_benchmark!AG:AG, (ROW()-2)*averages!$B11+averages!$B11+1)), "") -> 0 | AH11: =IFERROR(_xlfn.STDEV.S(INDEX(neos_benchmark!AH:AH, (ROW()-2)*averages!$B11+2):INDEX(neos_benchmark!AH:AH, (ROW()-2)*averages!$B11+averages!$B11+1)), "") -> 0 | AI11: =IFERROR(_xlfn.STDEV.S(INDEX(neos_benchmark!AI:AI, (ROW()-2)*averages!$B11+2):INDEX(neos_benchmark!AI:AI, (ROW()-2)*averages!$B11+averages!$B11+1)), "") -> 173723.27 | AJ11: =IFERROR(_xlfn.STDEV.S(INDEX(neos_benchmark!AJ:AJ, (ROW()-2)*averages!$B11+2):INDEX(neos_benchmark!AJ:AJ, (ROW()-2)*averages!$B11+averages!$B11+1)), "") -> 172458.74 | AK11: {=IFERROR(_xlfn.STDEV.S(INDEX(neos_benchmark!W:W, (ROW()-2)*averages!$B11+2):INDEX(neos_benchmark!W:W, (ROW()-2)*averages!$B11+averages!$B11+1) + INDEX(neos_benchmark!AA:AA, (ROW()-2)*averages!$B11+2):INDEX(neos_benchmark!AA:AA, (ROW()-2)*averages!$B11+averages!$B11+1)), "")} -> 0.057705234 | AL11: {=IFERROR(_xlfn.STDEV.S((INDEX(neos_benchmark!AJ:AJ, (ROW()-2)*averages!$B11+2):INDEX(neos_benchmark!AJ:AJ, (ROW()-2)*averages!$B11+averages!$B11+1) - INDEX(neos_benchmark!AI:AI, (ROW()-2)*averages!$B11+2):INDEX(neos_benchmark!AI:AI, (ROW()-2)*averages!$B11+averages!$B11+1)) / 1000), "")} -> 6.4668089
A12: {=INDEX(neos_benchmark!A:A, (ROW()-2)*$B12+2)} -> grasp-knitro | B12: =COUNTIF(neos_benchmark!A:A, neos_benchmark!A12) -> 10 | C12: {=INDEX(neos_benchmark!C:C, (ROW()-2)*$B12+2)} -> Knitro | D12: {=INDEX(neos_benchmark!D:D, (ROW()-2)*$B12+2)} -> 15.1.0 | E12: {=INDEX(neos_benchmark!E:E, (ROW()-2)*$B12+2)} -> solved | F12: =IFERROR(_xlfn.STDEV.S(INDEX(neos_benchmark!F:F, (ROW()-2)*averages!$B12+2):INDEX(neos_benchmark!F:F, (ROW()-2)*averages!$B12+averages!$B12+1)), "") -> 0 | G12: =IFERROR(_xlfn.STDEV.S(INDEX(neos_benchmark!G:G, (ROW()-2)*averages!$B12+2):INDEX(neos_benchmark!G:G, (ROW()-2)*averages!$B12+averages!$B12+1)), "") -> 0 | H12: =IFERROR(_xlfn.STDEV.S(INDEX(neos_benchmark!H:H, (ROW()-2)*averages!$B12+2):INDEX(neos_benchmark!H:H, (ROW()-2)*averages!$B12+averages!$B12+1)), "") | I12: =IFERROR(_xlfn.STDEV.S(INDEX(neos_benchmark!I:I, (ROW()-2)*averages!$B12+2):INDEX(neos_benchmark!I:I, (ROW()-2)*averages!$B12+averages!$B12+1)), "") | J12: =IFERROR(_xlfn.STDEV.S(INDEX(neos_benchmark!J:J, (ROW()-2)*averages!$B12+2):INDEX(neos_benchmark!J:J, (ROW()-2)*averages!$B12+averages!$B12+1)), "") | K12: =IFERROR(_xlfn.STDEV.S(INDEX(neos_benchmark!K:K, (ROW()-2)*averages!$B12+2):INDEX(neos_benchmark!K:K, (ROW()-2)*averages!$B12+averages!$B12+1)), "") | L12: =IFERROR(_xlfn.STDEV.S(INDEX(neos_benchmark!L:L, (ROW()-2)*averages!$B12+2):INDEX(neos_benchmark!L:L, (ROW()-2)*averages!$B12+averages!$B12+1)), "") | M12: =IFERROR(_xlfn.STDEV.S(INDEX(neos_benchmark!M:M, (ROW()-2)*averages!$B12+2):INDEX(neos_benchmark!M:M, (ROW()-2)*averages!$B12+averages!$B12+1)), "") | N12: =IFERROR(_xlfn.STDEV.S(INDEX(neos_benchmark!N:N, (ROW()-2)*averages!$B12+2):INDEX(neos_benchmark!N:N, (ROW()-2)*averages!$B12+averages!$B12+1)), "") | O12: =IFERROR(_xlfn.STDEV.S(INDEX(neos_benchmark!O:O, (ROW()-2)*averages!$B12+2):INDEX(neos_benchmark!O:O, (ROW()-2)*averages!$B12+averages!$B12+1)), "") | P12: =IFERROR(_xlfn.STDEV.S(INDEX(neos_benchmark!P:P, (ROW()-2)*averages!$B12+2):INDEX(neos_benchmark!P:P, (ROW()-2)*averages!$B12+averages!$B12+1)), "") | Q12: =IFERROR(_xlfn.STDEV.S(INDEX(neos_benchmark!Q:Q, (ROW()-2)*averages!$B12+2):INDEX(neos_benchmark!Q:Q, (ROW()-2)*averages!$B12+averages!$B12+1)), "") | R12: =IFERROR(_xlfn.STDEV.S(INDEX(neos_benchmark!R:R, (ROW()-2)*averages!$B12+2):INDEX(neos_benchmark!R:R, (ROW()-2)*averages!$B12+averages!$B12+1)), "") | S12: =IFERROR(_xlfn.STDEV.S(INDEX(neos_benchmark!S:S, (ROW()-2)*averages!$B12+2):INDEX(neos_benchmark!S:S, (ROW()-2)*averages!$B12+averages!$B12+1)), "") | T12: =IFERROR(_xlfn.STDEV.S(INDEX(neos_benchmark!T:T, (ROW()-2)*averages!$B12+2):INDEX(neos_benchmark!T:T, (ROW()-2)*averages!$B12+averages!$B12+1)), "") | U12: =IFERROR(_xlfn.STDEV.S(INDEX(neos_benchmark!U:U, (ROW()-2)*averages!$B12+2):INDEX(neos_benchmark!U:U, (ROW()-2)*averages!$B12+averages!$B12+1)), "") | V12: =IFERROR(_xlfn.STDEV.S(INDEX(neos_benchmark!V:V, (ROW()-2)*averages!$B12+2):INDEX(neos_benchmark!V:V, (ROW()-2)*averages!$B12+averages!$B12+1)), "") | W12: =IFERROR(_xlfn.STDEV.S(INDEX(neos_benchmark!W:W, (ROW()-2)*averages!$B12+2):INDEX(neos_benchmark!W:W, (ROW()-2)*averages!$B12+averages!$B12+1)), "") -> 0.58109343 | X12: =IFERROR(_xlfn.STDEV.S(INDEX(neos_benchmark!X:X, (ROW()-2)*averages!$B12+2):INDEX(neos_benchmark!X:X, (ROW()-2)*averages!$B12+averages!$B12+1)), "") -> 0.01772079 | Y12: =IFERROR(_xlfn.STDEV.S(INDEX(neos_benchmark!Y:Y, (ROW()-2)*averages!$B12+2):INDEX(neos_benchmark!Y:Y, (ROW()-2)*averages!$B12+averages!$B12+1)), "") -> 0.051595952 | Z12: =IFERROR(_xlfn.STDEV.S(INDEX(neos_benchmark!Z:Z, (ROW()-2)*averages!$B12+2):INDEX(neos_benchmark!Z:Z, (ROW()-2)*averages!$B12+averages!$B12+1)), "") -> 0.060162343 | AA12: =IFERROR(_xlfn.STDEV.S(INDEX(neos_benchmark!AA:AA, (ROW()-2)*averages!$B12+2):INDEX(neos_benchmark!AA:AA, (ROW()-2)*averages!$B12+averages!$B12+1)), "") -> 1.1144247 | AB12: =IFERROR(_xlfn.STDEV.S(INDEX(neos_benchmark!AB:AB, (ROW()-2)*averages!$B12+2):INDEX(neos_benchmark!AB:AB, (ROW()-2)*averages!$B12+averages!$B12+1)), "") -> 0.023592662 | AC12: =IFERROR(_xlfn.STDEV.S(INDEX(neos_benchmark!AC:AC, (ROW()-2)*averages!$B12+2):INDEX(neos_benchmark!AC:AC, (ROW()-2)*averages!$B12+averages!$B12+1)), "") -> 0.20525095 | AD12: =IFERROR(_xlfn.STDEV.S(INDEX(neos_benchmark!AD:AD, (ROW()-2)*averages!$B12+2):INDEX(neos_benchmark!AD:AD, (ROW()-2)*averages!$B12+averages!$B12+1)), "") -> 0.22873923 | AE12: =IFERROR(_xlfn.STDEV.S(INDEX(neos_benchmark!AE:AE, (ROW()-2)*averages!$B12+2):INDEX(neos_benchmark!AE:AE, (ROW()-2)*averages!$B12+averages!$B12+1)), "") -> 0 | AF12: =IFERROR(_xlfn.STDEV.S(INDEX(neos_benchmark!AF:AF, (ROW()-2)*averages!$B12+2):INDEX(neos_benchmark!AF:AF, (ROW()-2)*averages!$B12+averages!$B12+1)), "") -> 0 | AG12: =IFERROR(_xlfn.STDEV.S(INDEX(neos_benchmark!AG:AG, (ROW()-2)*averages!$B12+2):INDEX(neos_benchmark!AG:AG, (ROW()-2)*averages!$B12+averages!$B12+1)), "") -> 0 | AH12: =IFERROR(_xlfn.STDEV.S(INDEX(neos_benchmark!AH:AH, (ROW()-2)*averages!$B12+2):INDEX(neos_benchmark!AH:AH, (ROW()-2)*averages!$B12+averages!$B12+1)), "") -> 0 | AI12: =IFERROR(_xlfn.STDEV.S(INDEX(neos_benchmark!AI:AI, (ROW()-2)*averages!$B12+2):INDEX(neos_benchmark!AI:AI, (ROW()-2)*averages!$B12+averages!$B12+1)), "") -> 522184.12 | AJ12: =IFERROR(_xlfn.STDEV.S(INDEX(neos_benchmark!AJ:AJ, (ROW()-2)*averages!$B12+2):INDEX(neos_benchmark!AJ:AJ, (ROW()-2)*averages!$B12+averages!$B12+1)), "") -> 542943.87 | AK12: {=IFERROR(_xlfn.STDEV.S(INDEX(neos_benchmark!W:W, (ROW()-2)*averages!$B12+2):INDEX(neos_benchmark!W:W, (ROW()-2)*averages!$B12+averages!$B12+1) + INDEX(neos_benchmark!AA:AA, (ROW()-2)*averages!$B12+2):INDEX(neos_benchmark!AA:AA, (ROW()-2)*averages!$B12+averages!$B12+1)), "")} -> 1.6944098 | AL12: {=IFERROR(_xlfn.STDEV.S((INDEX(neos_benchmark!AJ:AJ, (ROW()-2)*averages!$B12+2):INDEX(neos_benchmark!AJ:AJ, (ROW()-2)*averages!$B12+averages!$B12+1) - INDEX(neos_benchmark!AI:AI, (ROW()-2)*averages!$B12+2):INDEX(neos_benchmark!AI:AI, (ROW()-2)*averages!$B12+averages!$B12+1)) / 1000), "")} -> 44.982768
A13: {=INDEX(neos_benchmark!A:A, (ROW()-2)*$B13+2)} -> grasp-raposa | B13: =COUNTIF(neos_benchmark!A:A, neos_benchmark!A13) -> 10 | C13: {=INDEX(neos_benchmark!C:C, (ROW()-2)*$B13+2)} -> RAPOSa | D13: {=INDEX(neos_benchmark!D:D, (ROW()-2)*$B13+2)} -> v4.4.1 | E13: {=INDEX(neos_benchmark!E:E, (ROW()-2)*$B13+2)} | F13: =IFERROR(_xlfn.STDEV.S(INDEX(neos_benchmark!F:F, (ROW()-2)*averages!$B13+2):INDEX(neos_benchmark!F:F, (ROW()-2)*averages!$B13+averages!$B13+1)), "") | G13: =IFERROR(_xlfn.STDEV.S(INDEX(neos_benchmark!G:G, (ROW()-2)*averages!$B13+2):INDEX(neos_benchmark!G:G, (ROW()-2)*averages!$B13+averages!$B13+1)), "") | H13: =IFERROR(_xlfn.STDEV.S(INDEX(neos_benchmark!H:H, (ROW()-2)*averages!$B13+2):INDEX(neos_benchmark!H:H, (ROW()-2)*averages!$B13+averages!$B13+1)), "") | I13: =IFERROR(_xlfn.STDEV.S(INDEX(neos_benchmark!I:I, (ROW()-2)*averages!$B13+2):INDEX(neos_benchmark!I:I, (ROW()-2)*averages!$B13+averages!$B13+1)), "") | J13: =IFERROR(_xlfn.STDEV.S(INDEX(neos_benchmark!J:J, (ROW()-2)*averages!$B13+2):INDEX(neos_benchmark!J:J, (ROW()-2)*averages!$B13+averages!$B13+1)), "") | K13: =IFERROR(_xlfn.STDEV.S(INDEX(neos_benchmark!K:K, (ROW()-2)*averages!$B13+2):INDEX(neos_benchmark!K:K, (ROW()-2)*averages!$B13+averages!$B13+1)), "") | L13: =IFERROR(_xlfn.STDEV.S(INDEX(neos_benchmark!L:L, (ROW()-2)*averages!$B13+2):INDEX(neos_benchmark!L:L, (ROW()-2)*averages!$B13+averages!$B13+1)), "") | M13: =IFERROR(_xlfn.STDEV.S(INDEX(neos_benchmark!M:M, (ROW()-2)*averages!$B13+2):INDEX(neos_benchmark!M:M, (ROW()-2)*averages!$B13+averages!$B13+1)), "") | N13: =IFERROR(_xlfn.STDEV.S(INDEX(neos_benchmark!N:N, (ROW()-2)*averages!$B13+2):INDEX(neos_benchmark!N:N, (ROW()-2)*averages!$B13+averages!$B13+1)), "") | O13: =IFERROR(_xlfn.STDEV.S(INDEX(neos_benchmark!O:O, (ROW()-2)*averages!$B13+2):INDEX(neos_benchmark!O:O, (ROW()-2)*averages!$B13+averages!$B13+1)), "") | P13: =IFERROR(_xlfn.STDEV.S(INDEX(neos_benchmark!P:P, (ROW()-2)*averages!$B13+2):INDEX(neos_benchmark!P:P, (ROW()-2)*averages!$B13+averages!$B13+1)), "") | Q13: =IFERROR(_xlfn.STDEV.S(INDEX(neos_benchmark!Q:Q, (ROW()-2)*averages!$B13+2):INDEX(neos_benchmark!Q:Q, (ROW()-2)*averages!$B13+averages!$B13+1)), "") | R13: =IFERROR(_xlfn.STDEV.S(INDEX(neos_benchmark!R:R, (ROW()-2)*averages!$B13+2):INDEX(neos_benchmark!R:R, (ROW()-2)*averages!$B13+averages!$B13+1)), "") | S13: =IFERROR(_xlfn.STDEV.S(INDEX(neos_benchmark!S:S, (ROW()-2)*averages!$B13+2):INDEX(neos_benchmark!S:S, (ROW()-2)*averages!$B13+averages!$B13+1)), "") | T13: =IFERROR(_xlfn.STDEV.S(INDEX(neos_benchmark!T:T, (ROW()-2)*averages!$B13+2):INDEX(neos_benchmark!T:T, (ROW()-2)*averages!$B13+averages!$B13+1)), "") | U13: =IFERROR(_xlfn.STDEV.S(INDEX(neos_benchmark!U:U, (ROW()-2)*averages!$B13+2):INDEX(neos_benchmark!U:U, (ROW()-2)*averages!$B13+averages!$B13+1)), "") | V13: =IFERROR(_xlfn.STDEV.S(INDEX(neos_benchmark!V:V, (ROW()-2)*averages!$B13+2):INDEX(neos_benchmark!V:V, (ROW()-2)*averages!$B13+averages!$B13+1)), "") | W13: =IFERROR(_xlfn.STDEV.S(INDEX(neos_benchmark!W:W, (ROW()-2)*averages!$B13+2):INDEX(neos_benchmark!W:W, (ROW()-2)*averages!$B13+averages!$B13+1)), "") | X13: =IFERROR(_xlfn.STDEV.S(INDEX(neos_benchmark!X:X, (ROW()-2)*averages!$B13+2):INDEX(neos_benchmark!X:X, (ROW()-2)*averages!$B13+averages!$B13+1)), "") | Y13: =IFERROR(_xlfn.STDEV.S(INDEX(neos_benchmark!Y:Y, (ROW()-2)*averages!$B13+2):INDEX(neos_benchmark!Y:Y, (ROW()-2)*averages!$B13+averages!$B13+1)), "") | Z13: =IFERROR(_xlfn.STDEV.S(INDEX(neos_benchmark!Z:Z, (ROW()-2)*averages!$B13+2):INDEX(neos_benchmark!Z:Z, (ROW()-2)*averages!$B13+averages!$B13+1)), "") | AA13: =IFERROR(_xlfn.STDEV.S(INDEX(neos_benchmark!AA:AA, (ROW()-2)*averages!$B13+2):INDEX(neos_benchmark!AA:AA, (ROW()-2)*averages!$B13+averages!$B13+1)), "") | AB13: =IFERROR(_xlfn.STDEV.S(INDEX(neos_benchmark!AB:AB, (ROW()-2)*averages!$B13+2):INDEX(neos_benchmark!AB:AB, (ROW()-2)*averages!$B13+averages!$B13+1)), "") | AC13: =IFERROR(_xlfn.STDEV.S(INDEX(neos_benchmark!AC:AC, (ROW()-2)*averages!$B13+2):INDEX(neos_benchmark!AC:AC, (ROW()-2)*averages!$B13+averages!$B13+1)), "") | AD13: =IFERROR(_xlfn.STDEV.S(INDEX(neos_benchmark!AD:AD, (ROW()-2)*averages!$B13+2):INDEX(neos_benchmark!AD:AD, (ROW()-2)*averages!$B13+averages!$B13+1)), "") | AE13: =IFERROR(_xlfn.STDEV.S(INDEX(neos_benchmark!AE:AE, (ROW()-2)*averages!$B13+2):INDEX(neos_benchmark!AE:AE, (ROW()-2)*averages!$B13+averages!$B13+1)), "") | AF13: =IFERROR(_xlfn.STDEV.S(INDEX(neos_benchmark!AF:AF, (ROW()-2)*averages!$B13+2):INDEX(neos_benchmark!AF:AF, (ROW()-2)*averages!$B13+averages!$B13+1)), "") | AG13: =IFERROR(_xlfn.STDEV.S(INDEX(neos_benchmark!AG:AG, (ROW()-2)*averages!$B13+2):INDEX(neos_benchmark!AG:AG, (ROW()-2)*averages!$B13+averages!$B13+1)), "") | AH13: =IFERROR(_xlfn.STDEV.S(INDEX(neos_benchmark!AH:AH, (ROW()-2)*averages!$B13+2):INDEX(neos_benchmark!AH:AH, (ROW()-2)*averages!$B13+averages!$B13+1)), "") | AI13: =IFERROR(_xlfn.STDEV.S(INDEX(neos_benchmark!AI:AI, (ROW()-2)*averages!$B13+2):INDEX(neos_benchmark!AI:AI, (ROW()-2)*averages!$B13+averages!$B13+1)), "") -> 156154.56 | AJ13: =IFERROR(_xlfn.STDEV.S(INDEX(neos_benchmark!AJ:AJ, (ROW()-2)*averages!$B13+2):INDEX(neos_benchmark!AJ:AJ, (ROW()-2)*averages!$B13+averages!$B13+1)), "") -> 173180.17 | AK13: {=IFERROR(_xlfn.STDEV.S(INDEX(neos_benchmark!W:W, (ROW()-2)*averages!$B13+2):INDEX(neos_benchmark!W:W, (ROW()-2)*averages!$B13+averages!$B13+1) + INDEX(neos_benchmark!AA:AA, (ROW()-2)*averages!$B13+2):INDEX(neos_benchmark!AA:AA, (ROW()-2)*averages!$B13+averages!$B13+1)), "")} -> 0 | AL13: {=IFERROR(_xlfn.STDEV.S((INDEX(neos_benchmark!AJ:AJ, (ROW()-2)*averages!$B13+2):INDEX(neos_benchmark!AJ:AJ, (ROW()-2)*averages!$B13+averages!$B13+1) - INDEX(neos_benchmark!AI:AI, (ROW()-2)*averages!$B13+2):INDEX(neos_benchmark!AI:AI, (ROW()-2)*averages!$B13+averages!$B13+1)) / 1000), "")} -> 24.808705
... A27: {=INDEX(neos_benchmark!A:A, (ROW()-2)*$B27+2)} -> spot-rk4 | B27: =COUNTIF(neos_benchmark!A:A, neos_benchmark!A27) -> 10 | C27: {=INDEX(neos_benchmark!C:C, (ROW()-2)*$B27+2)} | D27: {=INDEX(neos_benchmark!D:D, (ROW()-2)*$B27+2)} | E27: {=INDEX(neos_benchmark!E:E, (ROW()-2)*$B27+2)} | F27: =IFERROR(_xlfn.STDEV.S(INDEX(neos_benchmark!F:F, (ROW()-2)*averages!$B27+2):INDEX(neos_benchmark!F:F, (ROW()-2)*averages!$B27+averages!$B27+1)), "") -> 0 | G27: =IFERROR(_xlfn.STDEV.S(INDEX(neos_benchmark!G:G, (ROW()-2)*averages!$B27+2):INDEX(neos_benchmark!G:G, (ROW()-2)*averages!$B27+averages!$B27+1)), "") -> 0 | H27: =IFERROR(_xlfn.STDEV.S(INDEX(neos_benchmark!H:H, (ROW()-2)*averages!$B27+2):INDEX(neos_benchmark!H:H, (ROW()-2)*averages!$B27+averages!$B27+1)), "") -> 0 | I27: =IFERROR(_xlfn.STDEV.S(INDEX(neos_benchmark!I:I, (ROW()-2)*averages!$B27+2):INDEX(neos_benchmark!I:I, (ROW()-2)*averages!$B27+averages!$B27+1)), "") -> 0 | J27: =IFERROR(_xlfn.STDEV.S(INDEX(neos_benchmark!J:J, (ROW()-2)*averages!$B27+2):INDEX(neos_benchmark!J:J, (ROW()-2)*averages!$B27+averages!$B27+1)), "") -> 0 | K27: =IFERROR(_xlfn.STDEV.S(INDEX(neos_benchmark!K:K, (ROW()-2)*averages!$B27+2):INDEX(neos_benchmark!K:K, (ROW()-2)*averages!$B27+averages!$B27+1)), "") -> 0 | L27: =IFERROR(_xlfn.STDEV.S(INDEX(neos_benchmark!L:L, (ROW()-2)*averages!$B27+2):INDEX(neos_benchmark!L:L, (ROW()-2)*averages!$B27+averages!$B27+1)), "") -> 0 | M27: =IFERROR(_xlfn.STDEV.S(INDEX(neos_benchmark!M:M, (ROW()-2)*averages!$B27+2):INDEX(neos_benchmark!M:M, (ROW()-2)*averages!$B27+averages!$B27+1)), "") -> 0 | N27: =IFERROR(_xlfn.STDEV.S(INDEX(neos_benchmark!N:N, (ROW()-2)*averages!$B27+2):INDEX(neos_benchmark!N:N, (ROW()-2)*averages!$B27+averages!$B27+1)), "") -> 0 | O27: =IFERROR(_xlfn.STDEV.S(INDEX(neos_benchmark!O:O, (ROW()-2)*averages!$B27+2):INDEX(neos_benchmark!O:O, (ROW()-2)*averages!$B27+averages!$B27+1)), "") -> 0 | P27: =IFERROR(_xlfn.STDEV.S(INDEX(neos_benchmark!P:P, (ROW()-2)*averages!$B27+2):INDEX(neos_benchmark!P:P, (ROW()-2)*averages!$B27+averages!$B27+1)), "") -> 0 | Q27: =IFERROR(_xlfn.STDEV.S(INDEX(neos_benchmark!Q:Q, (ROW()-2)*averages!$B27+2):INDEX(neos_benchmark!Q:Q, (ROW()-2)*averages!$B27+averages!$B27+1)), "") -> 0 | R27: =IFERROR(_xlfn.STDEV.S(INDEX(neos_benchmark!R:R, (ROW()-2)*averages!$B27+2):INDEX(neos_benchmark!R:R, (ROW()-2)*averages!$B27+averages!$B27+1)), "") -> 1.1662357 | S27: =IFERROR(_xlfn.STDEV.S(INDEX(neos_benchmark!S:S, (ROW()-2)*averages!$B27+2):INDEX(neos_benchmark!S:S, (ROW()-2)*averages!$B27+averages!$B27+1)), "") -> 13.777097 | T27: =IFERROR(_xlfn.STDEV.S(INDEX(neos_benchmark!T:T, (ROW()-2)*averages!$B27+2):INDEX(neos_benchmark!T:T, (ROW()-2)*averages!$B27+averages!$B27+1)), "") -> 0 | U27: =IFERROR(_xlfn.STDEV.S(INDEX(neos_benchmark!U:U, (ROW()-2)*averages!$B27+2):INDEX(neos_benchmark!U:U, (ROW()-2)*averages!$B27+averages!$B27+1)), "") -> 0 | V27: =IFERROR(_xlfn.STDEV.S(INDEX(neos_benchmark!V:V, (ROW()-2)*averages!$B27+2):INDEX(neos_benchmark!V:V, (ROW()-2)*averages!$B27+averages!$B27+1)), "") -> 0 | W27: =IFERROR(_xlfn.STDEV.S(INDEX(neos_benchmark!W:W, (ROW()-2)*averages!$B27+2):INDEX(neos_benchmark!W:W, (ROW()-2)*averages!$B27+averages!$B27+1)), "") -> 0.72082225 | X27: =IFERROR(_xlfn.STDEV.S(INDEX(neos_benchmark!X:X, (ROW()-2)*averages!$B27+2):INDEX(neos_benchmark!X:X, (ROW()-2)*averages!$B27+averages!$B27+1)), "") -> 0.22562639 | Y27: =IFERROR(_xlfn.STDEV.S(INDEX(neos_benchmark!Y:Y, (ROW()-2)*averages!$B27+2):INDEX(neos_benchmark!Y:Y, (ROW()-2)*averages!$B27+averages!$B27+1)), "") -> 0.68850153 | Z27: =IFERROR(_xlfn.STDEV.S(INDEX(neos_benchmark!Z:Z, (ROW()-2)*averages!$B27+2):INDEX(neos_benchmark!Z:Z, (ROW()-2)*averages!$B27+averages!$B27+1)), "") -> 0.72098344 | AA27: =IFERROR(_xlfn.STDEV.S(INDEX(neos_benchmark!AA:AA, (ROW()-2)*averages!$B27+2):INDEX(neos_benchmark!AA:AA, (ROW()-2)*averages!$B27+averages!$B27+1)), "") -> 14.915763 | AB27: =IFERROR(_xlfn.STDEV.S(INDEX(neos_benchmark!AB:AB, (ROW()-2)*averages!$B27+2):INDEX(neos_benchmark!AB:AB, (ROW()-2)*averages!$B27+averages!$B27+1)), "") -> 0.24285085 | AC27: =IFERROR(_xlfn.STDEV.S(INDEX(neos_benchmark!AC:AC, (ROW()-2)*averages!$B27+2):INDEX(neos_benchmark!AC:AC, (ROW()-2)*averages!$B27+averages!$B27+1)), "") -> 14.799337 | AD27: =IFERROR(_xlfn.STDEV.S(INDEX(neos_benchmark!AD:AD, (ROW()-2)*averages!$B27+2):INDEX(neos_benchmark!AD:AD, (ROW()-2)*averages!$B27+averages!$B27+1)), "") -> 14.905654 | AE27: =IFERROR(_xlfn.STDEV.S(INDEX(neos_benchmark!AE:AE, (ROW()-2)*averages!$B27+2):INDEX(neos_benchmark!AE:AE, (ROW()-2)*averages!$B27+averages!$B27+1)), "") -> 0 | AF27: =IFERROR(_xlfn.STDEV.S(INDEX(neos_benchmark!AF:AF, (ROW()-2)*averages!$B27+2):INDEX(neos_benchmark!AF:AF, (ROW()-2)*averages!$B27+averages!$B27+1)), "") -> 0 | AG27: =IFERROR(_xlfn.STDEV.S(INDEX(neos_benchmark!AG:AG, (ROW()-2)*averages!$B27+2):INDEX(neos_benchmark!AG:AG, (ROW()-2)*averages!$B27+averages!$B27+1)), "") -> 0 | AH27: =IFERROR(_xlfn.STDEV.S(INDEX(neos_benchmark!AH:AH, (ROW()-2)*averages!$B27+2):INDEX(neos_benchmark!AH:AH, (ROW()-2)*averages!$B27+averages!$B27+1)), "") -> 0 | AI27: =IFERROR(_xlfn.STDEV.S(INDEX(neos_benchmark!AI:AI, (ROW()-2)*averages!$B27+2):INDEX(neos_benchmark!AI:AI, (ROW()-2)*averages!$B27+averages!$B27+1)), "") -> 577177.33 | AJ27: =IFERROR(_xlfn.STDEV.S(INDEX(neos_benchmark!AJ:AJ, (ROW()-2)*averages!$B27+2):INDEX(neos_benchmark!AJ:AJ, (ROW()-2)*averages!$B27+averages!$B27+1)), "") -> 593237.19 | AK27: {=IFERROR(_xlfn.STDEV.S(INDEX(neos_benchmark!W:W, (ROW()-2)*averages!$B27+2):INDEX(neos_benchmark!W:W, (ROW()-2)*averages!$B27+averages!$B27+1) + INDEX(neos_benchmark!AA:AA, (ROW()-2)*averages!$B27+2):INDEX(neos_benchmark!AA:AA, (ROW()-2)*averages!$B27+averages!$B27+1)), "")} -> 56.98133 | AL27: {=IFERROR(_xlfn.STDEV.S((INDEX(neos_benchmark!AJ:AJ, (ROW()-2)*averages!$B27+2):INDEX(neos_benchmark!AJ:AJ, (ROW()-2)*averages!$B27+averages!$B27+1) - INDEX(neos_benchmark!AI:AI, (ROW()-2)*averages!$B27+2):INDEX(neos_benchmark!AI:AI, (ROW()-2)*averages!$B27+averages!$B27+1)) / 1000), "")} -> 109.9375

Sheet table_pre
A1: Demo | B1: RK Method | C1: Initial Variables | D1: Presolve Variables | E1: Variables Relative Reduction | F1: Initial Constraints | G1: Presolve Constraints | H1: Constraints Relative Reduction | I1: Local/NEOS Wall Time | J1: NEOS Round Trip | K1: AMPL Time | L1: Solve Time | M1: Time Ratio
A2: acrobot | B2: TRAP | C2: =averages!AE2 -> 8779 | D2: =averages!AF2 -> 132 | E2: =IFERROR((C2 - D2) / C2, "") -> 0.98496412 | F2: =averages!AG2 -> 8824 | G2: =averages!AH2 -> 134 | H2: =IFERROR((F2 - G2) / F2, "") -> 0.98481414 | I2: =averages!AK2 -> 0.0780382 | J2: =averages!AN2 -> 61.5996 | K2: =averages!Z2 -> 0.0463603 | L2: =averages!AD2 -> 0.0347755 | M2: =IFERROR(K2/L2, "") -> 1.3331311
A3: cart-pendulum-time | B3: TRAP | C3: =averages!AE3 -> 4388 | D3: =averages!AF3 -> 80 | E3: =IFERROR((C3 - D3) / C3, "") -> 0.98176846 | F3: =averages!AG3 -> 4413 | G3: =averages!AH3 -> 74 | H3: =IFERROR((F3 - G3) / F3, "") -> 0.98323136 | I3: =averages!AK3 -> 0.072209 | J3: =averages!AN3 -> 27.4142 | K3: =averages!Z3 -> 0.0223044 | L3: =averages!AD3 -> 0.0524939 | M3: =IFERROR(K3/L3, "") -> 0.42489508
A4: cart-pendulum-utot | B4: TRAP | C4: =averages!AE4 -> 13169 | D4: =averages!AF4 -> 202 | E4: =IFERROR((C4 - D4) / C4, "") -> 0.98466095 | F4: =averages!AG4 -> 13234 | G4: =averages!AH4 -> 176 | H4: =IFERROR((F4 - G4) / F4, "") -> 0.98670092 | I4: =averages!AK4 -> 0.0900723 | J4: =averages!AN4 -> 22.3844 | K4: =averages!Z4 -> 0.0620051 | L4: =averages!AD4 -> 0.0308706 | M4: =IFERROR(K4/L4, "") -> 2.0085486
A5: five-link-mc-kelly | B5: HS | C5: =averages!AE5 -> 99109 | D5: =averages!AF5 -> 266 | E5: =IFERROR((C5 - D5) / C5, "") -> 0.99731609 | F5: =averages!AG5 -> 98877 | G5: =averages!AH5 -> 214 | H5: =IFERROR((F5 - G5) / F5, "") -> 0.99783569 | I5: =averages!AK5 -> 0.6868341 | J5: =averages!AN5 -> 10.1564 | K5: =averages!Z5 -> 0.5227415 | L5: =averages!AD5 -> 0.1651094 | M5: =IFERROR(K5/L5, "") -> 3.1660311
A6: five-link-phc-kelly | B6: HS | C6: =averages!AE6 -> 46821 | D6: =averages!AF6 -> 326 | E6: =IFERROR((C6 - D6) / C6, "") -> 0.99303731 | F6: =averages!AG6 -> 46820 | G6: =averages!AH6 -> 302 | H6: =IFERROR((F6 - G6) / F6, "") -> 0.99354977 | I6: =averages!AK6 -> 0.6616499 | J6: =averages!AN6 -> 12.4157 | K6: =averages!Z6 -> 0.30986 | L6: =averages!AD6 -> 0.3492725 | M6: =IFERROR(K6/L6, "") -> 0.88715831
A7: five-link-tropic | B7: HS | C7: =averages!AE7 -> 371155 | D7: =averages!AF7 -> 2345 | E7: =IFERROR((C7 - D7) / C7, "") -> 0.99368188 | F7: =averages!AG7 -> 372492 | G7: =averages!AH7 -> 2537 | H7: =IFERROR((F7 - G7) / F7, "") -> 0.99318912 | I7: =averages!AK7 -> 36.254462 | J7: =averages!AN7 -> 70.0112 | K7: =averages!Z7 -> 2.6315591 | L7: =averages!AD7 -> 33.52301 | M7: =IFERROR(K7/L7, "") -> 0.078500084
A8: grasp-cbc | B8: HS | C8: =averages!AE8 | D8: =averages!AF8 | E8: =IFERROR((C8 - D8) / C8, "") | F8: =averages!AG8 | G8: =averages!AH8 | H8: =IFERROR((F8 - G8) / F8, "") | I8: =averages!AK8 -> 0 | J8: =averages!AN8 -> 40.6489 | K8: =averages!Z8 | L8: =averages!AD8 | M8: =IFERROR(K8/L8, "")
A9: grasp-conopt | B9: N/A | C9: =averages!AE9 -> 29729 | D9: =averages!AF9 -> 73 | E9: =IFERROR((C9 - D9) / C9, "") -> 0.99754449 | F9: =averages!AG9 -> 29766 | G9: =averages!AH9 -> 80 | H9: =IFERROR((F9 - G9) / F9, "") -> 0.99731237 | I9: =averages!AK9 -> 0.1716142 | J9: =averages!AN9 -> 14.5982 | K9: =averages!Z9 -> 0.1543055 | L9: =averages!AD9 -> 0.0068347 | M9: =IFERROR(K9/L9, "") -> 22.576777
A10: grasp-gurobi | B10: N/A | C10: =averages!AE10 | D10: =averages!AF10 | E10: =IFERROR((C10 - D10) / C10, "") | F10: =averages!AG10 | G10: =averages!AH10 | H10: =IFERROR((F10 - G10) / F10, "") | I10: =averages!AK10 -> 0 | J10: =averages!AN10 -> 8.6437 | K10: =averages!Z10 | L10: =averages!AD10 | M10: =IFERROR(K10/L10, "")
A11: grasp-highs | B11: N/A | C11: =averages!AE11 -> 29729 | D11: =averages!AF11 -> 73 | E11: =IFERROR((C11 - D11) / C11, "") -> 0.99754449 | F11: =averages!AG11 -> 29766 | G11: =averages!AH11 -> 80 | H11: =IFERROR((F11 - G11) / F11, "") -> 0.99731237 | I11: =averages!AK11 -> 0.1628893 | J11: =averages!AN11 -> 9.3769 | K11: =averages!Z11 -> 0.1486439 | L11: =averages!AD11 -> 0.0095829 | M11: =IFERROR(K11/L11, "") -> 15.511369
A12: grasp-knitro | B12: N/A | C12: =averages!AE12 -> 29729 | D12: =averages!AF12 -> 73 | E12: =IFERROR((C12 - D12) / C12, "") -> 0.99754449 | F12: =averages!AG12 -> 29766 | G12: =averages!AH12 -> 80 | H12: =IFERROR((F12 - G12) / F12, "") -> 0.99731237 | I12: =averages!AK12 -> 0.7068212 | J12: =averages!AN12 -> 25.7546 | K12: =averages!Z12 -> 0.1691666 | L12: =averages!AD12 -> 0.0919337 | M12: =IFERROR(K12/L12, "") -> 1.8400935
A13: grasp-raposa | B13: N/A | C13: =averages!AE13 | D13: =averages!AF13 | E13: =IFERROR((C13 - D13) / C13, "") | F13: =averages!AG13 | G13: =averages!AH13 | H13: =IFERROR((F13 - G13) / F13, "") | I13: =averages!AK13 -> 0 | J13: =averages!AN13 -> 36.0773 | K13: =averages!Z13 | L13: =averages!AD13 | M13: =IFERROR(K13/L13, "")
... A27: spot-rk4 | B27: RK4 | C27: =averages!AE27 -> 2460541 | D27: =averages!AF27 -> 14836 | E27: =IFERROR((C27 - D27) / C27, "") -> 0.99397043 | F27: =averages!AG27 -> 2467453 | G27: =averages!AH27 -> 14690 | H27: =IFERROR((F27 - G27) / F27, "") -> 0.99404649 | I27: =averages!AK27 -> 157.07775 | J27: =averages!AN27 -> 267.9932 | K27: =averages!Z27 -> 24.623715 | L27: =averages!AD27 -> 149.40862 | M27: =IFERROR(K27/L27, "") -> 0.16480786

Sheet table_ns
A1: Demo | B1: Elapsed Time | C1: Elapsed Time Min | D1: Elapsed Time Max | E1: Elapsed Time Std. Dev.
A2: acrobat | B2: =averages!AN2 -> 61.5996 | C2: =averages!AO2 -> 3.965 | D2: =averages!AP2 -> 254.227 | E2: ='std. dev'!AL2 -> 101.30911
A3: cart-pole (force) | B3: =averages!AN4 -> 22.3844 | C3: =averages!AO4 -> 4.453 | D3: =averages!AP4 -> 136.307 | E3: ='std. dev'!AL4 -> 40.323932
A4: cart-pole (time) | B4: =averages!AN3 -> 27.4142 | C4: =averages!AO3 -> 4.605 | D4: =averages!AP3 -> 102.771 | E4: ='std. dev'!AL3 -> 36.953492
A5: moving block | B5: =averages!AN10 -> 8.6437 | C5: =averages!AO10 -> 2.394 | D5: =averages!AP10 -> 25.786 | E5: ='std. dev'!AL10 -> 8.3782146
A6: five-link biped | B6: =averages!AN5 -> 10.1564 | C6: =averages!AO5 -> 5.603 | D6: =averages!AP5 -> 21.165 | E6: ='std. dev'!AL5 -> 5.4740386
A7: five-link biped (phc) | B7: =averages!AN6 -> 12.4157 | C7: =averages!AO6 -> 6.426 | D7: =averages!AP6 -> 17.665 | E7: ='std. dev'!AL6 -> 4.4748948
A8: planar 7-DOF biped | B8: =averages!AN7 -> 70.0112 | C8: =averages!AO7 -> 43.081 | D8: =averages!AP7 -> 99.629 | E8: ='std. dev'!AL7 -> 18.252633
A9: grasp | B9: =averages!AN8 -> 40.6489 | C9: =averages!AO8 -> 12.898 | D9: =averages!AP8 -> 73.422 | E9: ='std. dev'!AL8 -> 17.042183
A10: kinematic car | B10: =averages!AN9 -> 14.5982 | C10: =averages!AO9 -> 4.718 | D10: =averages!AP9 -> 35.549 | E10: ='std. dev'!AL9 -> 11.899177
A11: spot | B11: =averages!AN11 -> 9.3769 | C11: =averages!AO11 -> 4.888 | D11: =averages!AP11 -> 27.017 | E11: ='std. dev'!AL11 -> 6.4668089
A12: spot | B12: =averages!AN12 -> 25.7546 | C12: =averages!AO12 -> 4.954 | D12: =averages!AP12 -> 152.759 | E12: ='std. dev'!AL12 -> 44.982768
A13: spot | B13: =averages!AN13 -> 36.0773 | C13: =averages!AO13 -> 18.143 | D13: =averages!AP13 -> 96.789 | E13: ='std. dev'!AL13 -> 24.808705

Sheet table_kc
A1: Demo | B1: Library | C1: Solver | D1: RK Method | E1: Converged? | F1: Objective | G1: Wall Time (s) | H1: Wall Time Min | I1: Wall Time Max | J1: Wall Time Std. Dev | K1: Iterates | L1: # Vars. | M1: # Eq. Cons. | N1: # of Ineq. Constr. | O1: Order | P1: Model
A2: Kinematic Car | B2: Amplify | C2: =_xlfn.TEXTAFTER(P2,"-", -1) -> conopt | D2: TRAP | E2: =averages!E15 -> solved? | F2: =averages!G15 -> 1.9590243 | G2: =averages!AK15 -> 0.1826606 | H2: =averages!AL15 -> 0.138158 | I2: =averages!AM15 -> 0.256048 | J2: ='std. dev'!AK15 -> 0.038757378 | K2: =averages!I15 | L2: =averages!T15 | M2: =averages!U15 | N2: =averages!V15 | P2: =averages!A15 -> kinematic-car-conopt
A3: Kinematic Car | B3: Amplify | C3: =_xlfn.TEXTAFTER(P3,"-", -1) -> filter | D3: TRAP | E3: =averages!E16 -> infeasible | F3: =averages!G16 -> 0 | G3: =averages!AK16 -> 0.1012458 | H3: =averages!AL16 -> 0.079641 | I3: =averages!AM16 -> 0.134326 | J3: ='std. dev'!AK16 -> 0.021557363 | K3: =averages!I16 | L3: =averages!T16 | M3: =averages!U16 | N3: =averages!V16 | P3: =averages!A16 -> kinematic-car-filter
A4: Kinematic Car | B4: Amplify | C4: =_xlfn.TEXTAFTER(P4,"-", -1) -> gurobi | D4: TRAP | E4: =averages!E17 -> XML-RPC rejected | F4: =averages!G17 | G4: =averages!AK17 -> 0 | H4: =averages!AL17 -> 0 | I4: =averages!AM17 -> 0 | J4: ='std. dev'!AK17 -> 0 | K4: =averages!I17 | L4: =averages!T17 | M4: =averages!U17 | N4: =averages!V17 | P4: =averages!A17 -> kinematic-car-gurobi
A5: Kinematic Car | B5: Amplify | C5: =_xlfn.TEXTAFTER(P5,"-", -1) -> ipopt | D5: TRAP | E5: =averages!E18 -> solved | F5: =averages!G18 -> 1.9589705 | G5: =averages!AK18 -> 0.5132891 | H5: =averages!AL18 -> 0.338724 | I5: =averages!AM18 -> 0.725229 | J5: ='std. dev'!AK18 -> 0.1689336 | K5: =averages!I18 -> 70 | L5: =averages!T18 -> 391 | M5: =averages!U18 -> 341 | N5: =averages!V18 -> 0 | P5: =averages!A18 -> kinematic-car-ipopt
A6: Kinematic Car | B6: Amplify | C6: =_xlfn.TEXTAFTER(P6,"-", -1) -> knitro | D6: TRAP | E6: =averages!E19 | F6: =averages!G19 | G6: =averages!AK19 -> 0 | H6: =averages!AL19 -> 0 | I6: =averages!AM19 -> 0 | J6: ='std. dev'!AK19 -> 0 | K6: =averages!I19 | L6: =averages!T19 | M6: =averages!U19 | N6: =averages!V19 | P6: =averages!A19 -> kinematic-car-knitro
A7: Kinematic Car | B7: Amplify | C7: =_xlfn.TEXTAFTER(P7,"-", -1) -> lancelot | D7: TRAP | E7: =averages!E20 -> failure | F7: =averages!G20 -> 0 | G7: =averages!AK20 -> 0.0960462 | H7: =averages!AL20 -> 0.075784 | I7: =averages!AM20 -> 0.133862 | J7: ='std. dev'!AK20 -> 0.019913073 | K7: =averages!I20 | L7: =averages!T20 | M7: =averages!U20 | N7: =averages!V20 | P7: =averages!A20 -> kinematic-car-lancelot
A8: Kinematic Car | B8: Amplify | C8: =_xlfn.TEXTAFTER(P8,"-", -1) -> loqo | D8: TRAP | E8: =averages!E21 -> solved | F8: =averages!G21 -> 1.9589704 | G8: =averages!AK21 -> 0.2093149 | H8: =averages!AL21 -> 0.135462 | I8: =averages!AM21 -> 0.270679 | J8: ='std. dev'!AK21 -> 0.051380177 | K8: =averages!I21 | L8: =averages!T21 | M8: =averages!U21 | N8: =averages!V21 | P8: =averages!A21 -> kinematic-car-loqo
A9: Kinematic Car | B9: Amplify | C9: =_xlfn.TEXTAFTER(P9,"-", -1) -> minos | D9: TRAP | E9: =averages!E22 -> infeasible | F9: =averages!G22 -> 0 | G9: =averages!AK22 -> 0.1102377 | H9: =averages!AL22 -> 0.093435 | I9: =averages!AM22 -> 0.12802 | J9: ='std. dev'!AK22 -> 0.011377117 | K9: =averages!I22 | L9: =averages!T22 | M9: =averages!U22 | N9: =averages!V22 | P9: =averages!A22 -> kinematic-car-minos
A10: Kinematic Car | B10: Amplify | C10: =_xlfn.TEXTAFTER(P10,"-", -1) -> snopt | D10: TRAP | E10: =averages!E23 -> infeasible | F10: =averages!G23 -> 0 | G10: =averages!AK23 -> 0.1081882 | H10: =averages!AL23 -> 0.07572 | I10: =averages!AM23 -> 0.135187 | J10: ='std. dev'!AK23 -> 0.024826733 | K10: =averages!I23 | L10: =averages!T23 | M10: =averages!U23 | N10: =averages!V23 | P10: =averages!A23 -> kinematic-car-snopt
